Title,Channel,Views,Likes,Comments,Licensed,official_video,Stream,Artist_Track
dvrst - dream space. speed up,qfxs,736189.0,11935.0,147.0,False,False,6207675.0,DVRST-Dream Space - Sped Up
Slipknot - Wait And Bleed [OFFICIAL VIDEO] [HD],Slipknot,132263461.0,696184.0,30426.0,True,True,297647780.0,Slipknot-Wait and Bleed
Hercules | Zero to Hero | Lyric Video | Disney Sing Along,Disney,43190273.0,179776.0,0.0,True,True,101142300.0,Disney-Zero To Hero
Papercut [Official HD Music Video] - Linkin Park,Linkin Park,240834555.0,1400306.0,50003.0,True,True,345142662.0,Linkin Park-Papercut
Mari Fernandez e @MuriloHuff - RESPEITA SEU EX [Video Oficial],Mari Fernandez,6099477.0,59861.0,1096.0,False,True,10739685.0,Mari Fernandez-Respeita Seu Ex
SUMMER TIME SADNESS HARDSTYLE,SICK LEGEND - Topic,23719.0,362.0,0.0,True,True,10838254.0,SICK LEGEND-SUMMER TIME SADNESS HARDSTYLE
More Than A Woman (SG's Paradise Edit),Bee Gees - Topic,2983334.0,44533.0,20.0,True,True,44849235.0,Bee Gees-More Than A Woman - SG's Paradise Edit
blink-182 - What's My Age Again? (Official Music Video),blink182VEVO,91222822.0,498740.0,28347.0,True,True,521711460.0,blink-182-What's My Age Again?
Rosa Linn - SNAP (Luca Schreiner Remix),LubeniaRecords,236213.0,3122.0,28.0,False,False,11311812.0,Rosa Linn-SNAP - Luca Schreiner Remix
Daddy Yankee & Snow - Con Calma (Video Oficial),Daddy Yankee,2626439287.0,13036596.0,384865.0,False,True,1170562263.0,Daddy Yankee-Con Calma
INTERWORLD - METAMORPHOSIS (KUTE Remix) (Music Video),KUTE,278703.0,10738.0,352.0,False,True,1652333.0,INTERWORLD-METAMORPHOSIS - KUTE Remix
Saturday Night Fever - More Than A Woman (Bee Gees),frontera2032,35040291.0,161399.0,6596.0,False,False,361014530.0,"Bee Gees-More Than A Woman - From ""Saturday Night Fever"" Soundtrack"
Beyoncé - ENERGY (Official Lyric Video),BeyoncéVEVO,5840552.0,72908.0,3391.0,True,True,71933137.0,Beyoncé-ENERGY (feat. Beam)
"Maná - ""Mi Verdad"" a dueto con Shakira (Video Oficial)",OficialMana,356859999.0,1256007.0,29723.0,True,True,231730622.0,Maná-Mi Verdad (feat. Shakira)
ONLY GIRL HARDSTYLE,SICK LEGEND - Topic,6533.0,88.0,0.0,True,True,6873961.0,SICK LEGEND-ONLY GIRL HARDSTYLE
Billy Joel - Movin' Out (Anthony's Song) (from Old Grey Whistle Test),billyjoelVEVO,2390090.0,23345.0,994.0,True,True,99456533.0,Billy Joel-Movin' Out (Anthony's Song)
blink-182 - Stay Together For The Kids,blink182VEVO,89303151.0,398587.0,20026.0,True,True,105326686.0,blink-182-Stay Together For The Kids
Stevie Wonder - For Once In My Life,johnniewalker23,10910410.0,69292.0,2238.0,False,False,263538605.0,Stevie Wonder-For Once In My Life
Tujhme Rab Dikhta Hai by Shreya Ghoshal live at Sony Project Resound Concert,KEGE ENTERTAINMENT,4548435.0,96196.0,1724.0,False,False,25942155.0,Shreya Ghoshal-Tujh Mein Rab Dikhta Hai - Ii
"Stevie Wonder - Signed, Sealed, Delivered I'm Yours",StevieWonderVEVO,1305010.0,12815.0,383.0,True,True,473098408.0,"Stevie Wonder-Signed, Sealed, Delivered (I'm Yours)"
Ludovico Einaudi - Nuvole Bianche (Official Music Video),LudovicoEinaudiVEVO,12422512.0,114821.0,4830.0,True,True,312614767.0,Ludovico Einaudi-Nuvole Bianche
"Tyga, Jhené Aiko, Pop Smoke - Sunshine (Official Video)",TygaVEVO,22265436.0,481668.0,11434.0,True,True,33689823.0,Jhené Aiko-Sunshine
Juanes - Para Tu Amor (Official Music Video),JuanesVEVO,131030317.0,550734.0,16276.0,True,True,88702739.0,Juanes-Para Tu Amor
Dr. Dre - Keep Their Heads Ringin' (Official Video) [Explicit],UPROXX Video,7735120.0,84144.0,2156.0,False,False,122828295.0,Dr. Dre-Keep Their Heads Ringin'
"Metro Boomin, Travis Scott, 21 Savage - Niagara Falls (Foot or 2) (Visualizer)",MetroBoominVEVO,5384334.0,96598.0,1286.0,True,True,81603704.0,21 Savage-Niagara Falls (Foot or 2) [with Travis Scott & 21 Savage]
MGMT - When You Die,MGMTVEVO,30234027.0,461260.0,17895.0,True,True,115180668.0,MGMT-When You Die
Metallica: Sad But True (Official Music Video),Metallica,72737062.0,418124.0,15110.0,True,True,,Metallica-Sad But True (Remastered)
ANA CASTELA - DONA DE MIM (OFICIAL),Ana Castela,13579961.0,202079.0,3960.0,False,True,20652149.0,Ana Castela-DONA DE MIM
LoveSick,BoyWithUke - Topic,5641615.0,79434.0,115.0,True,True,49997670.0,BoyWithUke-LoveSick
Christina Aguilera - Beautiful (Official HD Video),CAguileraVEVO,140489434.0,912206.0,50877.0,True,True,271955400.0,Christina Aguilera-Beautiful
Whitney Houston - My Love Is Your Love (Official Video),whitneyhoustonVEVO,88471687.0,378367.0,13330.0,True,True,154827777.0,Whitney Houston-My Love Is Your Love
David Bowie - Let's Dance (Official Video),David Bowie,38558686.0,398788.0,10631.0,True,True,238006778.0,David Bowie-Let's Dance - 2018 Remaster
"Dr. Dre - I Need A Doctor (Explicit) ft. Eminem, Skylar Grey",DrDreVEVO,482937774.0,2958284.0,240010.0,True,True,283879765.0,Dr. Dre-I Need A Doctor
Green Day - Holiday [Official Music Video],Green Day,118437958.0,851013.0,22129.0,True,True,215950182.0,Green Day-Holiday
Daft Punk - Get Lucky (Official Video) feat. Pharrell Williams and Nile Rodgers,convar HUN,32310867.0,956073.0,19646.0,False,False,400304719.0,Daft Punk-Get Lucky (feat. Pharrell Williams & Nile Rodgers)
Christina Aguilera - Genie In A Bottle (Official Video),CAguileraVEVO,213045036.0,1107925.0,48892.0,True,True,285315583.0,Christina Aguilera-Genie In a Bottle
MGMT - Me and Michael,MGMTVEVO,4937616.0,92413.0,5753.0,True,True,51859353.0,MGMT-Me and Michael
Daddy Yankee - Lo Que Paso Paso - Salud y Vida (Official Video HD),ElReyDeLosViewsDy,1559861.0,20775.0,238.0,False,False,315104207.0,"Daddy Yankee-Lo Que Pasó, Pasó"
MGMT - Time to Pretend (Official HD Video),MGMTVEVO,105078311.0,580314.0,31404.0,True,True,309097337.0,MGMT-Time to Pretend
Britney Spears - Criminal (Official Video),BritneySpearsVEVO,200917975.0,2725163.0,122790.0,True,True,187278764.0,Britney Spears-Criminal
Ludacris - Rollout (My Business) (Official Music Video),LudacrisVEVO,28519944.0,184850.0,5935.0,True,True,58348754.0,Ludacris-Rollout (My Business)
U2 - One (Official Music Video),U2VEVO,144625593.0,617689.0,20280.0,True,True,447961684.0,U2-One
Alicia Keys - Underdog (Official Video),aliciakeysVEVO,53836477.0,676119.0,17554.0,True,True,172583560.0,Alicia Keys-Underdog
JAY-Z - 4:44,JayZVEVO,25189646.0,272421.0,11734.0,True,True,73726722.0,JAY-Z-4:44
"ᴴᴰ Hans Zimmer - Chevaliers de Sangreal ALL VERSIONS (The Da Vinci Code), (Angels & Demons)",NotLessOrEqual,12702181.0,66885.0,2792.0,False,False,55582162.0,Hans Zimmer-Chevaliers De Sangreal - From The Da Vinci Code Original Motion Picture Soundtrack
Billy Joel - Uptown Girl (Official Video),billyjoelVEVO,208075172.0,1377238.0,42455.0,True,True,621088349.0,Billy Joel-Uptown Girl
Deftones - Be Quiet And Drive (Far Away) (Official Video) [HD Remaster],Deftones,36805017.0,318193.0,12114.0,True,True,122225430.0,Deftones-Be Quiet and Drive (Far Away)
TZ da Coronel - Não Faz Isso Comigo Não ft. Victor WAO (Áudio Oficial) #Faixa12,Calli Cartel Records,31780200.0,361143.0,2461.0,True,True,26856218.0,Tz da Coronel-Não faz isso Comigo não
Aventura   Obsession  Video Oficial HQ   Official Video HQ ,facundomatamalas,1398246.0,4898.0,105.0,False,False,343220984.0,Aventura-Obsesion
Samjhawan | Shreya Ghoshal | MTVBeats,Shreya Ghoshal Fanpage,502800.0,15379.0,436.0,False,False,84959335.0,Shreya Ghoshal-Samjhawan
The Cure - Friday I'm In Love,TheCureVEVO,100565466.0,588104.0,14772.0,True,True,,The Cure-Friday I'm in Love
Summer Walker - Come Thru (with Usher) [Official Music Video],Summer Walker,14700542.0,264129.0,8034.0,False,True,198594496.0,Usher-Come Thru (with Usher)
"Black Eyed Peas, Anitta, El Alfa - SIMPLY THE BEST (Official Music Video)",BlackEyedPeasVEVO,43226385.0,242932.0,38381.0,True,True,18501860.0,Black Eyed Peas-SIMPLY THE BEST
Johnny Cash - I Walk the Line (Man in Black: Live in Denmark),JohnnyCashVEVO,6543491.0,53415.0,1388.0,True,True,278400616.0,Johnny Cash-I Walk The Line - Single Version
"Bruno Mars, Anderson .Paak, Silk Sonic - After Last Night w/ Thundercat & Bootsy [Official Audio]",Bruno Mars,21486600.0,253819.0,6017.0,True,True,94525595.0,Silk Sonic-After Last Night (with Thundercat & Bootsy Collins)
Exit Music (For A Film),Radiohead - Topic,10644157.0,171322.0,1669.0,True,True,146857863.0,Radiohead-Exit Music (For A Film)
Chris Brown - Forever (Official HD Video),ChrisBrownVEVO,310110524.0,1069833.0,54530.0,True,True,349456576.0,Chris Brown-Forever
Gorillaz - Feel Good Inc. (Official Video),Gorillaz,693555221.0,6220896.0,169907.0,True,True,1040234854.0,Gorillaz-Feel Good Inc.
Madonna - Back That Up To The Beat (Demo Version) (Official Audio),Madonnas,895013.0,26138.0,457.0,False,False,7165771.0,Madonna-Back That Up To The Beat - demo version
Chris Brown - Wet the Bed (Official Audio) ft. Ludacris,ChrisBrownVEVO,62379960.0,432601.0,10064.0,True,True,92083585.0,Chris Brown-Wet The Bed (feat. Ludacris)
Y Hubo Alguien - Marc Anthony (video oficial).wmv,THEMASKK1991,904285.0,6295.0,180.0,False,False,96858625.0,Marc Anthony-Y Hubo Alguien
Die drei Fragezeichen - Das Geheimnis der Geisterinsel,Serien Schätze de,21912.0,256.0,5.0,False,False,,Die drei ???-Teil 3 - Das Geheimnis der Geisterinsel
System Of A Down - Toxicity (Official HD Video),systemofadownVEVO,736827328.0,3961603.0,93489.0,True,True,628447295.0,System Of A Down-Toxicity
"Pharrell Williams, Travis Scott - Down In Atlanta (Official Lyric Video)",PharrellWilliamsVEVO,3658044.0,88925.0,2271.0,True,True,42006396.0,Pharrell Williams-Down In Atlanta
Mariah Carey - Without You (Live Video Version),MariahCareyVEVO,379787199.0,1814454.0,64494.0,True,True,194107435.0,Mariah Carey-Without You
"Kun Faya Kun Full Video Song Rockstar | Ranbir Kapoor | A.R. Rahman, Javed Ali, Mohit Chauhan",T-Series,333829289.0,2718990.0,94883.0,True,True,73834235.0,A.R. Rahman-Kun Faya Kun
Tory Lanez - The Take (Feat. Chris Brown) (Official Audio),Tory Lanez,58687130.0,705272.0,7076.0,False,True,256262137.0,Tory Lanez-The Take (feat. Chris Brown)
Color Esperanza 2020 - Various Artists (Official Video),Latin Waves,24706293.0,557112.0,17598.0,False,False,89466323.0,Farruko-Color Esperanza 2020
Gorillaz - Dirty Harry (Official Video),Gorillaz,154761056.0,1386920.0,39240.0,True,True,191074713.0,Gorillaz-Dirty Harry
Bruno Mars & Anderson .Paak as Silk Sonic - 777 (64th GRAMMY Awards Performance),Bruno Mars,6173944.0,118727.0,3542.0,True,True,39022468.0,Silk Sonic-777
Eminem - Mockingbird [Official Music Video],EminemVEVO,719661717.0,5550929.0,205147.0,True,True,908006704.0,Eminem-Mockingbird
Rapp Snitch Knishes (feat. Mr. Fantastik),MF DOOM - Topic,17441901.0,282222.0,631.0,True,True,144822002.0,MF DOOM-Rapp Snitch Knishes feat. Mr. Fantastik
Johnny Cash-The_Man_Comes Around,TheJohnnyCashChannel,58461831.0,295090.0,22823.0,False,False,89337872.0,Johnny Cash-The Man Comes Around
Yaaradi Nee Mohini - Enkeyoo Partha Video | Dhanush | Yuvanshankar Raja,SonyMusicSouthVEVO,33206070.0,282292.0,8278.0,True,True,31303756.0,Yuvan Shankar Raja-Enkeyoo Partha
ENHYPEN (엔하이픈) 'Future Perfect (Pass the MIC)' Official MV,HYBE LABELS,31347080.0,1707066.0,230290.0,True,True,52034165.0,ENHYPEN-Future Perfect (Pass the MIC)
Nate Dogg - I Got Love (Official Video) [Explicit],UPROXX Video,8077133.0,111121.0,1509.0,True,True,53098241.0,Nate Dogg-I Got Love
,,,,,,,290437.0,Bibi Blocksberg-Kapitel 13: Der Hexenbesenausflug (Folge 146)
Usher - Burn (Official Music Video),UsherVEVO,297639332.0,1081624.0,32928.0,True,True,166588725.0,Usher-Burn
"Drake, 21 Savage ""Spin Bout U"" (Music Video)",RAPTRAX,1111996.0,8576.0,154.0,False,False,87618118.0,21 Savage-Spin Bout U
BoyWithUke ft. Oliver Tree - Sick of U (Official Music Video),BoyWithUkeVEVO,17591160.0,383504.0,16373.0,True,True,44129835.0,BoyWithUke-Sick of U (with Oliver Tree)
,,,,,,,78846083.0,Bob Marley & The Wailers-Natural Mystic
Hotel California (2013 Remaster),The Eagles - Topic,258787217.0,1745720.0,1602.0,True,True,1225904497.0,Eagles-Hotel California - 2013 Remaster
Red Hot Chili Peppers - Under The Bridge [Official Music Video],Red Hot Chili Peppers,246687714.0,1213572.0,32761.0,True,True,1061750522.0,Red Hot Chili Peppers-Under the Bridge
Enrique Iglesias - Hero (Official Music Video),EnriqueIglesiasVEVO,477238688.0,1982076.0,86980.0,True,True,282904687.0,Enrique Iglesias-Hero
PinkPantheress - I must apologise (Visualiser),Pinkpantheress,2920108.0,115670.0,3679.0,True,True,53708993.0,PinkPantheress-I must apologise
T-Pain - I'm Sprung (Official HD Video),TPainVEVO,114366282.0,620650.0,15512.0,True,True,146039516.0,T-Pain-I'm Sprung
Time - Pink Floyd - Music Video [HQ],Good Old Music,101194.0,1643.0,53.0,False,False,,Pink Floyd-Time
"Yuridia, Eden Muñoz - Me Hace Tanto Bien (Video Oficial)",YuridiaVEVO,35057598.0,160498.0,9514.0,True,True,28417017.0,Eden Muñoz-Me Hace Tanto Bien
Michael Jackson - Remember The Time (Official Video),michaeljacksonVEVO,504057332.0,3085718.0,127080.0,True,True,224254298.0,Michael Jackson-Remember the Time
,,,,,,,8885938.0,"Johann Sebastian Bach-Overture (Suite) No. 2 in B Minor, BWV 1067: VII. Badinerie"
Chencho ➕ Farruko ➕ Darell ➕ Brytiago - Ella Fuma [Official Video],Plan B,115619778.0,807237.0,11302.0,True,True,122848793.0,Plan B-Ella Fuma
life's a dream (Official Audio),d4vd,81423.0,3079.0,92.0,False,True,3659904.0,d4vd-life’s a dream
System Of A Down - B.Y.O.B. (Official HD Video),systemofadownVEVO,418146594.0,2399598.0,92234.0,True,True,441264205.0,System Of A Down-B.Y.O.B.
Die drei Fragezeichen - Das Geheimnis der Geisterinsel,Serien Schätze de,21912.0,256.0,5.0,False,False,,Die drei ???-Teil 2 - Das Geheimnis der Geisterinsel
Jack Johnson Angel music video,saynotorice,15216.0,48.0,3.0,False,False,69780800.0,Jack Johnson-Angel
Pearl Jam - Just Breathe (Official Video),PearljamVEVO,49562534.0,223202.0,5706.0,True,True,186621364.0,Pearl Jam-Just Breathe
"Matisse, Eden Muñoz - Te Vale Madre (Video Oficial)",MatisseMXVEVO,3210450.0,65473.0,952.0,True,True,9018795.0,Eden Muñoz-Te Vale Madre
Britney Spears - If U Seek Amy (Official HD Video),BritneySpearsVEVO,127036180.0,802449.0,42897.0,True,True,145511234.0,Britney Spears-If U Seek Amy
"Tyler, The Creator - JUGGERNAUT (Official Video)","Tyler, The Creator",11408003.0,477302.0,12628.0,False,True,99577335.0,Pharrell Williams-JUGGERNAUT (feat. Lil Uzi Vert & Pharrell Williams)
Justin Bieber - Honest ft. Don Toliver,JustinBieberVEVO,30608215.0,567407.0,30951.0,True,True,92010224.0,Don Toliver-Honest (feat. Don Toliver)
Piya O Re Piya By Shreya Ghoshal ❤️,Shreya Ghoshal Songs,7876.0,259.0,14.0,False,False,32957897.0,Shreya Ghoshal-Piya O Re Piya
Korn - Y'all Want a Single (Official Video),KornVEVO,13293839.0,101492.0,4943.0,True,True,64352768.0,Korn-Y'all Want a Single
,,,,,,,390752145.0,Bob Marley & The Wailers-Jamming
Michael Jackson - Chicago,MJ4481,545655.0,7314.0,386.0,False,False,103974637.0,Michael Jackson-Chicago
MIDDLE OF THE NIGHT - HARDSTYLE REMIX,SICK LEGEND - Topic,254268.0,3472.0,0.0,True,True,17125177.0,SICK LEGEND-MIDDLE OF THE NIGHT - HARDSTYLE REMIX
Johnny Cash - Ghost Riders In The Sky (Live - 1987),turion2005,8193553.0,85709.0,2081.0,False,False,88417035.0,Johnny Cash-(Ghost) Riders in the Sky
ENHYPEN (엔하이픈) 'FEVER' Official MV,HYBE LABELS,92195106.0,3679240.0,206552.0,True,True,216326772.0,ENHYPEN-FEVER
Johnny Cash - God's Gonna Cut You Down (Official Music Video),JohnnyCashVEVO,126356777.0,796860.0,40573.0,True,True,156850200.0,Johnny Cash-God's Gonna Cut You Down
U2 - Sweetest Thing (Official Music Video),U2VEVO,58474426.0,171485.0,6114.0,True,True,106597387.0,U2-Sweetest Thing
Love Today - Pacha Elai Video | Pradeep Ranganathan  | Yuvan Shankar Raja | AGS,Sony Music South,2495085.0,89362.0,759.0,True,True,18641790.0,"Yuvan Shankar Raja-Pacha Elai (From ""Love Today"")"
Beyoncé - Crazy In Love ft. JAY Z,BeyoncéVEVO,669084413.0,3218858.0,66334.0,True,True,836260550.0,Beyoncé-Crazy In Love (feat. Jay-Z)
Marc Anthony - Parecen Viernes (Official Video),marcanthonyVEVO,120539159.0,477822.0,7894.0,True,True,107827449.0,Marc Anthony-Parecen Viernes
Metallica - The Unforgiven (Official Music Video),Warner Records Vault,426125708.0,1781690.0,46392.0,False,False,,Metallica-The Unforgiven (Remastered)
Gorillaz - Cracker Island ft. Thundercat (Official Video),Gorillaz,24459820.0,739527.0,20296.0,True,True,42671901.0,Gorillaz-Cracker Island (feat. Thundercat)
Bee Gees - Stayin' Alive (Official Music Video),BeeGeesVEVO,281066254.0,2720170.0,71642.0,True,True,134009247.0,Bee Gees-Stayin' Alive
"Luis Miguel - ""Ahora te puedes marchar"" (Video Oficial)",Warner Music México,562212517.0,2366696.0,61907.0,True,True,473691093.0,Luis Miguel-Ahora Te Puedes Marchar
A.R. Rahman - Raanjhanaa Best Lyric Video|Sonam Kapoor|Dhanush|Jaswinder|Shiraz,SonyMusicIndiaVEVO,26504186.0,311358.0,3457.0,True,True,52826792.0,A.R. Rahman-Raanjhanaa
Oasis - Stand By Me (Official HD Video),OasisVEVO,1097539.0,16688.0,677.0,True,True,,Oasis-Stand By Me - Remastered
Bob Marley - Is This Love,Reggae Life,325433542.0,2096610.0,53613.0,False,False,617214277.0,Bob Marley & The Wailers-Could You Be Loved
Creedence Clearwater Revival - Bad Moon Rising (Official Lyric Video),CCRVEVO,51013150.0,280742.0,6094.0,True,True,568442546.0,Creedence Clearwater Revival-Bad Moon Rising
Jack Johnson - Gone(Studio live),lizardsdr,1702808.0,4464.0,431.0,False,False,42819487.0,Jack Johnson-Gone
Muse - Madness,Muse,162282411.0,833060.0,38802.0,True,True,264508776.0,Muse-Madness
Kalank Title Track - Full Video | Madhuri Sonakshi Alia Sanjay Aditya Varun | Arijit | Pritam,Zee Music Company,73814491.0,722644.0,15817.0,True,True,114548526.0,Pritam-Kalank (Title Track)
The Cure - In Between Days,TheCureVEVO,39952599.0,228863.0,6115.0,True,True,,The Cure-In Between Days - 2006 Remaster
KORDHELL - MURDER IN MY MIND (MUSIC VIDEO),KORDHELL,25310219.0,366485.0,4138.0,True,True,262426709.0,Kordhell-Murder In My Mind
Die drei Fragezeichen - Das Geheimnis der Geisterinsel,Serien Schätze de,21912.0,256.0,5.0,False,False,,Die drei ???-Teil 8 - Das Geheimnis der Geisterinsel
Pink Floyd - Money (Official Music Video),Pink Floyd,27865859.0,217345.0,5603.0,True,True,,Pink Floyd-Money
No One (Acoustic),Alicia Keys - Topic,4242647.0,41707.0,69.0,True,True,133837601.0,Alicia Keys-No One - Acoustic
P!nk - True Love (Official Video) ft. Lily Allen,PinkVEVO,149977268.0,938718.0,31361.0,True,True,170002964.0,P!nk-True Love (feat. Lily Allen)
Britney Spears - Oops!...I Did It Again (Official HD Video),BritneySpearsVEVO,398575571.0,2519778.0,100903.0,True,True,581869840.0,Britney Spears-Oops!...I Did It Again
Pink Floyd - Breathe (In The Air) [Live in HD],Pink Floyd,486448.0,8034.0,238.0,True,True,,Pink Floyd-Breathe (In the Air)
Don Toliver - No Idea [Official Music Video],Don Toliver,284033349.0,3473758.0,55136.0,True,True,682479132.0,Don Toliver-No Idea
blink-182 - Feeling This (Official Video),blink182VEVO,68581920.0,264005.0,15058.0,True,True,138444397.0,blink-182-Feeling This
The Notorious B.I.G. - Big Poppa (Official Music Video) [HD],The Notorious B.I.G.,401940354.0,3381467.0,75843.0,True,True,720731532.0,The Notorious B.I.G.-Big Poppa - 2005 Remaster
Don Toliver - Drugs N Hella Melodies (feat. Kali Uchis) [Official Music Video],Don Toliver,19221097.0,390046.0,7678.0,True,True,77395440.0,Don Toliver-Drugs N Hella Melodies (feat. Kali Uchis)
The Offspring - The Kids Aren't Alright (Official Music Video),OffspringVEVO,220366333.0,1286137.0,20978.0,True,True,588993491.0,The Offspring-The Kids Aren't Alright
Bon Jovi - Wanted Dead Or Alive (Official Music Video),BonJoviVEVO,177513233.0,872881.0,31405.0,True,True,335808355.0,Bon Jovi-Wanted Dead Or Alive
"Usher - Yeah! (Official Video) ft. Lil Jon, Ludacris",UsherVEVO,766892796.0,5030572.0,101986.0,True,True,942052772.0,Usher-Yeah! (feat. Lil Jon & Ludacris)
Eden Muñoz - Oficialmente en Soltería (Video Oficial),Eden Muñoz,7800352.0,64159.0,986.0,True,True,18235423.0,Eden Muñoz-Oficialmente en Soltería
Chris Brown - Under The Influence (Official Video),ChrisBrownVEVO,83793080.0,1357047.0,42849.0,True,True,36852704.0,Chris Brown-Under The Influence (Body Language)
"Elton John, Britney Spears - Hold Me Closer (Official Video)",EltonJohnVEVO,15181510.0,165238.0,6585.0,True,True,190102352.0,Britney Spears-Hold Me Closer
Eden Muñoz - Bájale (Video Oficial),Eden Muñoz,12118894.0,95297.0,1082.0,True,True,24719283.0,Eden Muñoz-Bájale
Madonna - Hung Up (Official Video) [HD],Madonna,411386702.0,2131722.0,91173.0,True,True,297817394.0,Madonna-Hung Up
The Notorious B.I.G. - Hypnotize (Official Music Video) [4K],The Notorious B.I.G.,89884180.0,611459.0,18980.0,True,True,829984314.0,The Notorious B.I.G.-Hypnotize - 2014 Remaster
Ludacris - Stand Up (Official Music Video) ft. Shawnna,LudacrisVEVO,28872809.0,168436.0,6036.0,True,True,47315546.0,Ludacris-Stand Up
"Dr. Dre - Kush ft. Snoop Dogg, Akon",DrDreVEVO,194414043.0,968198.0,61187.0,True,True,118973790.0,Dr. Dre-Kush - Main
Alejandro Fernández - Sé Que Te Duele ft. Morat (Video Oficial),AFernandezVEVO,204885566.0,627478.0,9186.0,True,True,283126164.0,Alejandro Fernández-Sé Que Te Duele
"Camilo, Pablo Alborán - El Mismo Aire (Official Video)",CamiloVEVO,174663952.0,1630182.0,32142.0,True,True,268237254.0,Camilo-El Mismo Aire - con Pablo Alborán
Red Hot Chili Peppers - Dark Necessities [Official Music Video],Red Hot Chili Peppers,440037964.0,2094182.0,56516.0,True,True,385677873.0,Red Hot Chili Peppers-Dark Necessities
"Bruno Mars, Anderson .Paak, Silk Sonic - Leave the Door Open [Official Video]",Bruno Mars,637673269.0,6925306.0,193397.0,True,True,1006100004.0,Silk Sonic-Leave The Door Open
Don Toliver - Cardigan [Official Music Video],Don Toliver,24139842.0,343353.0,6184.0,True,True,171091255.0,Don Toliver-Cardigan
System Of A Down - Prison Song (Music Video),Cesar Huchim,89046.0,1581.0,63.0,False,False,101333051.0,System Of A Down-Prison Song
Conduta - Nattan e Mari Fernandez (DVD AO VIVO),Nattan,14501095.0,93755.0,1539.0,True,True,7619551.0,Mari Fernandez-Conduta - Ao Vivo
Slipknot - Duality [OFFICIAL VIDEO] [HD],Slipknot,356487151.0,2211238.0,87719.0,True,True,525198814.0,Slipknot-Duality
"Drake - Knife Talk (Official Video) ft. 21 Savage, Project Pat",DrakeVEVO,74244853.0,796542.0,26241.0,True,True,501420741.0,21 Savage-Knife Talk (with 21 Savage ft. Project Pat)
Bon Jovi - Thank You For Loving Me (Official Music Video),BonJoviVEVO,2863878.0,35911.0,2422.0,True,True,78748335.0,Bon Jovi-Thank You For Loving Me
"Daniel Lozakovich – Bach: Violin Concerto No.1 In A Minor, BWV 1041: I. Allegro moderato",Deutsche Grammophon - DG,704861.0,11063.0,499.0,False,False,13955194.0,"Johann Sebastian Bach-Violin Concerto No. 1 in A minor, BWV 1041: I. (Allegro moderato)"
"Luis Miguel - ""La Bikina"" (Video Oficial)",Warner Music México,207911622.0,556658.0,24537.0,True,True,106123325.0,Luis Miguel-La bikina - En vivo
"Johnny Cash, June Carter Cash - Jackson (The Best Of The Johnny Cash TV Show)",JohnnyCashVEVO,11075667.0,82353.0,2655.0,True,True,90040515.0,Johnny Cash-Jackson
Aventura - Ella y Yo (ft. Don Omar),Aventura,438743286.0,1812391.0,28458.0,True,True,416761463.0,Aventura-Ella Y Yo - Featuring Don Omar
50 Cent - 21 Questions (Official Music Video) ft. Nate Dogg,50CentVEVO,503248572.0,2759199.0,54805.0,True,True,446003044.0,50 Cent-21 Questions
Ludacris - My Chick Bad ft. Nicki Minaj,LudacrisVEVO,145181046.0,724771.0,31006.0,True,True,142416946.0,Ludacris-My Chick Bad
Hasi - Female Version - Hamari Adhuri Kahani|Official Bollywood Lyrics|Shreya Ghoshal,LyricGuruVEVO,12680162.0,126015.0,1582.0,True,True,42953279.0,Shreya Ghoshal-Hasi - Female Version
Kanye West - Bound 2 (Explicit),KanyeWestVEVO,105206228.0,1105989.0,129255.0,True,True,578115634.0,Kanye West-Bound 2
Metallica: Lux Æterna (Official Music Video),Metallica,14937918.0,473751.0,46230.0,True,True,20061385.0,Metallica-Lux Æterna
Ludovico Einaudi - Wind Song (Performance Video),LudovicoEinaudiVEVO,703698.0,18068.0,389.0,True,True,16169290.0,Ludovico Einaudi-Wind Song
Juanes - A Dios Le Pido (Official Music Video),JuanesVEVO,162772420.0,870329.0,18645.0,True,True,176365330.0,Juanes-A Dios Le Pido
Faint [Official Music Video] - Linkin Park,Linkin Park,378323695.0,2061834.0,65731.0,True,True,413355749.0,Linkin Park-Faint
Alicia Keys - Empire State Of Mind (Part II) Broken Down (Official Video),Kenny Eagle,92091.0,369.0,11.0,False,False,335205769.0,Alicia Keys-Empire State of Mind (Part II) Broken Down
Beyoncé - CUFF IT (Music Video),RENAISSANCE CLUB,8893257.0,135456.0,2986.0,False,False,354986175.0,Beyoncé-CUFF IT
KORDHELL - MURDER IN MY MIND // speed up,Psycor,12652919.0,186446.0,2520.0,False,False,67480391.0,Kordhell-Murder In My Mind - Sped Up
The Offspring - Why Don't You Get A Job? (Official Music Video),OffspringVEVO,85198875.0,522270.0,9544.0,True,True,255100308.0,The Offspring-Why Don't You Get A Job
Maná - Clavado En Un Bar (Video Oficial),OficialMana,124012445.0,328746.0,7573.0,True,True,278568516.0,Maná-Clavado En Un Bar
d4vd - D.T.N (Official Audio),d4vd,276040.0,8259.0,116.0,False,True,2136578.0,d4vd-DTN
50 Cent - If I Can't (Official Music Video),Wu Sound,46096.0,612.0,14.0,False,False,210473579.0,50 Cent-If I Can't
Tory Lanez - Lady Of Namek [Official Music Video],Tory Lanez,17773546.0,170898.0,9500.0,True,True,53989958.0,Tory Lanez-Lady Of Namek
"Luis Miguel - ""La Incondicional"" (Video Oficial)",Warner Music México,157325196.0,604843.0,20964.0,True,True,392257514.0,Luis Miguel-La Incondicional
"Enrique Iglesias - SUBEME LA RADIO (Official Video) ft. Descemer Bueno, Zion & Lennox",EnriqueIglesiasVEVO,1447988752.0,6354591.0,165760.0,True,True,622083603.0,Enrique Iglesias-SUBEME LA RADIO (feat. Descemer Bueno & Zion & Lennox)
You and I (Official Audio),d4vd,630165.0,22434.0,746.0,False,True,14029309.0,d4vd-You and I
"Aventura, Bad Bunny - Volví (Video Oficial)",Romeo Santos,406596572.0,3188530.0,69341.0,True,True,609731838.0,Aventura-Volví
KORDHELL - SCOPIN,KORDHELL,8806509.0,158833.0,1372.0,False,True,29919743.0,Kordhell-Scopin
Jhené Aiko feat. Kurupt -Never Call Me (Slauson Hills Edition),Jhené Aiko,67387515.0,445923.0,9915.0,False,True,81585162.0,Jhené Aiko-Never Call Me
T-Pain - Best Love Song ft. Chris Brown,TPainVEVO,53292924.0,321781.0,23084.0,True,True,135396308.0,T-Pain-Best Love Song
Ponni Nadhi - Full Video | Ponniyin Selvan 1 | Tamil | AR Rahman | Mani Ratnam | Karthi,Tips Tamil,16992074.0,127548.0,2513.0,True,True,33410129.0,"A.R. Rahman-Ponni Nadhi (From ""Ponniyin Selvan Part -1"") - Tamil"
Jhené Aiko - The Worst (Official Music Video),JheneAikoVEVO,162601918.0,1086470.0,25685.0,True,True,241011213.0,Jhené Aiko-The Worst
Daft Punk - Lose Yourself to Dance (Official Version),DaftPunkVEVO,195983803.0,1115598.0,37436.0,True,True,274711166.0,Daft Punk-Lose Yourself to Dance (feat. Pharrell Williams)
Gorillaz - Clint Eastwood (Official Video),Gorillaz,618480958.0,6197318.0,155930.0,True,True,617259738.0,Gorillaz-Clint Eastwood
"VIZÃO DE CRIA 2 - Anezzi, Tz da Coronel, Filipe Ret, Caio Luccas, PJ HOUDINI, MC Maneirinho, Dallass",NADAMAL,54275792.0,449472.0,7376.0,True,True,26607061.0,Tz da Coronel-Vizão de Cria 2
Red Hot Chili Peppers - Otherside [Official Music Video],Red Hot Chili Peppers,673528656.0,3140356.0,60091.0,True,True,732774515.0,Red Hot Chili Peppers-Otherside
Snap (Eurovision 2022 - Armenia / Karaoke Version),Rosa Linn - Topic,18056.0,336.0,0.0,True,True,590511.0,Rosa Linn-Snap - Eurovision 2022 - Armenia / Karaoke Version
Starman (2012 Remaster),David Bowie - Topic,36838035.0,438137.0,1885.0,True,True,344532624.0,David Bowie-Starman - 2012 Remaster
blink-182 - I Miss You (Official Video),blink182VEVO,351164165.0,1840581.0,94913.0,True,True,597137046.0,blink-182-I Miss You
Korn - Twisted Transistor,David Hmeljov,2337145.0,30760.0,1073.0,False,False,128802098.0,Korn-Twisted Transistor
Muse - Starlight [Official Music Video],Muse,172296428.0,814237.0,29034.0,True,True,316493449.0,Muse-Starlight
John Mayer - Slow Dancing In A Burning Room [HD],aDOCTORbutWHO,7953222.0,39946.0,1087.0,False,False,397400002.0,John Mayer-Slow Dancing in a Burning Room
Yaaradi Nee Mohini - Venmegam Video | Dhanush | Yuvanshankar Raja,SonyMusicSouthVEVO,64425785.0,431119.0,11445.0,True,True,26277076.0,Yuvan Shankar Raja-Venmegam
Daft Punk - Digital Love (Official Video),Daft Punk,30079390.0,203063.0,8957.0,True,True,115484456.0,Daft Punk-Digital Love
The Eagles - Take it easy - (Live at the capital center 1977),York,344621.0,3846.0,159.0,False,False,456755530.0,Eagles-Take It Easy - 2013 Remaster
Oasis - Half The World Away (Official Lyric Video),OasisVEVO,17748202.0,94151.0,4359.0,True,True,,Oasis-Half The World Away - Remastered
P!nk - So What (Official Video),PinkVEVO,432775314.0,2187945.0,60960.0,True,True,471672024.0,P!nk-So What
Green Day - Boulevard Of Broken Dreams [Official Music Video],Green Day,694614010.0,5750425.0,166526.0,True,True,551065028.0,Green Day-Boulevard of Broken Dreams
System Of A Down - Sugar (Official HD Video),systemofadownVEVO,128056329.0,757083.0,31832.0,True,True,181343293.0,System Of A Down-Sugar
Numb [Official Music Video] - Linkin Park,Linkin Park,1928733776.0,12341722.0,550921.0,True,True,1195213410.0,Linkin Park-Numb
"César Menotti & Fabiano, Ana Castela - Eu Sem Você Não Dá (Clipe Oficial)",César Menotti e Fabiano,5108002.0,40372.0,1306.0,True,True,5969811.0,Ana Castela-Eu Sem Você Não Dá
"Harold Faltermeyer, Lady Gaga, Hans Zimmer, & Lorne Balfe – Main Titles",Interscope Records,1825118.0,19078.0,620.0,False,False,20954709.0,Hans Zimmer-Main Titles (You’ve Been Called Back to Top Gun)
,,,,,,,282204.0,Bibi Blocksberg-Kapitel 06: Der Hexenbesenausflug (Folge 146)
Billy Joel - We Didn't Start the Fire (Official Video),billyjoelVEVO,150509354.0,937226.0,64811.0,True,True,368967530.0,Billy Joel-We Didn't Start the Fire
Gorillaz - Rhinestone Eyes [Storyboard Film] (Official Music Video),Gorillaz,72011645.0,1079128.0,31003.0,True,True,310083733.0,Gorillaz-Rhinestone Eyes
Hum Tum,Alka Yagnik - Topic,1225763.0,11369.0,18.0,True,True,13050825.0,Alka Yagnik-Hum Tum
Daft Punk - One More Time (Official Video),Daft Punk,432177586.0,2707992.0,110189.0,True,True,471747761.0,Daft Punk-One More Time
U2 - With Or Without You (Official Music Video),U2VEVO,112720876.0,762547.0,18001.0,True,True,803376048.0,U2-With Or Without You - Remastered
John Mayer - Waiting On the World to Change (Official Video),johnmayerVEVO,53912623.0,297493.0,13691.0,True,True,333846640.0,John Mayer-Waiting On the World to Change
Jhené Aiko - B.S. (Animated Visual) ft. H.E.R.,JheneAikoVEVO,17364676.0,248255.0,4483.0,True,True,197879558.0,Jhené Aiko-B.S. (feat. H.E.R.)
T-Pain - Buy U A Drank (Shawty Snappin') (Official HD Video) ft. Yung Joc,TPainVEVO,242720850.0,1371714.0,33213.0,True,True,513981867.0,T-Pain-Buy U a Drank (Shawty Snappin') (feat. Yung Joc)
Stevie Wonder - Superstition — (Official Music Video),Weedy Weed Smoker,139334.0,1985.0,65.0,False,False,507328694.0,Stevie Wonder-Superstition - Single Version
The Black Eyed Peas - Just Can't Get Enough (Official Music Video),BlackEyedPeasVEVO,292211575.0,1594576.0,70720.0,True,True,331578264.0,Black Eyed Peas-Just Can’t Get Enough
Alejandro Fernández - Me Dedique A Perderte (Video Oficial),AFernandezVEVO,459879507.0,1139522.0,25291.0,True,True,456626889.0,Alejandro Fernández-Me Dediqué a Perderte
Marc Anthony - Flor Pálida (Official Video),marcanthonyVEVO,779912333.0,1651705.0,31399.0,True,True,212268694.0,Marc Anthony-Flor Pálida
Die drei Fragezeichen - Das Geheimnis der Geisterinsel,Serien Schätze de,21912.0,256.0,5.0,False,False,,Die drei ???-Teil 1 - Das Geheimnis der Geisterinsel
pinkpantheress - just for me (Official Video),PP_ROCKSXX,5349559.0,251028.0,7162.0,True,True,127256629.0,PinkPantheress-Just for me
Love Today - Mamakutty Video | Pradeep Ranganathan | Yuvan Shankar Raja | AGS,Sony Music South,15311499.0,271624.0,2608.0,True,True,5502218.0,Yuvan Shankar Raja-Mamakutty
John Mayer - Last Train Home (Official Video),johnmayerVEVO,13373221.0,212377.0,17148.0,True,True,87694128.0,John Mayer-Last Train Home
Radiohead - Nude,Radiohead,12205514.0,124486.0,4536.0,True,True,86388469.0,Radiohead-Nude
"Enrique Iglesias, Juan Luis Guerra - Cuando Me Enamoro (Official Music Video)",EnriqueIglesiasVEVO,806094362.0,2513313.0,63530.0,True,True,295321992.0,Enrique Iglesias-Cuando Me Enamoro
Oscar Maydon - Me Gusta Lo Bueno [En Vivo],Rancho Humilde,508911.0,10086.0,168.0,False,False,1775558.0,Oscar Maydon-Me Gusta Lo Bueno
Ludovico Einaudi - Natural Light (Performance Video),LudovicoEinaudiVEVO,653911.0,12247.0,409.0,True,True,31987794.0,Ludovico Einaudi-Natural Light
"Yo-Yo Ma - Bach: Cello Suite No. 1 in G Major, Prélude (Official Video)",YoYoMaVEVO,14668617.0,252043.0,6073.0,True,True,227984734.0,"Johann Sebastian Bach-Cello Suite No. 1 in G Major, BWV 1007: I. Prélude"
Bibi Blocksberg - Der Hexenbesenausflug (Folge 146) | EXTRALANGE Hörprobe,Bibi Blocksberg TV,12010.0,177.0,44.0,True,True,282266.0,Bibi Blocksberg-Kapitel 09: Der Hexenbesenausflug (Folge 146)
Coldplay - The Scientist (Official 4K Video),Coldplay,1082588109.0,5532787.0,124357.0,True,True,1465980600.0,Coldplay-The Scientist
"Full Song: KHAIRIYAT (BONUS TRACK) | CHHICHHORE | Sushant, Shraddha | Pritam, Amitabh B|Arijit Singh",T-Series,878651534.0,6735409.0,247220.0,True,True,141640304.0,Pritam-Khairiyat
Lil Uzi Vert - Neon Guts feat. Pharrell Williams [Official Visualizer],LIL UZI VERT,35793144.0,431472.0,11252.0,True,True,219355874.0,Pharrell Williams-Neon Guts (feat. Pharrell Williams)
Aerosmith - Rag Doll (Official Music Video),AerosmithVEVO,5748095.0,49199.0,1401.0,True,True,61272691.0,Aerosmith-Rag Doll
Ricardo Arjona - Desnuda (Official Video,Ricardo Arjona,1189417.0,4573.0,210.0,False,True,88266114.0,Ricardo Arjona-Desnuda
Daft Punk - Get Lucky (Official Video) feat. Pharrell Williams and Nile Rodgers,convar HUN,32310867.0,956073.0,19646.0,False,False,844698895.0,Daft Punk-Get Lucky (feat. Pharrell Williams & Nile Rodgers) - Radio Edit
Brain Damage / Eclipse - Pink Floyd - Music Video [HQ],Good Old Music,33552.0,,56.0,False,False,,Pink Floyd-Brain Damage
por amarte enrique iglesias video official,victor alfonso gonzalez farfan,151042.0,1785.0,50.0,False,False,60507888.0,Enrique Iglesias-Por Amarte
d4vd - Bleed Out (Official Audio),d4vd,333689.0,11977.0,251.0,False,True,3237224.0,d4vd-Bleed Out
"Rvssian, Rauw Alejandro & Chris Brown — Nostálgico (Official Video)",Rvssian,89848525.0,873194.0,15899.0,False,True,381634599.0,Chris Brown-Nostálgico
Paulo e Nathan feat. Mari Fernandez - Pessoa Errada (Clipe Oficial),Paulo e Nathan,6289967.0,19132.0,1616.0,False,True,3578574.0,Mari Fernandez-Pessoa Errada - Ao Vivo
David Bowie - Rebel Rebel • TopPop,TopPop,6078627.0,53197.0,1780.0,True,True,310269583.0,David Bowie-Rebel Rebel - 2016 Remaster
"Whitney Houston, Mariah Carey - When You Believe (Official HD Video)",whitneyhoustonVEVO,426709954.0,1951101.0,74511.0,True,True,122739854.0,Whitney Houston-When You Believe - from The Prince of Egypt
Radiohead - Karma Police,Radiohead,89246405.0,593396.0,17682.0,True,True,382823305.0,Radiohead-Karma Police
Korn - Freak On a Leash (Official HD Video),KornVEVO,261866868.0,1452692.0,44509.0,True,True,343955425.0,Korn-Freak On a Leash
"Plan B Feat. Trick Daddy, Trina & Lda - Frikitona New York City (Official Remix).wmv",rumbapumbamono,144740.0,1987.0,52.0,False,False,104897502.0,Plan B-Frikitona
John Mayer - I Guess I Just Feel Like (Official Lyric Video),johnmayerVEVO,9662353.0,120134.0,4792.0,True,True,186705164.0,John Mayer-I Guess I Just Feel Like
Beyoncé - Halo,BeyoncéVEVO,1357273902.0,6931695.0,203892.0,True,True,1257746758.0,Beyoncé-Halo
d4vd - Here With Me [Official Music Video],d4vdVEVO,14157306.0,319226.0,9318.0,True,True,225283168.0,d4vd-Here With Me
Pearl Jam - Even Flow (Official Video),PearljamVEVO,140299491.0,701136.0,29129.0,True,True,410343432.0,Pearl Jam-Even Flow
Alejandro Fernández - Inexperto En Olvidarte (Official Video),AFernandezVEVO,3551746.0,40756.0,1295.0,True,True,8003078.0,Alejandro Fernández-Inexperto En Olvidarte
Alejandro Sanz - Deja Que Te Bese ft. Marc Anthony (Official Video),AlejandroSanzVEVO,181778115.0,551840.0,11271.0,True,True,200161100.0,Alejandro Sanz-Deja Que Te Bese
AC/DC - Hells Bells (Official Video),acdcVEVO,252038354.0,1067479.0,29353.0,True,True,296521772.0,AC/DC-Hells Bells
Madvillain - Fancy Clown,Stones Throw,3740405.0,53352.0,2339.0,False,False,44020873.0,MF DOOM-Fancy Clown
Madonna - Papa Don't Preach (Official Video) [HD],Madonna,190854082.0,760601.0,38055.0,True,True,98986814.0,Madonna-Papa Don't Preach
Ricardo Arjona - El Problema (Video Oficial),Es Filosofia Arjona,117917.0,1765.0,48.0,False,False,163427363.0,Ricardo Arjona-El Problema
For Whom The Bell Tolls (Remastered),Metallica - Topic,23666398.0,274106.0,667.0,True,True,,Metallica-For Whom The Bell Tolls (Remastered)
"Orochi ""Amém"" feat. TZ da Coronel (prod. Kizzy)",Orochi,846795.0,34925.0,758.0,True,True,1415321.0,Tz da Coronel-Amém
Korn - Falling Away from Me (Official HD Video),KornVEVO,137970554.0,797065.0,25290.0,True,True,214140647.0,Korn-Falling Away from Me
Eminem - Stan (Long Version) ft. Dido,EminemVEVO,623027280.0,5152714.0,199113.0,True,True,799979337.0,Eminem-Stan
Creedence Clearwater Revival - Lookin' Out My Back Door,CCRVEVO,111018934.0,562192.0,14105.0,True,True,178387111.0,Creedence Clearwater Revival-Lookin' Out My Back Door
MGMT - Congratulations (Official Video),MGMTVEVO,12423513.0,81932.0,6880.0,True,True,54235110.0,MGMT-Congratulations
"ENHYPEN  ""Polaroid Love"" (Live Performance) | Open Mic",Genius,12428493.0,444025.0,7603.0,True,True,165413189.0,ENHYPEN-Polaroid Love
David Bowie - Changes [Official Lyric Video],David Bowie,1755891.0,29636.0,914.0,True,True,155279152.0,David Bowie-Changes - 2015 Remaster
Dream On Aerosmith Official Music Video,METALinYOURface1,3584082.0,26655.0,1046.0,False,False,771341288.0,Aerosmith-Dream On
The Rolling Stones - Start Me Up - Official Promo,The Rolling Stones,60003095.0,365496.0,13142.0,False,True,472974502.0,The Rolling Stones-Start Me Up - Remastered 2009
"Luis Miguel - ""La Media Vuelta"" (Video Oficial)",Warner Music México,130543675.0,344687.0,11739.0,True,True,229810217.0,Luis Miguel-La Media Vuelta
"Morat, Juanes - 506",MoratVEVO,29331292.0,483761.0,10542.0,True,True,57873543.0,Juanes-506
Mari Fernandez - COMUNICAÇÃO FALHOU feat. Nattan (DVD Ao Vivo em Fortaleza),Mari Fernandez,161330128.0,686241.0,4937.0,False,True,124536923.0,Mari Fernandez-Comunicação Falhou - Ao Vivo
"Jack Johnson - Sitting, waiting, wishing",Nuno Felício,11403.0,208.0,7.0,False,False,282698254.0,"Jack Johnson-Sitting, Waiting, Wishing"
"Dr. Dre - The Next Episode (Official Music Video) ft. Snoop Dogg, Kurupt, Nate Dogg",DrDreVEVO,623064998.0,5614192.0,137453.0,True,True,754591572.0,Dr. Dre-The Next Episode
"Diles - Bad Bunny, Ozuna, Farruko, Arcangel, Ñengo Flow",Hear This Music,986386304.0,3786939.0,81763.0,True,True,628424773.0,Farruko-Diles
"Warren G ""Party We Will Throw Now"" Ft. Nate Dogg & The Game | Official Music Video",Dash Radio,37353144.0,314682.0,4339.0,False,False,97613307.0,Nate Dogg-Party We Will Throw Now!
"Alejandro Sanz - Te Lo Agradezco, Pero No feat. Shakira (Video Oficial)",Warner Music México,35309110.0,133486.0,3278.0,True,True,84956063.0,"Alejandro Sanz-Te lo agradezco, pero no (feat. Shakira)"
The Cure - Lullaby,TheCureVEVO,70195776.0,413725.0,10787.0,True,True,,The Cure-Lullaby - 2010 Remaster
"The Rolling Stones - Paint It, Black (Official Lyric Video)",ABKCOVEVO,434986145.0,3050582.0,87518.0,True,True,834723073.0,"The Rolling Stones-Paint It, Black"
Oscar Maydon x El Padrinito Toys - Los Collares [En Vivo],Rancho Humilde,30216471.0,172991.0,1320.0,False,False,55511415.0,Oscar Maydon-Los Collares
"Drake, 21 Savage - Major Distribution (Audio)",DrakeVEVO,7706203.0,102385.0,2065.0,True,True,107919519.0,21 Savage-Major Distribution
TSLAMP,MGMT - Topic,2071242.0,24279.0,257.0,True,True,16831436.0,MGMT-TSLAMP
Vicente Fernández - No Me Sé Rajar (En Vivo [Un Azteca en el Azteca]),vicentefernandezVEVO,14245327.0,34922.0,793.0,True,True,27222519.0,Vicente Fernández-No Me Sé Rajar
Slipknot - Before I Forget [OFFICIAL VIDEO] [HD],Slipknot,249436786.0,1421839.0,42357.0,True,True,383553771.0,Slipknot-Before I Forget
"Stevie Wonder, Andra Day - Someday At Christmas",StevieWonderVEVO,8143042.0,85655.0,2025.0,True,True,60742972.0,Stevie Wonder-Someday At Christmas
Bon Jovi - Bed Of Roses (Official Music Video),BonJoviVEVO,320174390.0,1144189.0,39728.0,True,True,277814070.0,Bon Jovi-Bed Of Roses
Outkast - The Way You Move (Official Video) ft. Sleepy Brown,OutkastVEVO,70891093.0,478016.0,8700.0,True,True,138105493.0,Outkast-The Way You Move (feat. Sleepy Brown)
"Zac Efron, Vanessa Hudgens - Gotta Go My Own Way (From ""High School Musical 2"")",DisneyMusicVEVO,31222205.0,322458.0,11634.0,True,True,147021007.0,Disney-Gotta Go My Own Way
The Black Eyed Peas - Where Is The Love? (Official Music Video),BlackEyedPeasVEVO,888076529.0,4899065.0,180386.0,True,True,752091441.0,Black Eyed Peas-Where Is The Love?
Nate Dogg - Keep It G.A.N.G.S.T.A  (Feat. Lil Mo & Xzibit),Classic Hip-Hop Archive,196434.0,1678.0,57.0,False,False,11303566.0,Nate Dogg-Keep It G.A.N.G.S.T.A. (feat. Lil' Mo & Xzibit)
Break it off (Bonus),PinkPantheress - Topic,166720.0,3233.0,10.0,True,True,163993761.0,PinkPantheress-Break it off - Bonus
Chris Brown - Under The Influence (Official Video),ChrisBrownVEVO,83793080.0,1357047.0,42849.0,True,True,646937556.0,Chris Brown-Under The Influence
Green Day - 21 Guns [Official Music Video],Green Day,470464081.0,2920109.0,124685.0,True,True,470768474.0,Green Day-21 Guns
Alicia Keys - Girl on Fire (Official Video),aliciakeysVEVO,402155443.0,2839141.0,88494.0,True,True,481344405.0,Alicia Keys-Girl on Fire
"Rosa Linn - ""Snap"" - Fargo Remix  (Official Visualizer)",Rosa Linn,1070486.0,21409.0,217.0,False,True,14027673.0,Rosa Linn-SNAP - Fargo Remix
Dr. Dre - The Watcher (Dirty/Explicit Music Video) Remastered 1080p,Rap Smoke,1192.0,22.0,0.0,False,False,85334262.0,Dr. Dre-The Watcher
Mari Fernandez - QUANDO TEM SENTIMENTO [Video Oficial],Mari Fernandez,9586519.0,80205.0,1407.0,False,True,6035000.0,Mari Fernandez-Quando Tem Sentimento
Jhene Aiko- Blue Dream (Souled Out),PoeticSlum,7998774.0,53340.0,913.0,False,False,59039707.0,Jhené Aiko-Blue Dream
Eminem - Sing For The Moment (Official Music Video),EminemVEVO,454015875.0,2471743.0,99418.0,True,True,357737050.0,Eminem-Sing For The Moment
Plan B - Si No Le Contesto [Official Video],Pina Records,179532506.0,644599.0,22110.0,True,True,202160300.0,Plan B-Si No Le Contesto
T-Pain - Turn All the Lights On (Audio) ft. Ne-Yo,TPainVEVO,25468817.0,195252.0,5809.0,True,True,97978985.0,T-Pain-Turn All the Lights On (feat. Ne-Yo)
"Atrangi Re: Rait Zara Si Full Video |@ARRahman|Akshay, Dhanush,Sara,Arijit, Shashaa | Bhushan K",T-Series,82721044.0,794372.0,11692.0,True,True,85746449.0,A.R. Rahman-Rait Zara Si
Kordhell & Scarlxrd - I FEEL ALIVE (Lyrics),NUMB Lyrics,54714.0,1066.0,44.0,False,False,9018817.0,Kordhell-I FEEL ALIVE
AC/DC - Thunderstruck (Official Video),acdcVEVO,1224226060.0,5989128.0,153047.0,True,True,1088388556.0,AC/DC-Thunderstruck
Tory Lanez - Broke In A Minute *Directed & Edited by Tory Lanez*,Tory Lanez,30154731.0,518074.0,17267.0,False,True,273237961.0,Tory Lanez-Broke In A Minute
KORDHELL - LAND OF FIRE,KORDHELL,4933734.0,107200.0,2107.0,False,True,27926832.0,Kordhell-LAND OF FIRE
,,,,,,,219794068.0,Bob Marley & The Wailers-Waiting In Vain
David Bowie – Space Oddity (Official Video),David Bowie,109314906.0,954906.0,41700.0,True,True,309430985.0,David Bowie-Space Oddity - 2015 Remaster
Billy Joel - Only the Good Die Young (Official Audio),billyjoelVEVO,3628335.0,29395.0,763.0,True,True,147480448.0,Billy Joel-Only the Good Die Young
Juanes - Nada Valgo Sin Tu Amor,JuanesVEVO,71016227.0,347023.0,7441.0,True,True,111397248.0,Juanes-Nada Valgo Sin Tu Amor
MF DOOM - One Beer (Official Video),Rhymesayers Entertainment,2709558.0,69662.0,2432.0,True,True,71827455.0,MF DOOM-One Beer
The Highwaymen - Highwayman,HighwaymenVEVO,47676840.0,335190.0,16382.0,True,True,193343622.0,Johnny Cash-Highwayman
Rosemary live @ Rock Am Ring [5-10],Deftones.it,103341.0,3182.0,141.0,False,False,49317095.0,Deftones-Rosemary
50 Cent-Best Friend(Remix),Lightning,291023.0,5729.0,46.0,False,False,160037992.0,50 Cent-Best Friend - Remix
Father Stretch My Hands Pt. 1,Kanye West - Topic,47207589.0,587832.0,6406.0,True,True,627167330.0,Kanye West-Father Stretch My Hands Pt. 1
"Morat, Juanes - Besos En Guerra",MoratVEVO,556400144.0,2467146.0,36111.0,True,True,426730287.0,Juanes-Besos En Guerra
Moonage Daydream (2012 Remaster),David Bowie - Topic,8640940.0,121706.0,934.0,True,True,176688422.0,David Bowie-Moonage Daydream - 2012 Remaster
Pink Floyd - The Great Gig In The Sky (PULSE Restored & Re-Edited),Pink Floyd,7433876.0,83454.0,4099.0,True,True,,Pink Floyd-The Great Gig in the Sky
Billy Joel - Vienna (Audio),billyjoelVEVO,25313756.0,337872.0,8553.0,True,True,324222155.0,Billy Joel-Vienna
MGMT - She Works Out Too Much (Music Video),RedNose Productions,10598.0,554.0,37.0,False,False,20772958.0,MGMT-She Works Out Too Much
Farruko - Passion Whine ft. Sean Paul (Official Video),FARRUKOVEVO,528082104.0,1592808.0,25210.0,True,True,195678858.0,Farruko-Passion Whine
"Snoop Dogg - Ain't No Fun feat. Nate Dogg, Warren G, Kurupt",Iron POWER,15845590.0,154812.0,3393.0,False,False,4643075.0,Nate Dogg-Ain't No Fun (feat. Snoop Dogg & Warren G) - J. Period Remix
Oasis - She's Electric (Official Lyric Video),OasisVEVO,7313387.0,67141.0,2865.0,True,True,98442003.0,Oasis-She's Electric - Remastered
50 Cent - In Da Club (Official Music Video),50CentVEVO,1682616458.0,10481678.0,296745.0,True,True,1041736808.0,50 Cent-In Da Club
Yuvanshankar Raja | Goa - Kaadal Endral Video,SonyMusicSouthVEVO,1484196.0,45812.0,662.0,True,True,20229994.0,Yuvan Shankar Raja-Kaadhal Endral
Eminem - Till I Collapse Feat. Nate Dogg [OFFICIAL MUSIC VIDEO],Mydełko,1931315.0,18992.0,291.0,False,False,1548871694.0,Eminem-Till I Collapse
The Little Mermaid - Under the Sea (from The Little Mermaid) (Official Video),DisneyMusicVEVO,320120240.0,722050.0,0.0,True,True,233844328.0,Disney-Under the Sea
"Luis Miguel - ""No Sé Tú"" (Video Oficial)",Warner Music México,140665690.0,411448.0,15387.0,True,True,172275945.0,Luis Miguel-No Sé Tú
Pusha T - Scrape It Off The Top ft. Lil Uzi Vert & Don Toliver (Visualizer),PUSHA T,712131.0,13233.0,505.0,False,False,50148408.0,Don Toliver-Scrape It Off (feat. Lil Uzi Vert & Don Toliver)
Hans Zimmer - Day One (Interstellar Soundtrack),Jennyni20 (Epic Music),1914243.0,18952.0,715.0,False,False,99255767.0,Hans Zimmer-Day One (Interstellar Theme)
Eden Muñoz - Chale (Video Oficial),Eden Muñoz,296597400.0,1479011.0,15732.0,True,True,257271396.0,Eden Muñoz-Chale
Usher - DJ Got Us Fallin' In Love (Official Music Video) ft. Pitbull,UsherVEVO,354202310.0,2186380.0,135579.0,True,True,586592445.0,Usher-DJ Got Us Fallin' In Love (feat. Pitbull)
Rosa Linn - Snap - (Official Video),Rosa Linn,10365919.0,176135.0,3708.0,False,True,72852362.0,Rosa Linn-SNAP - High and Fast
Chris Brown - No Guidance (Official Video) ft. Drake,ChrisBrownVEVO,445294846.0,3501617.0,121415.0,True,True,866702211.0,Chris Brown-No Guidance (feat. Drake)
Korn - Got The Life (Official HD Video),KornVEVO,90180423.0,399935.0,17940.0,True,True,173847822.0,Korn-Got the Life
ENHYPEN (엔하이픈) 'Tamed-Dashed' Official MV,HYBE LABELS,43967168.0,2394951.0,217742.0,True,True,77213510.0,ENHYPEN-Tamed-Dashed
LA DIFERENCIA  VICENTE FERNANDEZ VIDEO ORIGINAL HD,URIEL MAHECHA,353283.0,1496.0,54.0,False,False,96720839.0,Vicente Fernández-La Diferencia
Stevie Wonder - Part Time Lover Official Video,Video hits,979994.0,16149.0,507.0,False,False,116649949.0,Stevie Wonder-Part-Time Lover
Ludacris - How Low,LudacrisVEVO,62485334.0,282704.0,12738.0,True,True,88908679.0,Ludacris-How Low
Natanael Cano - Porte Exuberante ft. Oscar Maydon [Official Video],Rancho Humilde,95631444.0,887225.0,15265.0,False,False,135203524.0,Oscar Maydon-Porte Exuberante
Monalisa (Remix)- Lojay ft Sarz & Chris Brown,O'niel Visuals,7338751.0,63534.0,1202.0,False,False,44683570.0,Chris Brown-Monalisa
Jack Johnson - Banana Pancakes (Kokua Festival 2010),JackJohnsonVEVO,6351940.0,19794.0,602.0,True,True,454725475.0,Jack Johnson-Banana Pancakes
Varios Artistas Latinos - EL Ultimo Adios,Catheleya R,764831.0,5730.0,472.0,False,False,169769959.0,Alejandro Sanz-El Ultimo Adiós - Varios Artistas Version
Alejandro Fernández - Caballero (Video Oficial),AFernandezVEVO,115255907.0,410778.0,11398.0,True,True,156464615.0,Alejandro Fernández-Caballero
"You Should Be Dancing (Edit / From ""Saturday Night Fever"" Soundtrack)",Bee Gees - Topic,11483424.0,112139.0,298.0,True,True,155404216.0,"Bee Gees-You Should Be Dancing - Edit / From ""Saturday Night Fever"" Soundtrack"
The Cure - The Lovecats,TheCureVEVO,16892620.0,223582.0,3957.0,True,True,68848994.0,The Cure-The Lovecats
Pink floyd - Wish you were here (Original version),Parsifal Climacus,328482.0,5849.0,230.0,False,False,557368632.0,Pink Floyd-Wish You Were Here
"Calvin Harris - Stay With Me (Official Video) ft Justin Timberlake, Halsey & Pharrell",CalvinHarrisVEVO,26641550.0,315368.0,9132.0,True,True,99934776.0,"Pharrell Williams-Stay With Me (with Justin Timberlake, Halsey & Pharrell)"
P!NK - What About Us (Official Video),PinkVEVO,339837769.0,1819636.0,38357.0,True,True,662431775.0,P!nk-What About Us
BoyWithUke - Long Drives (Official Music Video),BoyWithUkeVEVO,40463692.0,1043598.0,24547.0,True,True,72517528.0,BoyWithUke-Long Drives
Camilo - Aeropuerto (Official Video),CamiloVEVO,15736532.0,152209.0,3756.0,True,True,31400753.0,Camilo-Aeropuerto
deftones - Mascara,SuperDeftoner,1317557.0,30269.0,498.0,False,False,42567093.0,Deftones-Mascara
Beyoncé - Love On Top (Official Video),BeyoncéVEVO,514532529.0,2260106.0,93092.0,True,True,524847088.0,Beyoncé-Love On Top
Kanye West - Flashing Lights ft. Dwele,KanyeWestVEVO,123256878.0,959510.0,35828.0,True,True,543286408.0,Kanye West-Flashing Lights
U2 - Pride (In The Name Of Love) (Songs Of Surrender / Lyric Video),U2VEVO,280321.0,7373.0,1041.0,True,True,1646179.0,U2-Pride (In The Name Of Love) - Songs Of Surrender
Bon Jovi - Livin' On A Prayer,BonJoviVEVO,1001651093.0,4560379.0,140853.0,True,True,1136987099.0,Bon Jovi-Livin' On A Prayer
John Mayer - Your Body Is a Wonderland (Official HD Video),johnmayerVEVO,82546986.0,350990.0,14035.0,True,True,473876426.0,John Mayer-Your Body Is a Wonderland
Mariah Carey - Christmas (Baby Please Come Home) (Official Audio),MariahCareyVEVO,17209207.0,57286.0,1925.0,True,True,226569574.0,Mariah Carey-Christmas (Baby Please Come Home)
Tory Lanez - Say It,ToryLanezVEVO,294691541.0,2004619.0,51673.0,True,True,379059402.0,Tory Lanez-Say It
Maná - Te Lloré Un Río (Video Oficial),OficialMana,224903903.0,499022.0,14747.0,True,True,51378138.0,Maná-Te Lloré Un Río
EVERYTIME WE TOUCH HARDSTYLE (SPED UP),SICK LEGEND - Topic,16004.0,267.0,0.0,True,True,9921887.0,SICK LEGEND-EVERYTIME WE TOUCH HARDSTYLE (SPED UP)
,,,,,,,286696.0,Bibi Blocksberg-Kapitel 17: Der Hexenbesenausflug (Folge 146)
"Adagio (After Bach's Violin Concerto No. 2, BWV 1042)",Gabriela Montero - Topic,5670.0,83.0,1.0,True,True,9099661.0,"Johann Sebastian Bach-Montero: Adagio (After Bach's Violin Concerto No. 2, BWV 1042)"
Radiohead - No Surprises,Radiohead,167847274.0,1274934.0,40034.0,True,True,379349681.0,Radiohead-No Surprises
Aerosmith - Crazy (Official Music Video),AerosmithVEVO,634261334.0,1992939.0,40482.0,True,True,315532319.0,Aerosmith-Crazy
Outkast - Rosa Parks (Official Video),OutkastVEVO,19138409.0,138449.0,5122.0,True,True,102502368.0,Outkast-Rosa Parks
Bee Gees - Stayin' Alive (Official Music Video),BeeGeesVEVO,281066254.0,2720170.0,71642.0,True,True,768175251.0,Bee Gees-Stayin Alive
Muse - Undisclosed Desires,Muse,111069898.0,484356.0,20481.0,True,True,152135034.0,Muse-Undisclosed Desires
System Of A Down - Spiders (Official HD Video),systemofadownVEVO,116004946.0,554702.0,18696.0,True,True,90938235.0,System Of A Down-Spiders
Alejandro Sanz - La Fuerza Del Corazón (Video Oficial),Warner Music México,59341295.0,181862.0,8012.0,True,True,93036744.0,Alejandro Sanz-La fuerza del corazón
"Enrique Iglesias - Bailando ft. Descemer Bueno, Gente De Zona (Español)",EnriqueIglesiasVEVO,3328780111.0,10159799.0,272098.0,True,True,686731812.0,Enrique Iglesias-Bailando - Spanish Version
Outkast - Roses (Official HD Video),OutkastVEVO,123823541.0,731057.0,18200.0,True,True,292224239.0,Outkast-Roses
P!nk - Just Give Me A Reason ft. Nate Ruess,PinkVEVO,1518313784.0,6420621.0,166423.0,True,True,995490565.0,P!nk-Just Give Me a Reason (feat. Nate Ruess)
Outkast - B.O.B. (Bombs Over Baghdad) (Official HD Video),OutkastVEVO,22776775.0,188283.0,8091.0,True,True,81911624.0,Outkast-B.O.B. - Bombs Over Baghdad
Usher - Love in This Club (Official Music Video) ft. Young Jeezy,UsherVEVO,220352721.0,798143.0,25149.0,True,True,187484145.0,Usher-Love in This Club (feat. Young Jeezy)
Billy Joel - She's Always a Woman (Audio),billyjoelVEVO,19962540.0,126911.0,4277.0,True,True,249630617.0,Billy Joel-She's Always a Woman
Don Toliver - After Party [Official Music Video],Don Toliver,78483083.0,1082398.0,22200.0,True,True,560791223.0,Don Toliver-After Party
Wild Horses (2009 Mix),The Rolling Stones - Topic,5082767.0,62311.0,194.0,True,True,218360742.0,The Rolling Stones-Wild Horses - 2009 Mix
Kordhell - Live Another Day  | (Official video),Elihu Lerma ,122361.0,3199.0,73.0,False,False,140232062.0,Kordhell-Live Another Day
Deftones - Digital Bath [Official Music Video],Deftones,3807263.0,43899.0,1160.0,True,True,64987410.0,Deftones-Digital Bath
ENHYPEN (엔하이픈) 'ParadoXXX Invasion' Official MV,HYBE LABELS,22177418.0,1051292.0,58256.0,True,True,24913902.0,ENHYPEN-ParadoXXX Invasion
Deva Deva - Brahmāstra | Amitabh B | Ranbir Kapoor | Alia Bhatt | Pritam | Arijit | Amitabh | Jonita,Sony Music India,84218237.0,923122.0,54428.0,True,True,60032339.0,Pritam-Deva Deva
Eden Muñoz - Consejos Gratis (Video Oficial),Eden Muñoz,6622129.0,68729.0,458.0,True,True,13405056.0,Eden Muñoz-Consejos Gratis
Pearl Jam - Daughter (Official Video),PearljamVEVO,6510093.0,47221.0,1311.0,True,True,149027003.0,Pearl Jam-Daughter - Remastered
Coldplay - Fix You (Official Video),Coldplay,566239229.0,2962029.0,114460.0,True,True,1115171056.0,Coldplay-Fix You
"Zé Felipe, @anacastelaoficial e @LuanPereiraLP  - Roça Em Mim (Videoclipe Oficial)",Zé Felipe,104479114.0,816378.0,14893.0,True,True,59858085.0,Ana Castela-Roça Em Mim
Bon Jovi - Always (Official Music Video),BonJoviVEVO,906667845.0,3364863.0,84798.0,True,True,399920066.0,Bon Jovi-Always
U2 - Vertigo (Official Music Video),U2VEVO,65513552.0,222605.0,9964.0,True,True,108148330.0,U2-Vertigo
Nate Dogg - Your wife feat Dr Dre,radoxo,5428329.0,37435.0,692.0,False,False,10372883.0,Nate Dogg-Your Wife (feat. Dr. Dre)
Beyoncé - Run the World (Girls) (Official Video),BeyoncéVEVO,554929045.0,2987341.0,238912.0,True,True,480726300.0,Beyoncé-Run the World (Girls)
Ek Din Aap - HD VIDEO | Shah Rukh Khan & Juhi Chawla | Yes Boss | 90's Romantic Hindi Songs,Ishtar Music,6088289.0,81537.0,1921.0,True,True,24127664.0,"Alka Yagnik-Ek Din Aap (From ""Yes Boss"")"
One of These Nights (2013 Remaster),The Eagles - Topic,10570240.0,101408.0,169.0,True,True,196959826.0,Eagles-One of These Nights - 2013 Remaster
"LYRICAL: Main Agar Kahoon | Om Shanti Om | Shahrukh Khan,Deepika Padukone | Sonu Nigam,Shreya Ghosal",T-Series,131716526.0,1124402.0,20864.0,True,True,49993575.0,Shreya Ghoshal-Main Agar Kahoon
Whitney Houston - I Have Nothing (Official HD Video),whitneyhoustonVEVO,698467783.0,3439891.0,100036.0,True,True,324899226.0,Whitney Houston-I Have Nothing
Hercules - I wont say im in love (english) HD Quality,vmville,1548721.0,23313.0,0.0,False,False,193227242.0,Disney-I Won't Say (I'm In Love)
Jhené Aiko - While We're Young (Official Video),JheneAikoVEVO,71704464.0,654079.0,15411.0,True,True,223210260.0,Jhené Aiko-While We're Young
SZA - Used (Lyric Video) ft. Don Toliver,SZAVEVO,904204.0,11866.0,131.0,True,True,49105411.0,Don Toliver-Used (feat. Don Toliver)
Vicente Fernández - Acá Entre Nos (En Vivo),vicentefernandezVEVO,94189126.0,270486.0,7087.0,True,True,122063663.0,Vicente Fernández-Acá Entre Nos
Michael Jackson - Billie Jean (Official Video),michaeljacksonVEVO,1300732161.0,9523245.0,508425.0,True,True,1302677366.0,Michael Jackson-Billie Jean
The Chainsmokers & Coldplay - Something Just Like This (Lyric),ChainsmokersVEVO,2118018686.0,10282499.0,270444.0,True,True,2030825694.0,Coldplay-Something Just Like This
Mariah Carey - Obsessed (Official Music Video),MariahCareyVEVO,204281507.0,1613939.0,116298.0,True,True,231493779.0,Mariah Carey-Obsessed
"Koi Mil Gaya Full Video - Kuch Kuch Hota Hai|Shah Rukh Khan,Kajol, Rani|Udit Narayan",SonyMusicIndiaVEVO,101644938.0,559577.0,17906.0,True,True,20874234.0,Alka Yagnik-Koi Mil Gaya
"Omar Montes, Farruko - Patio de la Cárcel (Tangos - Official Video)",OmarMontesVEVO,10487689.0,86026.0,1945.0,True,True,13182610.0,Farruko-Patio de la Cárcel - Tangos
MGMT - Weekend Wars,wayoverindub,8730516.0,27643.0,1810.0,False,False,46573173.0,MGMT-Weekend Wars
PARADA LOUCA (VAI BEBÊ ME PEDE PRA FAZER) - MARI FERNANDEZ & MARCYNHO SENSAÇÃO (CLIPE OFICIAL),Mari Fernandez,186825527.0,998025.0,9359.0,False,True,159151416.0,Mari Fernandez-Parada Louca
Ludovico Einaudi - Temple White (Performance Video),LudovicoEinaudiVEVO,768901.0,13389.0,445.0,True,True,12822980.0,Ludovico Einaudi-Temple White
Oscar Maydon - Kilos De H [En Vivo],Rancho Humilde,2095701.0,28803.0,518.0,True,True,5840280.0,Oscar Maydon-Kilos De H
Slipknot - Snuff [OFFICIAL VIDEO] [HD],Slipknot,151293970.0,1215219.0,48701.0,True,True,265277606.0,Slipknot-Snuff
"DVRST, Scarlxrd - Always Want Me",DVRST,307193.0,18245.0,1078.0,False,True,4991855.0,DVRST-Always Want Me
"Black Eyed Peas, Shakira - GIRL LIKE ME (Official Music Video)",BlackEyedPeasVEVO,662529115.0,5488829.0,222922.0,True,True,453923193.0,Black Eyed Peas-GIRL LIKE ME
d4vd - Separate (Official Audio),d4vd,132466.0,4259.0,124.0,False,True,4051032.0,d4vd-Separate
"Pink Floyd - Another Brick In The Wall, Part Two (Official Music Video)",Pink Floyd,42252469.0,405995.0,7172.0,True,True,,"Pink Floyd-Another Brick in the Wall, Pt. 2"
The Black Eyed Peas - I Gotta Feeling (Official Music Video),BlackEyedPeasVEVO,638267058.0,3670416.0,131565.0,True,True,1001227038.0,Black Eyed Peas-I Gotta Feeling
KORDHELL -  FATALITY (MUSIC VIDEO),KORDHELL,348332.0,10152.0,348.0,False,True,12546039.0,Kordhell-FATALITY
Madonna - La Isla Bonita (Official Video),Madonna,685767514.0,2960387.0,81481.0,True,True,257732847.0,Madonna-La Isla Bonita
Metallica - One (Official Music Video) [Remastered in HD],"No Music, No Life !",524.0,18.0,1.0,False,False,,Metallica-One (Remastered)
Ziggy Stardust (2012 Remaster),David Bowie - Topic,5426092.0,87437.0,330.0,True,True,119712975.0,David Bowie-Ziggy Stardust - 2012 Remaster
Mari Fernandez - SÓ DE IMAGINAR feat. Zé Vaqueiro (DVD Ao Vivo em Fortaleza),Mari Fernandez,80927736.0,386094.0,3029.0,False,True,31700063.0,Mari Fernandez-Só de Imaginar - Ao Vivo
"Bruno Mars, Anderson .Paak, Silk Sonic - Fly As Me [Music Video]",guardi,1291509.0,15378.0,393.0,False,False,60785922.0,Silk Sonic-Fly As Me
"Y, ¿Si Fuera Ella? (Official Video)",AlejandroSanzVEVO,44480443.0,352972.0,7956.0,True,True,179230151.0,"Juanes-Y, ¿Si Fuera Ella? - + Es +"
Kanye West - Violent Crimes (Music Video),Ray Moore Jr.,343239.0,10149.0,398.0,False,False,335460654.0,Kanye West-Violent Crimes
Michael Jackson - Don’t Stop 'Til You Get Enough (Official Video),michaeljacksonVEVO,349102050.0,2254295.0,89160.0,True,True,389644450.0,Michael Jackson-Don't Stop 'Til You Get Enough
Enrique Iglesias - Experiencia Religiosa,Enrique Iglesias,73403305.0,234999.0,8870.0,False,True,80835238.0,Enrique Iglesias-Experiencia Religiosa
P!nk - Raise Your Glass (Official Video),PinkVEVO,237232986.0,1026177.0,47667.0,True,True,502735560.0,P!nk-Raise Your Glass
Madonna - Like A Prayer (Official Video),Madonna,238938447.0,1163665.0,53658.0,True,True,255119669.0,Madonna-Like a Prayer
Gorillaz - On Melancholy Hill (Official Video),Gorillaz,211754952.0,1788577.0,55229.0,True,True,434663559.0,Gorillaz-On Melancholy Hill
Numb/Encore - Linkin Park ft. Jay Z (Unofficial Music Video),Neil Collins,47752493.0,219401.0,4024.0,False,False,778880225.0,JAY-Z-Numb / Encore
Oscar Maydon x El Chachito - Paradise [Official Video],Rancho Humilde,1051022.0,15990.0,333.0,False,False,2777926.0,Oscar Maydon-Paradise
50 Cent - Just A Lil Bit,50CentVEVO,476133463.0,2523312.0,42075.0,True,True,395155110.0,50 Cent-Just A Lil Bit
Usher - U Got It Bad (Official Video),UsherVEVO,275004902.0,1201965.0,30536.0,True,True,225292543.0,Usher-U Got It Bad
The Rolling Stones - You Can’t Always Get What You Want (Official Video) [4K],ABKCOVEVO,19965898.0,273817.0,9590.0,True,True,149203954.0,The Rolling Stones-You Can't Always Get What You Want
Oscar Maydon - Bye [Official Video],Rancho Humilde,916458.0,20678.0,448.0,False,False,7924445.0,Oscar Maydon-Bye
Green Day - Wake Me Up When September Ends [Official Music Video],Green Day,204329776.0,1636380.0,108818.0,True,True,572329705.0,Green Day-Wake Me up When September Ends
Beauty and the Beast - Be Our Guest [High Quality],disneysongsnet,47339991.0,105691.0,0.0,False,False,117809204.0,Disney-Be Our Guest
Oasis - Live Forever (Official HD Remastered Video),OasisVEVO,41433735.0,209073.0,7626.0,True,True,196083015.0,Oasis-Live Forever - Remastered
Bon Jovi - You Give Love A Bad Name (Official Music Video),BonJoviVEVO,344914092.0,1568340.0,45403.0,True,True,803312398.0,Bon Jovi-You Give Love A Bad Name
"Bruno Mars, Anderson .Paak, Silk Sonic - Smokin Out The Window [Official Music Video]",Bruno Mars,151533203.0,2221660.0,60693.0,True,True,331055439.0,Silk Sonic-Smokin Out The Window
"Jay-Z & Kanye West - No Church In The Wild ft. Frank Ocean, The-Dream",KanyeWestVEVO,106953199.0,826069.0,53502.0,True,True,293182456.0,JAY-Z-No Church In The Wild
@A. R. Rahman - Enna Sona Video|OK Jaanu|Arijit Singh|Shraddha Kapoor|Aditya Roy,SonyMusicIndiaVEVO,77095861.0,622085.0,12320.0,True,True,91092219.0,A.R. Rahman-Enna Sona
,,,,,,,125372275.0,Alejandro Fernández-Canta Corazón
Hoe Cakes- MF DOOM (Music Video),luismarvel,267452.0,8532.0,264.0,False,False,61815510.0,MF DOOM-Hoe Cakes
John Mayer - XO (Official Audio),johnmayerVEVO,17225578.0,100119.0,2527.0,True,True,345333488.0,John Mayer-XO
"Fivio Foreign, Kanye West, Alicia Keys - City of Gods (Official Video)",FivioForeignVEVO,24682355.0,427261.0,19331.0,True,True,94862708.0,Alicia Keys-City of Gods
MF DOOM - Madvillain - Accordion,Stones Throw,12833458.0,147287.0,10693.0,True,True,62923689.0,MF DOOM-Accordion
"DJ Chris no Beat, Luan Pereira, Ana Castela - Juliet e Chapelão (Bota, bota)",DJ Chris no Beat,66973446.0,410820.0,2907.0,True,True,37048885.0,Ana Castela-Juliet E Chapelão (Ao Vivo)
TZ da Coronel - Mirante ft. Borges (Áudio Oficial) #Faixa06,Calli Cartel Records,19203655.0,213186.0,1660.0,True,True,10871661.0,Tz da Coronel-Mirante
Korn - Here to Stay (Official HD Video),KornVEVO,45900065.0,253738.0,11506.0,True,True,,Korn-Here to Stay
Ludacris - Money Maker (Official Music Video) ft. Pharrell,LudacrisVEVO,24992886.0,124414.0,4078.0,True,True,64891481.0,Ludacris-Money Maker
Radiohead - Just,Radiohead,15041854.0,146328.0,6899.0,True,True,88945336.0,Radiohead-Just
,,,,,,,287594.0,Bibi Blocksberg-Kapitel 15: Der Hexenbesenausflug (Folge 146)
The Eagles - Love Will Keep Us Alive,hugo chama,3697011.0,30924.0,761.0,False,False,49573670.0,Eagles-Love Will Keep Us Alive
Metallica: Enter Sandman (Official Music Video),Metallica,573553706.0,2828795.0,81335.0,True,True,,Metallica-Enter Sandman (Remastered)
"A Great Big World, Christina Aguilera - Say Something",AGreatBigWorldVEVO,623214107.0,4473354.0,130521.0,True,True,926130037.0,Christina Aguilera-Say Something
"Gorillaz - New Gold ft. Tame Impala, Bootie Brown (Dom Dolla Remix) (Official Live Video)",Dom Dolla,451996.0,11686.0,241.0,False,True,10666154.0,Gorillaz-New Gold (feat. Tame Impala and Bootie Brown) - Dom Dolla Remix
blink-182 - EDGING (Official Video),blink182VEVO,13377823.0,308826.0,23907.0,True,True,23876669.0,blink-182-EDGING
Oasis - Supersonic (Official HD Remastered Video),OasisVEVO,62494588.0,267021.0,11268.0,True,True,120315940.0,Oasis-Supersonic - Remastered
Maná - Mariposa Traicionera (Video Oficial),OficialMana,354928492.0,984598.0,23092.0,True,True,48090397.0,Maná-Mariposa Traicionera
Himno A La Alegría,LaCarboneriaVEVO,3115349.0,58757.0,2337.0,True,True,21257546.0,Alejandro Sanz-Himno A La Alegría
Pearl Jam Black music video,WalkerBoh1702,726340.0,4300.0,359.0,False,False,348404281.0,Pearl Jam-Black
Pink Floyd-Hey You {Music Video},mic floyd,6305982.0,46296.0,1746.0,False,False,,Pink Floyd-Hey You
Christina Aguilera ft Varios Artistas - El Ultimo Adiós,jesus sanchez,8605.0,118.0,7.0,False,False,169769959.0,Christina Aguilera-El Ultimo Adiós - Varios Artistas Version
Sunday Bloody Sunday (Remastered 2008),U2 - Topic,963144.0,19714.0,72.0,True,True,312372765.0,U2-Sunday Bloody Sunday - Remastered 2008
DVRST - REASON TO LIVE,DVRST,5980254.0,95638.0,3119.0,False,True,10622544.0,DVRST-REASON TO LIVE
"Black Eyed Peas, Shakira, David Guetta - DON'T YOU WORRY (Official Music Video)",BlackEyedPeasVEVO,144690551.0,1327396.0,57072.0,True,True,162685755.0,Black Eyed Peas-DON'T YOU WORRY
Maná & Alejandro Fernández - Mariposa Traicionera (Video Oficial),OficialMana,43753387.0,221624.0,4115.0,True,True,48090397.0,Alejandro Fernández-Mariposa Traicionera
BoyWithUke - Loafers (Official Lyric Video),BoyWithUke,9422983.0,198557.0,6855.0,False,True,37970763.0,BoyWithUke-Loafers
"Param Sundari -Official Video | Mimi | Kriti Sanon, Pankaj Tripathi | @ARRahman| Shreya |Amitabh",Sony Music India,435786754.0,4077182.0,159031.0,True,True,78684300.0,A.R. Rahman-Param Sundari
The Offspring - Pretty Fly (For A White Guy) (Official Music Video),OffspringVEVO,57233610.0,486900.0,9356.0,True,True,341892169.0,The Offspring-Pretty Fly (For A White Guy)
Vicente Fernández - De Que Manera Te Olvido 1980,jaleons2007,3838898.0,18150.0,477.0,False,False,46521750.0,Vicente Fernández-De Qué Manera Te Olvido
Gorillaz - New Gold ft. Tame Impala & Bootie Brown (Official Visualiser),Gorillaz,8435055.0,282142.0,7399.0,True,True,63063467.0,Gorillaz-New Gold (feat. Tame Impala and Bootie Brown)
KORDHELL - MURDER IN MY MIND,KORDHELL,94534376.0,1512393.0,21094.0,True,True,16657662.0,Kordhell-Murder In My Mind - Slowed + Reverb
"Jack Harlow - WHATS POPPIN feat. Dababy, Tory Lanez, & Lil Wayne [Official Video]",Jack Harlow,256025742.0,2437220.0,70659.0,True,True,638746688.0,"Tory Lanez-WHATS POPPIN (feat. DaBaby, Tory Lanez & Lil Wayne) - Remix"
Alicia Keys - Un-thinkable (I'm Ready) (Official Video),aliciakeysVEVO,101603754.0,675406.0,29205.0,True,True,94738753.0,Alicia Keys-Un-thinkable (I'm Ready)
Bob Marley - Is This Love,Reggae Life,325433542.0,2096610.0,53613.0,False,False,263155760.0,"Bob Marley & The Wailers-No Woman, No Cry - Live At The Lyceum, London/1975"
Tz da Coronel - Se Você For Embora 💔 (Prod. Langris),Tz da Coronel,6344279.0,150080.0,3084.0,True,True,5282438.0,Tz da Coronel-Se Você For Embora
"Michael Jackson, Justin Timberlake - Love Never Felt So Good (Official Video)",michaeljacksonVEVO,343328494.0,2121502.0,53821.0,True,True,280500270.0,Michael Jackson-Love Never Felt So Good
Willie Nelson - Roll Me Up and Smoke Me When I Die (Live Version),WillieNelsonVEVO,8726119.0,58292.0,1658.0,True,True,9999321.0,Jack Johnson-Roll Me Up and Smoke Me When I Die - Live
Beyoncé - Drunk in Love (Explicit) ft. JAY Z,BeyoncéVEVO,687031207.0,2906283.0,129479.0,True,True,520085958.0,Beyoncé-Drunk in Love (feat. Jay-Z)
Muse - Hysteria [Official Music Video],Muse,101176337.0,488937.0,15957.0,True,True,201041577.0,Muse-Hysteria
Creedence Clearwater Revival -  Who'll Stop The Rain [Clip Archives] 1969,DiscoBar80,7921737.0,42678.0,1016.0,False,False,151656881.0,Creedence Clearwater Revival-Who'll Stop The Rain
A Whole New World (Remastered 2022),Brad Kane - Topic,14170.0,141.0,0.0,True,True,244111564.0,Disney-A Whole New World - Remastered 2022
"Juanes, Nelly Furtado - Fotografía (Official Music Video)",JuanesVEVO,95611453.0,373586.0,10534.0,True,True,143679291.0,Juanes-Fotografía
"Black Eyed Peas, J Balvin - RITMO (Bad Boys For Life) (Official Music Video)",BlackEyedPeasVEVO,1021503328.0,6398855.0,130819.0,True,True,869795408.0,Black Eyed Peas-RITMO (Bad Boys For Life)
New Kid in Town (2013 Remaster),The Eagles - Topic,54913481.0,266141.0,3002.0,True,True,112876885.0,Eagles-New Kid in Town - 2013 Remaster
Rosa Linn - Snap - (Official Video),Rosa Linn,10365919.0,176135.0,3708.0,False,True,6854805.0,Rosa Linn-SNAP - Low and Slow
Mariah Carey - We Belong Together (Official Music Video),MariahCareyVEVO,557340303.0,2207817.0,78714.0,True,True,431793600.0,Mariah Carey-We Belong Together
"Reik, Farruko, Camilo - Si Me Dices Que Sí",reikVEVO,129179970.0,897239.0,13226.0,True,True,290126900.0,Farruko-Si Me Dices Que Sí
RUN DMC - Walk This Way (Official HD Video) ft. Aerosmith,RUNDMCVEVO,112158305.0,787792.0,21937.0,True,True,392902327.0,Aerosmith-Walk This Way
"Luis Miguel - ""Hasta Que Me Olvides"" (Vídeo Oficial)",Luis Bibián Oficial,1006758.0,13068.0,1056.0,False,False,303652374.0,Luis Miguel-Hasta Que Me Olvides
Felipe e Murillo ft. Ana Castela - Ô Lá Na Roça (Oficial),Felipe e Murillo,71200382.0,234519.0,1579.0,False,True,27677492.0,Ana Castela-Ô Lá na Roça - Ao Vivo
Muse - Supermassive Black Hole [Official Music Video],Muse,65115769.0,368298.0,26853.0,True,True,407737878.0,Muse-Supermassive Black Hole
Numb/Encore [Live] - Linkin Park & Jay Z,Linkin Park,44436981.0,226771.0,9260.0,True,True,778880225.0,Linkin Park-Numb / Encore
"Ladki Badi Anjani Hai Full Video - Kuch Kuch Hota Hai|Shah Rukh Khan,Kajol|Kumar Sanu",SonyMusicIndiaVEVO,442248940.0,1498794.0,52274.0,True,True,26340770.0,Alka Yagnik-Ladki Badi Anjani Hai
Aventura - El Malo,Aventura,311731722.0,811256.0,16653.0,True,True,247080907.0,Aventura-El Malo
T-Pain - Booty Wurk (One Cheek At a Time) ft. Joey Galaxy,TPainVEVO,89601251.0,538106.0,11957.0,True,True,116828489.0,T-Pain-Booty Wurk (One Cheek At a Time) (feat. Joey Galaxy)
AC/DC - Back In Black (Official Video),acdcVEVO,915158054.0,5643694.0,134549.0,True,True,1182379398.0,AC/DC-Back In Black
Plan B - Fanática Sensual ft. Nicky Jam (Remix) [Official Audio],Pina Records,126126076.0,465629.0,11030.0,True,True,,Plan B-Fanática Sensual - Remix
BoyWithUke - Prairies (Official Lyric Video),BoyWithUke,10430468.0,192296.0,5356.0,False,True,21156648.0,BoyWithUke-Prairies (with mxmtoon)
"TINI, Alejandro Sanz - Un Beso en Madrid",TiniVEVO,43307047.0,627919.0,77394.0,True,True,79232138.0,Alejandro Sanz-Un Beso en Madrid
Green Day - Holiday/Boulevard Of Broken Dreams (Video),Beto Cruz,168152.0,3045.0,182.0,False,False,352299012.0,Green Day-Holiday / Boulevard of Broken Dreams
Chris Brown - With You (Official Video),ChrisBrownVEVO,595358298.0,2639677.0,96771.0,True,True,327435679.0,Chris Brown-With You
BoyWithUke - Understand,BoyWithUkeVEVO,63409296.0,1241981.0,33086.0,True,True,68781432.0,BoyWithUke-Understand
Eminem - Love The Way You Lie ft. Rihanna,EminemVEVO,2539156924.0,12696568.0,599124.0,True,True,1115478746.0,Eminem-Love The Way You Lie
Alicia Keys - If I Ain't Got You (Official Video),aliciakeysVEVO,288876804.0,2108983.0,32185.0,True,True,776415001.0,Alicia Keys-If I Ain't Got You
PinkPantheress - Boy's a liar (Official Visualiser),Pinkpantheress,2518090.0,68524.0,1066.0,True,True,62129501.0,PinkPantheress-Boy's a liar
Vicente Fernández - Volver Volver,vicentefernandez®,146183529.0,331279.0,10142.0,False,False,98378211.0,"Vicente Fernández-Volver, Volver"
Oasis - Songbird (Official Video),Oasis,10810618.0,50735.0,65.0,True,True,42404903.0,Oasis-Songbird
Notorious Thugs - The Notorious B.I.G. & Bone Thugs and Harmony,WhereClassicHipHopLives,420894.0,6707.0,386.0,False,False,193681748.0,The Notorious B.I.G.-Notorious Thugs - 2014 Remaster
"Full Video: Tum Se Hi | Jab We Met | Kareena Kapoor, Shahid Kapoor | Mohit Chauhan | Pritam",T-Series,65425800.0,605862.0,12977.0,True,True,105143682.0,Pritam-Tum Se Hi
Muse - Psycho [Official Lyric Video],Muse,77060302.0,604210.0,22593.0,True,True,207866342.0,Muse-Psycho
Marc Anthony - Qué Precio Tiene el Cielo (Audio),marcanthonyVEVO,112958999.0,196022.0,3265.0,True,True,124092034.0,Marc Anthony-Qué Precio Tiene el Cielo - Salsa Version
Jay-Z & Kanye West - Ni**as In Paris (Explicit),KanyeWestVEVO,374189685.0,2521768.0,103200.0,True,True,1054470731.0,JAY-Z-Ni**as In Paris
,,,,,,,58728084.0,Hans Zimmer-S.T.A.Y.
METAMORPHOSIS 2 (Sped Up),INTERWORLD - Topic,233479.0,6327.0,35.0,True,True,720994.0,INTERWORLD-METAMORPHOSIS 2 - Sped Up
"Chris Brown, Young Thug - Go Crazy (Official Video)",ChrisBrownVEVO,161055631.0,1813108.0,56309.0,True,True,581510489.0,Chris Brown-Go Crazy
Green Day - When I Come Around [Official Music Video],Green Day,110891049.0,588715.0,22284.0,True,True,373991248.0,Green Day-When I Come Around
"""Kabira Full Song"" Yeh Jawaani Hai Deewani | Pritam | Ranbir Kapoor, Deepika Padukone",T-Series,368043095.0,2156715.0,38383.0,True,True,106694938.0,Pritam-Kabira
DVRST - Close Eyes,DVRST,61435852.0,1268966.0,25086.0,False,True,293016026.0,DVRST-Close Eyes
Nate Dogg - Music and me,radoxo,50038923.0,284168.0,7811.0,False,False,41909680.0,Nate Dogg-Music & Me
"Mera Dil Bhi Kitna Paagal Hai | Saajan | Kumar Sanu, Alka Yagnik | Nadeem-Shravan | Sameer",AniMusic,65590552.0,327137.0,8124.0,False,False,20030923.0,"Alka Yagnik-Mera Dil Bhi Kitna Pagal Hai (From ""Saajan"")"
Ricardo Arjona - Mujeres (Official Video),Ricardo Arjona,8256217.0,66946.0,2418.0,False,True,136529171.0,Ricardo Arjona-Mujeres
Plan B - Por Que Te Demoras?  [Official Audio],Plan B,29402331.0,246058.0,2709.0,True,True,,Plan B-¿por Que Te Demoras?
FALLEN,INTERWORLD - Topic,135273.0,3784.0,20.0,True,True,1935947.0,INTERWORLD-FALLEN
Creedence Clearwater Revival - Have You Ever Seen The Rain (Official),CCRVEVO,299246333.0,2268246.0,33609.0,True,True,975300588.0,Creedence Clearwater Revival-Have You Ever Seen The Rain
Bob Dylan with Johnny Cash - Girl from the North Country (Official Audio),BobDylanVEVO,4139161.0,49336.0,1637.0,True,True,134134207.0,Johnny Cash-Girl from the North Country
In The End [Official HD Music Video] - Linkin Park,Linkin Park,1487186392.0,10183387.0,409471.0,True,True,1444841705.0,Linkin Park-In the End
Billy Joel - My Life (Official Video),billyjoelVEVO,21629232.0,125895.0,5440.0,True,True,160300355.0,Billy Joel-My Life
Korn - Word Up! (Official Video),KornVEVO,8828363.0,95305.0,1952.0,True,True,108785681.0,Korn-Word Up!
Crawling [Official HD Music Video] - Linkin Park,Linkin Park,374506972.0,2197293.0,96490.0,True,True,391929621.0,Linkin Park-Crawling
Die drei Fragezeichen - Das Geheimnis der Geisterinsel,Serien Schätze de,21912.0,256.0,5.0,False,False,,Die drei ???-Teil 10 - Das Geheimnis der Geisterinsel
"Bole Chudiyan Full Video - K3G|Amitabh, Shah Rukh, Kajol, Kareena, Hrithik|Udit Narayan",SonyMusicIndiaVEVO,763521214.0,3554364.0,116387.0,True,True,42519818.0,Alka Yagnik-Bole Chudiyan
"MC CABELINHO - ESSÊNCIA DE CRIA ft. BIELZIN, TZ DA CORONEL e MC POZE DO RODO (prod. NEO BEATS )",MC Cabelinho,74623030.0,788991.0,8160.0,True,True,63526652.0,Tz da Coronel-ESSÊNCIA DE CRIA
"The Offspring - ""Come Out And Play""",Epitaph Records,36654890.0,221439.0,5657.0,True,True,189225415.0,The Offspring-Come Out and Play
"Metro Boomin, The Weeknd, 21 Savage - Creepin' (Visualizer)",MetroBoominVEVO,17011354.0,325993.0,5530.0,True,True,279832635.0,21 Savage-Creepin' (with The Weeknd & 21 Savage)
Kanye West - Heartless,KanyeWestVEVO,200458945.0,1310078.0,63150.0,True,True,720756420.0,Kanye West-Heartless
What I've Done [Official Music Video] - Linkin Park,Linkin Park,587927093.0,3370635.0,148741.0,True,True,589294152.0,Linkin Park-What I've Done
"Skrillex, PinkPantheress & Trippie Redd - Way Back [Official Audio]",Skrillex,963174.0,49191.0,2650.0,True,True,6934008.0,PinkPantheress-Way Back
System Of A Down - Chop Suey! (Official HD Video),systemofadownVEVO,1232003777.0,7083485.0,329548.0,True,True,949503301.0,System Of A Down-Chop Suey!
Jhené Aiko - P*$$Y FAIRY (OTW),Jhené Aiko,102465566.0,824528.0,15282.0,False,True,143822689.0,Jhené Aiko-P*$$Y Fairy (OTW)
Muse - Knights Of Cydonia  (Video),Muse,45980398.0,254648.0,16380.0,True,True,188191094.0,Muse-Knights of Cydonia
Maná - Bendita Tu Luz (Video Oficial),OficialMana,223276758.0,683854.0,15509.0,True,True,181984310.0,Maná-Bendita Tu Luz
Deftones - Change (In The House Of Flies) [Official Music Video],Deftones,33943823.0,388244.0,12705.0,True,True,221006767.0,Deftones-Change (In the House of Flies)
System Of A Down - Aerials (Official HD Video),systemofadownVEVO,391073429.0,2007787.0,59023.0,True,True,340999078.0,System Of A Down-Aerials
Tu Principe - Daddy Yankee Ft  Zion & Lennox VIDEO 2011,Gianluca Vargas Gonzalez,39763039.0,135919.0,4338.0,False,False,203988701.0,Daddy Yankee-Tu Príncipe
Alejandro Fernández - Como Quien Pierde Una Estrella (Video Oficial),AFernandezVEVO,111327439.0,400716.0,7918.0,True,True,114029986.0,Alejandro Fernández-Como Quien Pierde una Estrella
Bee Gees - Night Fever,BeeGeesVEVO,42329727.0,303542.0,7924.0,True,True,300077531.0,"Bee Gees-Night Fever - From ""Saturday Night Fever"" Soundtrack"
Juanes - La Camisa Negra,JuanesVEVO,185723950.0,1156885.0,29495.0,True,True,275765175.0,Juanes-La Camisa Negra
Ludacris - Area Codes (Official Music Video) ft. Nate Dogg,LudacrisVEVO,413007.0,14654.0,465.0,True,True,56046638.0,Ludacris-Area Codes
Rhymes Like Dimes,MF DOOM - Topic,663605.0,11428.0,185.0,True,True,67864490.0,MF DOOM-Rhymes Like Dimes
Drake & 21 Savage - Jimmy Cooks,Drake,12454143.0,461647.0,14487.0,False,True,413205085.0,21 Savage-Jimmy Cooks (feat. 21 Savage)
Kesariya - Brahmāstra | Ranbir Kapoor | Alia Bhatt | Pritam | Arijit Singh | Amitabh Bhattacharya,Sony Music India,404999375.0,5394887.0,156860.0,True,True,237685270.0,Pritam-Kesariya
Ana Castela ft. Léo e Raphael - As Menina da Pecuária (Clipe Oficial),Ana Castela,53219231.0,347008.0,3727.0,True,True,20808868.0,Ana Castela-As Menina da Pecuária
The Notorious B.I.G. - Gimme the Loot (Official Audio),The Notorious B.I.G.,12960794.0,132704.0,3865.0,True,True,113010757.0,The Notorious B.I.G.-Gimme the Loot - 2005 Remaster
Bon Jovi - Runaway,BonJoviVEVO,137551093.0,566860.0,17345.0,True,True,197345911.0,Bon Jovi-Runaway
Red Hot Chili Peppers - Snow (Hey Oh) (Official Music Video),Red Hot Chili Peppers,320871237.0,1272266.0,37004.0,True,True,860722316.0,Red Hot Chili Peppers-Snow (Hey Oh)
DVRST - Close Eyes (Slowed + Reverb),Chill Nation,47297902.0,459981.0,2968.0,True,True,86211228.0,DVRST-Close Eyes - Slowed + Reverb
50 Cent - Candy Shop (Official Music Video) ft. Olivia,50CentVEVO,838974650.0,5014527.0,113251.0,True,True,701248893.0,50 Cent-Candy Shop
Ludovico Einaudi - The Tree,LudovicoEinaudiVEVO,241537.0,5145.0,235.0,True,True,3368451.0,Ludovico Einaudi-The Tree
Vicente Fernández - Hermoso Cariño (En Vivo),vicentefernandezVEVO,121626588.0,346188.0,6325.0,True,True,120854021.0,Vicente Fernández-Hermoso Cariño
"Caio Luccas ""Vitoria Dobrada"" 🏆✌🏿 ft. Tz da Coronel (Prod. Dallass, Mozin & Rocco)",Caio Luccas,1861625.0,69418.0,1637.0,True,True,2898854.0,Tz da Coronel-Vitória Dobrada
Billy Joel - Just the Way You Are (Audio),billyjoelVEVO,35450181.0,231220.0,9179.0,True,True,186034963.0,Billy Joel-Just the Way You Are
Ricardo Arjona - Fuiste tú feat. Gaby Moreno (Video Oficial),Ricardo Arjona,1094037499.0,2448579.0,81497.0,True,True,332284501.0,Ricardo Arjona-Fuiste Tú (feat. Gaby Moreno)
"Dr. Dre, Eminem - Gospel (Official Video) GTA ONLINE Soundtrack",The Good Life,34499.0,649.0,31.0,False,False,54127300.0,Dr. Dre-Gospel (with Eminem)
"THE BEE GEES  ""I STARTED A JOKE""   1968   HQ AUDIO",GreatPerformers1,3424501.0,37440.0,2387.0,False,False,102310593.0,Bee Gees-I Started A Joke
Britney Spears - Toxic (Official HD Video),BritneySpearsVEVO,593978662.0,3931975.0,155815.0,True,True,893129259.0,Britney Spears-Toxic
"Hans Zimmer - First Step (Original soundtrack ""Interstellar"" - Main Theme) Special Music Video 2019",WM Travel to Waters by VideoWolf,9613.0,201.0,119.0,False,False,23482064.0,Hans Zimmer-First Step
Michael Jackson - Beat It (Official 4K Video),michaeljacksonVEVO,905692299.0,6656468.0,259358.0,True,True,826832314.0,Michael Jackson-Beat It
"Silk Sonic Billboard Music Awards 2022 Performance ""Love's Train""",BrunoMarsVEVO,15487532.0,184905.0,7601.0,True,True,53905961.0,Silk Sonic-Love's Train
Korn - Coming Undone,KornVEVO,118552673.0,684420.0,24250.0,True,True,242029071.0,Korn-Coming Undone
Vicente Fernández - Mujeres Divinas (En Vivo),vicentefernandezVEVO,91405199.0,240964.0,4157.0,True,True,144442434.0,Vicente Fernández-Mujeres Divinas
INTERWORLD x MoonDeity - One Chance,Chill Nation,55579.0,1597.0,55.0,True,True,798589.0,INTERWORLD-One Chance
Deftones - Sextape [Official Music Video],Deftones,27042523.0,301823.0,11022.0,True,True,100152537.0,Deftones-Sextape
Eden Muñoz - Mientes Tan Bien (Video Oficial),Eden Muñoz,12111415.0,73656.0,910.0,True,True,6915455.0,Eden Muñoz-Mientes Tan Bien
Ricardo Arjona - Como Duele (Video Oficial),Ricardo Arjona,98574822.0,248914.0,6332.0,True,True,59753268.0,Ricardo Arjona-Cómo Duele
P!nk - Try (Official Video),PinkVEVO,534286492.0,2554163.0,78435.0,True,True,476783121.0,P!nk-Try
Ella Me Levanto  - Daddy Yankee (Official Video),DaddyYankee VEVO,864990.0,10360.0,193.0,False,False,201700378.0,Daddy Yankee-Ella Me Levanto
Whitney Houston - How Will I Know (Official Video),whitneyhoustonVEVO,129596945.0,542989.0,20742.0,True,True,246928304.0,Whitney Houston-How Will I Know
Deftones - My Own Summer (Official Music Video) [HD Remaster],Deftones,34336850.0,265625.0,9783.0,True,True,176388309.0,Deftones-My Own Summer (Shove It)
P!nk - Who Knew (Official Video),PinkVEVO,168736063.0,611231.0,20095.0,True,True,219363750.0,P!nk-Who Knew
"Rosa Linn, Alfa - SNAP (Italian)",Rosa Linn,392513.0,7552.0,237.0,False,True,9396531.0,Rosa Linn-SNAP - Italian
Creedence Clearwater Revival - Up Around The Bend,Creedence Clearwater Revival,5546781.0,43760.0,725.0,False,True,211189899.0,Creedence Clearwater Revival-Up Around The Bend
Whitney Houston - How Will I Know (Official Video),whitneyhoustonVEVO,129596945.0,542989.0,20742.0,True,True,79724836.0,Whitney Houston-How Will I Know
Jhené Aiko - OTW (Audio) ft. Mila J,JheneAikoVEVO,26606392.0,188421.0,3774.0,True,True,47089853.0,Jhené Aiko-On The Way (feat. Mila J)
Hitmaker e Ana Castela - Reverse,Music,1905868.0,13641.0,109.0,False,False,26028173.0,Ana Castela-Reverse
,,,,,,,726093012.0,Bob Marley & The Wailers-Three Little Birds
DVRST - CLOSE EYES (speed up + reverb),Meow12,417860.0,6626.0,142.0,False,False,6595940.0,DVRST-Close Eyes - Sped Up
Varios Artistas Latinos - EL Ultimo Adios,Catheleya R,764831.0,5730.0,472.0,False,False,169769959.0,Alejandro Fernández-El Ultimo Adiós - Varios Artistas Version
Daft Punk - Something About Us (Official Video),Daft Punk,77464307.0,723914.0,23915.0,True,True,185381876.0,Daft Punk-Something About Us
MF Doom - Doomsday,Tormatic,14749326.0,215093.0,16473.0,False,False,129176400.0,MF DOOM-Doomsday
Deftones - 7 Words [Official Music Video],Deftones,1233459.0,11311.0,527.0,True,True,31416260.0,Deftones-7 Words
Bon Jovi - It's My Life (Official Music Video),BonJoviVEVO,1215486930.0,6590921.0,184288.0,True,True,633798307.0,Bon Jovi-It's My Life
Coldplay X BTS - My Universe (Official Video),Coldplay,254655970.0,8867547.0,432726.0,True,True,883224238.0,Coldplay-My Universe
Hans Zimmer - Time (Official Audio),WaterTower Music,2253213.0,32073.0,982.0,True,True,274717861.0,Hans Zimmer-Time
Plan B - Fanatica Sensual Official Video,planbVEVO,530194336.0,2625403.0,84947.0,True,True,,Plan B-Fanática Sensual
Pearl Jam - Jeremy (Official 4K Video),PearljamVEVO,135820252.0,594073.0,29110.0,True,True,270771263.0,Pearl Jam-Jeremy
Nate Dogg feat. Warren G - Nobody Does It Better,Urbanvids,85998.0,1886.0,77.0,False,False,33117711.0,Nate Dogg-Nobody Does It Better
The Cure - Close To Me (HD Remastered),Remastered videos,42747.0,1128.0,92.0,False,False,,The Cure-Close to Me - 2006 Remaster
Red Hot Chili Peppers - Can't Stop [Official Music Video],Red Hot Chili Peppers,336635759.0,1740224.0,32573.0,True,True,866464951.0,Red Hot Chili Peppers-Can't Stop
Stevie Wonder - Sir Duke,elyg12,4146742.0,22326.0,1048.0,False,False,260138692.0,Stevie Wonder-Sir Duke
"Léo Santana, MC Don Juan, Mari Fernandez - Áudio Que Te Entrega (Clipe Oficial)",Léo Santana,119510539.0,532532.0,2983.0,False,True,79593994.0,Mari Fernandez-Áudio Que Te Entrega - Faixa Bônus
"Jay-Z x Kanye West ""Gotta Have It"" Music Video",Sebastian Sdaigui,681129.0,6477.0,291.0,False,False,128273029.0,JAY-Z-Gotta Have It
Beyoncé - ALIEN SUPERSTAR (Official Lyric Video),BeyoncéVEVO,15896207.0,226588.0,7996.0,True,True,116409094.0,Beyoncé-ALIEN SUPERSTAR
Red Hot Chili Peppers - By The Way [Official Music Video],Red Hot Chili Peppers,179005296.0,784717.0,20084.0,True,True,367485508.0,Red Hot Chili Peppers-By the Way
Oscar Maydon x Junior H - Fin De Semana [Official Video],Rancho Humilde,16085705.0,256049.0,1927.0,False,False,33049205.0,Oscar Maydon-Fin de Semana
Aventura - Dile Al Amor,Aventura,240183556.0,901996.0,15894.0,True,True,290951018.0,Aventura-Dile al Amor
Pharrell - Frontin' (Official HD Video) ft. Jay-Z,PharrellWilliamsVEVO,59095041.0,433116.0,13530.0,True,True,114177468.0,Pharrell Williams-Frontin' (feat. Jay-Z) - Club Mix
Juanes - Volverte A Ver (Official Music Video),JuanesVEVO,111292554.0,398944.0,9890.0,True,True,97521080.0,Juanes-Volverte A Ver
"Luis Miguel - ""Por Debajo de la Mesa"" (Video Oficial)",Warner Music México,117161559.0,372824.0,11354.0,True,True,235730264.0,Luis Miguel-Por Debajo De La Mesa
Oasis - Don't Look Back In Anger (Official HD Remastered Video),OasisVEVO,5216690.0,82027.0,3101.0,True,True,,Oasis-Don't Look Back In Anger - Remastered
Johnny Cash - Ring Of Fire (OFFICIAL VIDEO) COLOR VERSION ReMastered,VDJ MikeyMike,656414.0,6799.0,230.0,False,False,295020202.0,Johnny Cash-Ring of Fire
AC/DC - Shoot To Thrill (Iron Man 2 Version),acdcVEVO,172293392.0,642344.0,17673.0,True,True,292026041.0,AC/DC-Shoot to Thrill
John Mayer - Free Fallin' (Live at the Nokia Theatre),johnmayerVEVO,123586164.0,548654.0,20198.0,True,True,474465270.0,"John Mayer-Free Fallin' - Live at the Nokia Theatre, Los Angeles, CA - December 2007"
MF DOOM RAID,Nicholas Damiano,986916.0,86055.0,1102.0,False,False,39094279.0,MF DOOM-Raid
Plan B - Es un secreto [Official Video],Pina Records,403129581.0,2069220.0,51057.0,True,True,393475189.0,Plan B-Es un Secreto
Die drei Fragezeichen - Das Geheimnis der Geisterinsel,Serien Schätze de,21912.0,256.0,5.0,False,False,,Die drei ???-Teil 4 - Das Geheimnis der Geisterinsel
The Notorious B.I.G. - Nasty Girl (Official Music Video) [HD],The Notorious B.I.G.,121052803.0,546047.0,11614.0,True,True,144272231.0,"The Notorious B.I.G.-Nasty Girl (feat. Diddy, Nelly, Jagged Edge & Avery Storm) - 2005 Remaster"
BoyWithUke - She Said No (Official Lyric Video),BoyWithUke,8143820.0,143892.0,3666.0,False,True,19971705.0,BoyWithUke-She Said No
"Myke Towers, Farruko, Arcangel, Sech & Zion - Si Se Da Remix (Video Oficial)",Myke Towers,1202913849.0,3283909.0,54002.0,False,True,396374422.0,Farruko-Si Se Da - Remix
blink-182 - Dammit,blink182VEVO,77978075.0,297202.0,19357.0,True,True,219251033.0,blink-182-Dammit
Madvillain - All Caps,Stones Throw,8438639.0,178459.0,2532.0,False,False,92371658.0,MF DOOM-All Caps
Slipknot - Vermilion Pt. 2 [OFFICIAL VIDEO] [HD],Slipknot,72085231.0,531060.0,18176.0,True,True,120556550.0,"Slipknot-Vermilion, Pt. 2"
"50 Cent - P.I.M.P. (Snoop Dogg Remix) ft. Snoop Dogg, G-Unit",50CentVEVO,572659065.0,3334710.0,60552.0,True,True,541728561.0,50 Cent-P.I.M.P.
Mariah Carey - Fantasy (Official 4K Video),MariahCareyVEVO,104948400.0,697101.0,27832.0,True,True,257187137.0,Mariah Carey-Fantasy
Pink Floyd - Us And Them (Official Video),ElMuroPinkFloyd,147200.0,2914.0,197.0,False,False,,Pink Floyd-Us and Them
Red Hot Chili Peppers - Californication (Official Music Video) [HD UPGRADE],Red Hot Chili Peppers,1018811259.0,4394471.0,121452.0,True,True,1055738398.0,Red Hot Chili Peppers-Californication
So Fly (J. Period Remix),Nate Dogg - Topic,230534.0,4634.0,0.0,True,True,41273101.0,Nate Dogg-So Fly - J. Period Remix
Deftones - Cherry Waves (Unofficial Video),Deftribute,17205.0,497.0,40.0,False,False,60617517.0,Deftones-Cherry Waves
"Yo-Yo Ma - Bach: Cello Suite No. 1 in G Major, Prélude (Official Video)",YoYoMaVEVO,14668617.0,252043.0,6073.0,True,True,36303881.0,"Johann Sebastian Bach-Unaccompanied Cello Suite No. 1 in G major, BWV 1007: I. Prélude"
Alejandro Fernández - Hoy Tengo Ganas De Ti ft. Christina Aguilera (Video Oficial),AFernandezVEVO,558111792.0,1782474.0,48986.0,True,True,119979627.0,Alejandro Fernández-Hoy Tengo Ganas De Ti
Love Today - Saachitale Video | Pradeep Ranganathan | Yuvan Shankar Raja | AGS,Sony Music South,13069204.0,160324.0,1708.0,True,True,11850761.0,"Yuvan Shankar Raja-Saachitale (From ""Love Today"")"
"Drake ft. JAY-Z ""Love All"" (Music Video)",RAPTRAX,7101653.0,51843.0,1182.0,False,False,114490460.0,JAY-Z-Love All (with JAY-Z)
MISS YOU HARDSTYLE,SICK LEGEND - Topic,158697.0,2484.0,0.0,True,True,5695584.0,SICK LEGEND-MISS YOU HARDSTYLE
U2 - Beautiful Day (Official Music Video),U2VEVO,177102206.0,685207.0,22085.0,True,True,434312667.0,U2-Beautiful Day
Marc Anthony - Valio La Pena (Salsa Version),marcanthonyVEVO,350143815.0,617719.0,9896.0,True,True,170697432.0,Marc Anthony-Valió la Pena - Salsa Version
50 Cent - Many Men (Wish Death) (Dirty Version),50CentVEVO,441155628.0,2765887.0,84117.0,True,True,332175400.0,50 Cent-Many Men (Wish Death)
Alicia Keys - Fallin' (Official HD Video),aliciakeysVEVO,278451924.0,1783526.0,28197.0,True,True,365175667.0,Alicia Keys-Fallin'
Coldplay - A Sky Full Of Stars (Official Video),Coldplay,786404613.0,3741300.0,79974.0,True,True,1021782403.0,Coldplay-A Sky Full of Stars
madonna - back that up to the beat (sped up),frank,560704.0,20421.0,148.0,False,False,2915378.0,Madonna-Back That Up To The Beat - sped up version
Kygo & Whitney Houston - Higher Love (Official Video),KygoOfficialVEVO,170230327.0,848193.0,19675.0,True,True,773933173.0,Whitney Houston-Higher Love
Alicia Keys - No One (Official Music Video),aliciakeysVEVO,692467188.0,3115238.0,75991.0,True,True,676843630.0,Alicia Keys-No One
ENHYPEN (엔하이픈) 'Drunk-Dazed' Official MV,HYBE LABELS,99088923.0,3725153.0,441523.0,True,True,169511209.0,ENHYPEN-Drunk-Dazed
"Bruno Mars, Anderson .Paak, Silk Sonic - Leave The Door Open (Live from the BET Awards)",Bruno Mars,61481188.0,779131.0,17902.0,True,True,36817467.0,Silk Sonic-Leave The Door Open - Live
Hans Zimmer - Lion King - This Land,xMOPEx,1460405.0,12277.0,537.0,False,False,58570028.0,"Hans Zimmer-This Land - From ""The Lion King""/Score"
Outkast - Ms. Jackson (Official HD Video),OutkastVEVO,295791888.0,2594501.0,70168.0,True,True,779057885.0,Outkast-Ms. Jackson
Green Day - Good Riddance (Time of Your Life) [Official Music Video] [4K UPGRADE],Green Day,86982693.0,569250.0,30161.0,True,True,493904399.0,Green Day-Good Riddance (Time of Your Life)
Slipknot - Psychosocial [OFFICIAL VIDEO] [HD],Slipknot,472423591.0,3598519.0,160857.0,True,True,440543539.0,Slipknot-Psychosocial
Jack Johnson - Upside Down (Official Video),JackJohnsonVEVO,88089046.0,568518.0,27361.0,True,True,344971712.0,Jack Johnson-Upside Down
Violent Pornography - System of a Down (Music Video),cassidymav,572234.0,3690.0,246.0,False,False,146971757.0,System Of A Down-Violent Pornography
"Lang Lang – Bach: The Well-Tempered Clavier: Book 1, 1.Prelude C Major, BWV 846",Deutsche Grammophon - DG,1077871.0,14207.0,443.0,False,False,65735816.0,"Johann Sebastian Bach-The Well-Tempered Clavier, Book 1, BWV 846-869 / Prelude & Fugue in C Major, BWV 846: I. Prelude"
Peaceful Easy Feeling (2013 Remaster),The Eagles - Topic,1370511.0,19854.0,69.0,True,True,122011842.0,Eagles-Peaceful Easy Feeling - 2013 Remaster
PART OF ME HARDSTYLE,SICK LEGEND - Topic,370711.0,4639.0,0.0,True,True,16332133.0,SICK LEGEND-PART OF ME HARDSTYLE
"Tip Tip Song: Sooryavanshi | Akshay Kumar, Katrina Kaif | Udit N, Alka Y, Tanishk | Rohit Shetty",T-Series,311889210.0,2922101.0,91891.0,True,True,50561603.0,"Alka Yagnik-Tip Tip (From ""Sooryavanshi"")"
Michael Jackson - The Way You Make Me Feel (Official Video),michaeljacksonVEVO,436325398.0,2515830.0,94765.0,True,True,349629692.0,Michael Jackson-The Way You Make Me Feel - 2012 Remaster
21 Savage & Metro Boomin - Glock In My Lap (Official Music Video),21 Savage,24885008.0,487517.0,9641.0,False,True,119787835.0,21 Savage-Pussy & Millions (feat. Travis Scott)
Eminem - Godzilla ft. Juice WRLD (Directed by Cole Bennett),Lyrical Lemonade,547039623.0,9287567.0,398333.0,False,False,1072650382.0,Eminem-Godzilla (feat. Juice WRLD)
Oasis - Wonderwall (Official HD Remastered Video),OasisVEVO,5920778.0,94047.0,2828.0,True,True,1568357013.0,Oasis-Wonderwall - Remastered
blink-182 - Adam's Song,blink182VEVO,146038465.0,596518.0,40763.0,True,True,243561772.0,blink-182-Adam's Song
Michael Jackson - They Don’t Care About Us (Brazil Version) (Official Video),michaeljacksonVEVO,978680025.0,8312571.0,335112.0,True,True,256361972.0,Michael Jackson-They Don't Care About Us
Life in the Fast Lane (2013 Remaster),The Eagles - Topic,5550833.0,63829.0,61.0,True,True,260028891.0,Eagles-Life in the Fast Lane - 2013 Remaster
Slipknot - The Dying Song (Time To Sing),Slipknot,20236075.0,611649.0,30343.0,True,True,24596630.0,Slipknot-The Dying Song (Time To Sing)
Radiohead - Weird Fishes -  by Tobias Stretch,Radiohead,15335499.0,125774.0,4852.0,False,True,121688699.0,Radiohead-Weird Fishes/ Arpeggi
"AC/DC - T.N.T. (Live At River Plate, December 2009)",acdcVEVO,240908491.0,934797.0,19584.0,True,True,526521070.0,AC/DC-T.N.T.
"Gustavo Mioto, Mari Fernandez - Eu Gosto Assim",GustavoMiotoVEVO,114619331.0,541246.0,4486.0,True,True,137167713.0,Mari Fernandez-Eu Gosto Assim - Ao Vivo
Pearl Jam - Better Man (Live from Madison Square Garden),PearljamVEVO,21420121.0,90026.0,3635.0,True,True,137689155.0,Pearl Jam-Better Man
Marc Anthony - Tu Amor Me Hace Bien (Audio),marcanthonyVEVO,76498102.0,253377.0,3310.0,True,True,206235786.0,Marc Anthony-Tu Amor Me Hace Bien - Salsa Version
Slipknot - The Devil In I [OFFICIAL VIDEO],Slipknot,382685788.0,2607369.0,105721.0,True,True,289911594.0,Slipknot-The Devil in I
Daft Punk - Veridis Quo (Official Video),Daft Punk,23984070.0,216822.0,7260.0,True,True,90589464.0,Daft Punk-Veridis Quo
Radiohead - Fake Plastic Trees,Radiohead,61340263.0,398951.0,15400.0,True,True,219867047.0,Radiohead-Fake Plastic Trees
MGMT - Electric Feel (Official HD Video),MGMTVEVO,162505575.0,975292.0,49776.0,True,True,580038239.0,MGMT-Electric Feel
Maná - Rayando El Sol (Video Oficial),OficialMana,84249874.0,205095.0,7503.0,True,True,227749183.0,Maná-Rayando El Sol
Outkast - Hey Ya! (Official HD Video),OutkastVEVO,643681038.0,4762306.0,157039.0,True,True,1004053030.0,Outkast-Hey Ya!
Eden Muñoz Feat. Michelle Maciel - No Sabía Cuánto (Video Oficial),Eden Muñoz,11952710.0,180848.0,3820.0,True,True,49991020.0,Eden Muñoz-No Sabía Cuánto
Whitney Houston - Greatest Love Of All (Official 4K Video),whitneyhoustonVEVO,263085463.0,1192639.0,55266.0,True,True,149838819.0,Whitney Houston-Greatest Love of All
Color Esperanza 2020 - Various Artists (Official Video),Latin Waves,24706293.0,557112.0,17598.0,False,False,89466323.0,Camilo-Color Esperanza 2020
"Luis Miguel - ""Tengo Todo Excepto A Ti"" (Video Oficial)",Warner Music México,47486131.0,183468.0,7981.0,True,True,189533009.0,Luis Miguel-Tengo Todo Excepto a Ti
Luis Fonsi - Despacito ft. Daddy Yankee,LuisFonsiVEVO,8079646911.0,50788626.0,4252791.0,True,True,1506598267.0,Daddy Yankee-Despacito
"Pharrell Williams - Cash In Cash Out (Official Video) ft. 21 Savage, Tyler, The Creator",PharrellWilliamsVEVO,20392451.0,560857.0,16545.0,True,True,104603335.0,Pharrell Williams-Cash In Cash Out
Master of Puppets (Remastered),Metallica - Topic,20762910.0,293409.0,1703.0,True,True,,Metallica-Master of Puppets (Remastered)
Pitbull - Feel This Moment (Official Video) ft. Christina Aguilera,PitbullVEVO,704875765.0,2999848.0,113202.0,True,True,481224452.0,Christina Aguilera-Feel This Moment (feat. Christina Aguilera)
Tory Lanez - And This Is Just The Intro [Official Music Video],Tory Lanez,9379911.0,92424.0,2748.0,True,True,48972127.0,Tory Lanez-And This is Just The Intro
25. El Perdón (Forgiveness) - Nicky Jam & Enrique Iglesias | Official Vídeo,NickyJamTV,57041863.0,446376.0,11569.0,True,True,765561212.0,Enrique Iglesias-El Perdón (with Enrique Iglesias)
Stevie Wonder - I Just Called To Say I Love You (Music Video),Floydian Dip,5388636.0,53927.0,1252.0,False,False,321198963.0,Stevie Wonder-I Just Called To Say I Love You
AC/DC - Dirty Deeds Done Dirt Cheap (Official Audio),acdcVEVO,852728.0,14044.0,1029.0,True,True,269837425.0,AC/DC-Dirty Deeds Done Dirt Cheap
"Outkast - So Fresh, So Clean (Official HD Video)",OutkastVEVO,49844985.0,435256.0,9751.0,True,True,184596026.0,"Outkast-So Fresh, So Clean"
Dr. Dre - Still D.R.E. ft. Snoop Dogg,DrDreVEVO,1233860763.0,9629569.0,294499.0,True,True,1085977338.0,Dr. Dre-Still D.R.E.
Muse - Time Is Running Out (video),Muse,77040741.0,415034.0,8809.0,True,True,173292941.0,Muse-Time is Running Out
Vicente Fernández - Estos Celos,vicentefernandezVEVO,69645837.0,228318.0,5850.0,True,True,99998569.0,Vicente Fernández-Estos Celos
The Rolling Stones - Gimme Shelter (Official Lyric Video),ABKCOVEVO,96605037.0,469835.0,21727.0,True,True,470944917.0,The Rolling Stones-Gimme Shelter
Creedence Clearwater Revival - Proud Mary (CCR) (1969) HD 0815007,ForbiddenInGermany1,1700590.0,21228.0,503.0,False,False,221908951.0,Creedence Clearwater Revival-Proud Mary
,,,,,,,379999345.0,Bob Marley & The Wailers-Buffalo Soldier
Creedence Clearwater Revival - Down On The Corner (Official Lyric Video),CCRVEVO,29006667.0,139447.0,1647.0,True,True,303815108.0,Creedence Clearwater Revival-Down On The Corner
The Black Eyed Peas - Pump It (Official Music Video),BlackEyedPeasVEVO,755836314.0,4746197.0,133551.0,True,True,492130246.0,Black Eyed Peas-Pump It
T-Pain - Bartender (Official HD Video) ft. Akon,TPainVEVO,296995717.0,1261580.0,27519.0,True,True,272215576.0,T-Pain-Bartender (feat. Akon)
Oasis - Stop Crying Your Heart Out (Official Video),Oasis,40670355.0,280372.0,146.0,True,True,222997016.0,Oasis-Stop Crying Your Heart Out
Ed Sheeran - Perfect Duet (with Beyoncé) [Official Audio],Ed Sheeran,231580933.0,1998224.0,70570.0,True,True,739180747.0,Beyoncé-Perfect Duet (Ed Sheeran & Beyoncé)
Radiohead -  High & Dry -  American Version [OFFICIAL MUSIC VIDEO],Justice Elan Wenzloff,80290.0,2133.0,238.0,False,False,291096318.0,Radiohead-High and Dry
Bibi Blocksberg - Der Hexenbesenausflug (Folge 146) | EXTRALANGE Hörprobe,Bibi Blocksberg TV,12010.0,177.0,44.0,True,True,284208.0,Bibi Blocksberg-Kapitel 16: Der Hexenbesenausflug (Folge 146)
"Israel & Rodolffo, @anacastelaoficial  - Bombonzinho (Let's Bora)",Israel e Rodolffo,75156546.0,372237.0,13134.0,True,True,101263892.0,Ana Castela-Bombonzinho - Ao Vivo
"Mau y Ricky, Manuel Turizo, Camilo - Desconocidos (Official Video)",MauyRickyVEVO,902197206.0,3044369.0,62305.0,True,True,665804353.0,Camilo-Desconocidos
OUTSIDE HARDSTYLE SPED UP,SICK LEGEND - Topic,35646.0,329.0,0.0,True,True,6226110.0,SICK LEGEND-OUTSIDE HARDSTYLE SPED UP
Radiohead - Creep,Radiohead,763497849.0,4777393.0,147276.0,True,True,1101854725.0,Radiohead-Creep
"El Alfa El Jefe - SUAVE (Remix) Ft. Chencho ""Plan B"", Bryant Myers, Noriel, Jon Z, Miky Woodz",ElAlfaElJefeTV,262629508.0,1697139.0,42213.0,True,True,115254035.0,Plan B-Suave (Remix)
JUST DANCE HARDSTYLE,SICK LEGEND - Topic,71678.0,1113.0,0.0,True,True,9227144.0,SICK LEGEND-JUST DANCE HARDSTYLE
John Mayer - New Light (Premium Content!),John Mayer,103522731.0,976056.0,41662.0,True,True,591626625.0,John Mayer-New Light
Jack Johnson - Sunsets For Somebody Else (Official Audio),JackJohnsonVEVO,2998713.0,17074.0,421.0,True,True,98935792.0,Jack Johnson-Sunsets For Somebody Else
Jack Johnson - Flake [Music Video],Venâncio Braga,11485445.0,31802.0,974.0,False,False,125880216.0,Jack Johnson-Flake
Beast Of Burden (Remastered 1994),The Rolling Stones - Topic,22589323.0,239167.0,646.0,True,True,318262316.0,The Rolling Stones-Beast Of Burden - Remastered 1994
T-Pain & Kehlani - I Like Dat (Official Video),T Pain,49567550.0,490508.0,10384.0,False,False,54502697.0,T-Pain-I Like Dat
,,,,,,,283409.0,Bibi Blocksberg-Kapitel 08: Der Hexenbesenausflug (Folge 146)
Kanye West - Homecoming,KanyeWestVEVO,101552405.0,540229.0,25030.0,True,True,379099876.0,Kanye West-Homecoming
Mariah Carey - O Holy Night (Official HD Video),MariahCareyVEVO,106246436.0,578830.0,34527.0,True,True,102088157.0,Mariah Carey-O Holy Night
Madonna - Like A Virgin (Official Video),Madonna,108916780.0,594293.0,27023.0,True,True,209852541.0,Madonna-Like a Virgin
Aerosmith - Cryin' (Official Music Video),AerosmithVEVO,307486563.0,1024854.0,23741.0,True,True,233440383.0,Aerosmith-Cryin'
Mulan | I'll Make A Man Out Of You | Disney Sing-Along,Disney,154690126.0,807784.0,0.0,True,True,266083896.0,Disney-I'll Make a Man Out of You
One Step Closer [Official HD Music Video] - Linkin Park,Linkin Park,154808291.0,1102031.0,33750.0,True,True,447287242.0,Linkin Park-One Step Closer
"Masego, Don Toliver - Mystery Lady",MasegoVEVO,31440593.0,542757.0,10632.0,True,True,141369736.0,Don Toliver-Mystery Lady
Metallica: Nothing Else Matters (Official Music Video),Metallica,1209806093.0,5127599.0,135946.0,True,True,,Metallica-Nothing Else Matters (Remastered)
Korn - A.D.I.D.A.S. (Official HD Video),KornVEVO,37577402.0,166383.0,6631.0,True,True,60380532.0,Korn-A.D.I.D.A.S.
Please Come Home for Christmas (2013 Remaster),The Eagles - Topic,772267.0,4886.0,84.0,True,True,123145728.0,Eagles-Please Come Home for Christmas - 2013 Remaster
"Eminem, Dr. Dre - Forgot About Dre (Explicit) (Official Music Video) ft. Hittman",DrDreVEVO,201863792.0,1505962.0,53190.0,True,True,601201524.0,Dr. Dre-Forgot About Dre
d4vd - Dirty Secrets [Official Music Video],d4vdVEVO,891443.0,54540.0,1607.0,True,True,6560785.0,d4vd-Dirty Secrets
BoyWithUke - Toxic (Music Video) 2022,HIGHER PULSE,8256956.0,113984.0,2539.0,False,False,509023990.0,BoyWithUke-Toxic
PinkPantheress - Pain,Pinkpantheress,6968852.0,226103.0,4716.0,False,False,261766891.0,PinkPantheress-Pain
Eden Muñoz - Creo en Ti (Video Oficial),Eden Muñoz,22930795.0,290110.0,4070.0,True,True,68173056.0,Eden Muñoz-Creo en Ti
"Alejandro Sanz - ""Amiga Mia"" (Video Oficial)",Warner Music México,436802658.0,925748.0,26960.0,True,True,271777414.0,Alejandro Sanz-Amiga mía
T-Pain - Up Down (Do This All Day) (Explicit) ft. B.o.B,TPainVEVO,130052999.0,885466.0,18426.0,True,True,208141960.0,T-Pain-Up Down (Do This All Day) (feat. B.o.B)
"21 Savage ft. Drake ""On BS"" (Music Video)",Rap Radio,213119.0,3427.0,120.0,False,False,100595022.0,21 Savage-On BS
Stevie Wonder - What Christmas Means To Me (Tamla Records 1967),ChristmasTimeTV,6655522.0,28191.0,765.0,False,False,159442920.0,Stevie Wonder-What Christmas Means To Me
METAMORPHOSIS (Slowed + Reverb),INTERWORLD - Topic,13186861.0,229390.0,2262.0,True,True,16797333.0,INTERWORLD-METAMORPHOSIS - Slowed + Reverb
"Rosa Linn - ""SNAP"" - (Offical Acoustic Video)",Rosa Linn,341613.0,11722.0,298.0,False,True,2475726.0,Rosa Linn-SNAP - Acoustic
DVRST - Dream Space,DVRST,18680025.0,332519.0,6984.0,False,True,29170435.0,DVRST-Dream Space
The Cure - Just Like Heaven,TheCureVEVO,97937375.0,563742.0,15184.0,True,True,,The Cure-Just like Heaven
blink-182 - First Date (Official Video),blink182VEVO,199905842.0,914915.0,34692.0,True,True,324986783.0,blink-182-First Date
Michael Jackson - Smooth Criminal (Single Version) HD,vman,84652754.0,672624.0,25952.0,False,False,526030670.0,Michael Jackson-Smooth Criminal - 2012 Remaster
Bee Gees - How Deep Is Your Love (Official Video),beegees,506541558.0,2716911.0,88551.0,False,False,538082219.0,"Bee Gees-How Deep Is Your Love - From ""Saturday Night Fever"" Soundtrack"
Creedence Clearwater Revival - Born On The Bayou (Official Lyric Video),CCRVEVO,21775206.0,100897.0,1792.0,True,True,100789298.0,Creedence Clearwater Revival-Born On The Bayou
La Santa (official video) Daddy Yankee×Bad Bunny,Musica Official,10845.0,118.0,1.0,False,False,664205050.0,Daddy Yankee-La Santa
Michael Jackson - Rock With You (Official Video),michaeljacksonVEVO,301845823.0,2269865.0,87490.0,True,True,346137424.0,Michael Jackson-Rock with You - Single Version
Tory Lanez - Lavender Sunflower (Music Video),Silky Boi,13642.0,278.0,5.0,False,False,44638153.0,Tory Lanez-Lavender Sunflower
Plan B - Guatauba [ClasicoReggaetonero],Clásico Reggaetonero,97200781.0,771481.0,10007.0,False,False,83025803.0,Plan B-Guatauba
"Poesia Acústica #13 - Mc Cabelinho,Tz da Coronel,Oruam,L7NNON,Chefin,N.I.N.A, Chris,Xamã,Luisa Sonza",PineappleStormTV,87295174.0,1609358.0,40180.0,True,True,71682526.0,Tz da Coronel-Poesia Acústica 13
Aventura - Mi corazoncito,Aventura,122868281.0,447948.0,6773.0,True,True,126485433.0,Aventura-Mi Corazoncito
Britney Spears - My Only Wish (This Year) (Music Video),scamparoo,1189091.0,7582.0,295.0,False,False,260444233.0,Britney Spears-My Only Wish (This Year)
Mariah Carey - All I Want For Christmas Is You (Official Video),MariahCareyVEVO,753218999.0,3874002.0,249083.0,True,True,1437977604.0,Mariah Carey-All I Want for Christmas Is You
"Lang Lang - Bach: Flute Sonata in E Flat Major, BWV 1031: II. Siciliano (Transc. Kempff)",LangLangVEVO,483767.0,7047.0,286.0,True,True,6521841.0,"Johann Sebastian Bach-Flute Sonata in E-Flat Major, BWV 1031: II. Siciliano (arr. I. Friedman for piano)"
"Udit Narayan, Alka Yagnik - Kuch Kuch Hota Hai",Sony Music India,21567733.0,117575.0,3505.0,True,True,34017431.0,Alka Yagnik-Kuch Kuch Hota Hai
Coldplay - Hymn For The Weekend (Official Video),Coldplay,1828242112.0,13515772.0,377666.0,True,True,1049654852.0,Coldplay-Hymn for the Weekend
"Drake ft. 21 Savage ""Rich Flex"" (Music Video)",RAPTRAX,3926832.0,54749.0,2569.0,False,False,311694937.0,21 Savage-Rich Flex
Staring At The Sun,The Offspring - Topic,4605524.0,45728.0,99.0,True,True,53918632.0,The Offspring-Staring At The Sun
Daddy Yankee & Marc Anthony - De Vuelta Pa' La Vuelta (Video Oficial),Daddy Yankee,297462633.0,1587286.0,42642.0,True,True,117436870.0,Marc Anthony-De Vuelta Pa' La Vuelta
Creedence Clearwater Revival - Fortunate Son (Official Music Video),CCRVEVO,93089677.0,746107.0,15702.0,True,True,904262158.0,Creedence Clearwater Revival-Fortunate Son
Mari Fernandez - PODE APOSTAR feat. Xand Avião (DVD Ao Vivo em Fortaleza),Mari Fernandez,79095179.0,237885.0,2063.0,False,True,30810197.0,Mari Fernandez-Pode Apostar - Ao Vivo
"Camilo, Myke Towers - Bebiendo Sola (Official Video)",CamiloVEVO,6825015.0,112136.0,1984.0,True,True,13702635.0,Camilo-Bebiendo Sola
d4vd - Romantic Homicide (Official Music Video),d4vd,31622251.0,653107.0,8699.0,False,True,388116844.0,d4vd-Romantic Homicide
SZA - Hit Different (Official Video) ft. Ty Dolla $ign,SZAVEVO,121559320.0,1081676.0,36266.0,True,True,198332490.0,Pharrell Williams-Hit Different
"High On Love - Video Song | Pyaar Prema Kaadhal | Yuvan Shankar Raja | Harish Kalyan, Raiza | Elan",U1 Records,52453152.0,295870.0,8891.0,True,True,28925838.0,Yuvan Shankar Raja-High On Love
Bon Jovi - Bad Medicine,BonJoviVEVO,48224548.0,207031.0,8051.0,True,True,144299907.0,Bon Jovi-Bad Medicine
Die drei Fragezeichen - Das Geheimnis der Geisterinsel,Serien Schätze de,21912.0,256.0,5.0,False,False,,Die drei ???-Teil 5 - Das Geheimnis der Geisterinsel
Maná - Eres Mi Religión (Video Oficial),OficialMana,221396170.0,497537.0,13463.0,True,True,50227846.0,Maná-Eres Mi Religión
"Folsom Prison Blues (Live at Folsom State Prison, Folsom, CA - January 1968)",Johnny Cash - Topic,1986461.0,29936.0,156.0,True,True,160649739.0,"Johnny Cash-Folsom Prison Blues - Live at Folsom State Prison, Folsom, CA - January 1968"
Beyoncé - BREAK MY SOUL (Music Video),Pop Maker,1230431.0,15962.0,860.0,False,False,276384322.0,Beyoncé-BREAK MY SOUL
,,,,,,,283140.0,Bibi Blocksberg-Kapitel 11: Der Hexenbesenausflug (Folge 146)
Marc Anthony - Ahora Quien (Salsa Version),marcanthonyVEVO,356104857.0,698668.0,9367.0,True,True,88050204.0,Marc Anthony-Ahora Quien - Salsa Version
Dr. Dre - What's the Difference .ft. Eminem & X-Zibit [ Fan-Made Video ],RedDome1995,234983.0,1114.0,53.0,False,False,307494929.0,Dr. Dre-What's The Difference
Hans Zimmer - Cornfield Chase,Jazzy J,24110.0,505.0,12.0,False,False,184183799.0,Hans Zimmer-Cornfield Chase
kuinke,Sadfriendd - Topic,38941.0,1013.0,15.0,True,True,1890190.0,INTERWORLD-kuinke
I Wonder,Kanye West - Topic,13652003.0,161439.0,692.0,True,True,302891517.0,Kanye West-I Wonder
Billy Joel - Piano Man (Official HD Video),billyjoelVEVO,221617182.0,1382318.0,59535.0,True,True,676661762.0,Billy Joel-Piano Man
U2 - I Still Haven't Found What I'm Looking For (Official Music Video),U2VEVO,169626279.0,891840.0,22678.0,True,True,531487905.0,U2-I Still Haven't Found What I'm Looking For
"Reik, Farruko, Camilo - Si Me Dices Que Sí",reikVEVO,129179970.0,897239.0,13226.0,True,True,290126900.0,Camilo-Si Me Dices Que Sí
"Pedro Capó, Farruko - Calma (Remix - Official Video)",capoVEVO,2661002503.0,12824730.0,365438.0,True,True,1048932845.0,Farruko-Calma - Remix
Madonna - 4 Minutes feat. Justin Timberlake & Timbaland (Official Video),Madonna,183643405.0,922791.0,24455.0,True,True,209701584.0,Madonna-4 Minutes (feat. Justin Timberlake & Timbaland)
Johnny Cash - Hurt,JohnnyCashVEVO,187286218.0,2102982.0,74007.0,True,True,518524112.0,Johnny Cash-Hurt
"Saibo Full Video - Shor In The City|Radhika Apte,Tusshar|Shreya Ghoshal,Tochi Raina",SonyMusicIndiaVEVO,66364441.0,632208.0,8408.0,True,True,91740940.0,Shreya Ghoshal-Saibo
Stevie Wonder - Isn't she lovely (Official Video),MrDaddyissues,116405.0,744.0,92.0,False,False,57507881.0,Stevie Wonder-Isn't She Lovely
Videoclip de Ricardo Arjona - La mujer que no soñe jámas,Emilen Duran,382437.0,2976.0,116.0,False,False,52272347.0,Ricardo Arjona-La Mujer Que No Soñé
AC/DC - Rock N Roll Train (Official Video),acdcVEVO,18237531.0,119749.0,2251.0,True,True,144143014.0,AC/DC-Rock N Roll Train
Rosa Linn - KING ft. Kiiara (Official Video),RosaLinnVEVO,564861.0,11127.0,747.0,True,True,2136306.0,Rosa Linn-KING
Christina Aguilera - Fighter (Official HD Video),CAguileraVEVO,111341628.0,562892.0,23086.0,True,True,175898684.0,Christina Aguilera-Fighter
"Harold Faltermeyer, Lady Gaga, Hans Zimmer, & Lorne Balfe – Top Gun Anthem",Interscope Records,2542697.0,34153.0,1422.0,False,False,15024672.0,Hans Zimmer-Top Gun Anthem
"Viruman - Kanja Poovu Kannala Video | Karthi, Aditi Shankar | Yuvan Shankar Raja | Muthaiya",Sony Music South,38523572.0,259135.0,3072.0,True,True,35093727.0,"Yuvan Shankar Raja-Kanja Poovu Kannala (From ""Viruman"")"
BURN IT DOWN [Official Music Video] - Linkin Park,Linkin Park,353135986.0,2534190.0,113567.0,True,True,368132993.0,Linkin Park-BURN IT DOWN
RAPTURE,INTERWORLD - Topic,4512703.0,101178.0,637.0,True,True,4488425.0,INTERWORLD-RAPTURE
Oscar Maydon - Falso [Official Video],Rancho Humilde,486541.0,42201.0,1398.0,False,False,667666.0,Oscar Maydon-Falso
Farruko - Pepas (Official Video),FARRUKOVEVO,518925108.0,4581525.0,91974.0,True,True,1174282383.0,Farruko-Pepas
Die drei Fragezeichen - Das Geheimnis der Geisterinsel,Serien Schätze de,21912.0,256.0,5.0,False,False,,Die drei ???-Teil 7 - Das Geheimnis der Geisterinsel
Eminem - Superman (Clean Version) ft. Dina Rae,EminemVEVO,139257221.0,950561.0,35404.0,True,True,466021760.0,Eminem-Superman
[최초공개] ENHYPEN(엔하이픈) - TFW (That Feeling When) (4K) | ENHYPEN COMEBACK SHOW | Mnet 220704 방송,M2,4222112.0,198840.0,4544.0,True,True,17933117.0,ENHYPEN-TFW (That Feeling When)
Rauw Alejandro ❌ Farruko - Fantasías (Video Oficial),Rauw Alejandro,567182812.0,2193036.0,30404.0,True,True,569523901.0,Farruko-Fantasias
Ludovico Einaudi - Primavera,LudovicoLove,4092349.0,60810.0,1654.0,False,False,85582447.0,Ludovico Einaudi-Primavera
Jack Johnson - I Got You (Official Video),JackJohnsonVEVO,31800943.0,143142.0,2578.0,True,True,160142201.0,Jack Johnson-I Got You
P!NK - TRUSTFALL (Official Video),PinkVEVO,3309247.0,146755.0,5707.0,True,True,2790105.0,P!nk-TRUSTFALL
"Christina Aguilera, Lil' Kim, Mya, P!nk - Lady Marmalade",CAguileraVEVO,490050358.0,2429492.0,75603.0,True,True,334689122.0,Christina Aguilera-Lady Marmalade - Single Edit
Whitney Houston - Saving All My Love For You (Official HD Video),whitneyhoustonVEVO,71693203.0,334922.0,12815.0,True,True,127309650.0,Whitney Houston-Saving All My Love for You
MGMT - Little Dark Age (Video),MGMTVEVO,101732518.0,1875259.0,61844.0,True,True,433515389.0,MGMT-Little Dark Age
David Bowie - Heroes (Official Video),David Bowie,29328667.0,356411.0,13610.0,True,True,398055023.0,David Bowie-Heroes - 2017 Remaster
Jay-Z & Kanye West - Ni**as In Paris (Explicit),KanyeWestVEVO,374189685.0,2521768.0,103200.0,True,True,1054470731.0,Kanye West-Ni**as In Paris
Metallica: Screaming Suicide (Official Music Video),Metallica,4317758.0,217109.0,17225.0,True,True,3905429.0,Metallica-Screaming Suicide
21 Savage & Metro Boomin - Glock In My Lap (Official Music Video),21 Savage,24885008.0,487517.0,9641.0,False,True,182739405.0,21 Savage-Glock In My Lap
"JAY Z, Kanye West - Otis ft. Otis Redding",KanyeWestVEVO,224971063.0,1192658.0,94999.0,True,True,170592836.0,JAY-Z-Otis
Ludacris - Blueberry Yum Yum BEST QUALITY,zNazaretu,2384490.0,29675.0,688.0,False,False,54189956.0,Ludacris-Blueberry Yum Yum
JAY-Z - '03 Bonnie & Clyde ft. Beyoncé Knowles,JayZVEVO,22824654.0,278099.0,5625.0,True,True,115228530.0,JAY-Z-03' Bonnie & Clyde
Coldplay - Paradise (Official Video),Coldplay,1665814269.0,8497224.0,343020.0,True,True,927288329.0,Coldplay-Paradise
"Bruno Mars, Anderson .Paak, Silk Sonic - Put On A Smile [Official Audio]",Bruno Mars,6685253.0,125800.0,4865.0,True,True,41128356.0,Silk Sonic-Put On A Smile
Juanes - Es Por Ti (Official Music Video),JuanesVEVO,197423800.0,717682.0,15217.0,True,True,278822916.0,Juanes-Es Por Ti
KoRn- Blind LIVE at CBGB'S,gamerlegacy,271173.0,2071.0,170.0,False,False,100514682.0,Korn-Blind - Live at CBGB
Ludacris - What's Your Fantasy ft. Shawnna,LudacrisVEVO,58730042.0,397687.0,8651.0,True,True,84161221.0,Ludacris-What's Your Fantasy (Featuring Shawna)
Daft Punk - Instant Crush (Video) ft. Julian Casablancas,DaftPunkVEVO,606828966.0,3111505.0,87115.0,True,True,460589724.0,Daft Punk-Instant Crush (feat. Julian Casablancas)
"Tera Hone Laga Hoon Lyrical - Ajab Prem Ki Ghazab Kahani | Atif Aslam | Ranbir, Katrina K | Pritam",Tips Official,349523411.0,2224745.0,56143.0,True,True,79477830.0,Pritam-Tera Hone Laga Hoon
Rasiya - Brahmāstra | Amitabh B | Ranbir Kapoor | Alia Bhatt | Pritam | Amitabh | Tushar | Shreya,Sony Music India,33160840.0,481325.0,50693.0,True,True,28781713.0,Shreya Ghoshal-Rasiya
Alejandro Sanz - Desde cuando,Warner Music Spain,128729469.0,305062.0,9866.0,True,True,81491201.0,Alejandro Sanz-Desde cuando
The Cure - Lovesong,TheCureVEVO,63959054.0,399640.0,9838.0,True,True,,The Cure-Lovesong - 2010 Remaster
INTERWORLD - METAMORPHOSIS,The Vibe Guide,18173462.0,252089.0,4124.0,True,True,157462285.0,INTERWORLD-METAMORPHOSIS
Bleed It Out [Official Music Video] - Linkin Park,Linkin Park,135176149.0,762715.0,27609.0,True,True,388331061.0,Linkin Park-Bleed It Out
Eminem - Shake That (Official Music Video) ft. Nate Dogg,EminemVEVO,164632766.0,1354860.0,33743.0,True,True,32805017.0,Nate Dogg-Shake That (Remix)
TZ DA CORONEL - NO LOVE (PROD. ARIEL DONATO),Tz da Coronel,10392962.0,182599.0,2882.0,True,True,10232267.0,Tz da Coronel-No Love
Slipknot - Custer (LIVE),Slipknot,26386968.0,255982.0,8371.0,True,True,112251097.0,Slipknot-Custer
U2 - Where The Streets Have No Name (Official Music Video),U2VEVO,60858124.0,218869.0,12747.0,True,True,141713043.0,U2-Where The Streets Have No Name - Remastered
Outkast - ATliens (Official HD Video),OutkastVEVO,7573337.0,82198.0,2152.0,True,True,124742886.0,Outkast-ATLiens
Oasis - Champagne Supernova (Official HD Remastered Video),Oasis,7602328.0,43830.0,2150.0,True,True,310236960.0,Oasis-Champagne Supernova - Remastered
Munbe Vaa - Shreya Ghoshal Live at EXPO2020 Dubai,BToS Productions,808247.0,16354.0,596.0,False,False,46214786.0,Shreya Ghoshal-Munbe Vaa
Aerosmith - I Don't Want to Miss a Thing (Official HD Video),AerosmithVEVO,541140942.0,3105744.0,73217.0,True,True,806239803.0,"Aerosmith-I Don't Want To Miss A Thing - From ""Armageddon"" Soundtrack"
Ricardo Arjona - Pingüinos en la Cama (Video Oficial),Ricardo Arjona,15515598.0,56131.0,1351.0,True,True,74315607.0,Ricardo Arjona-Pingüinos en la Cama
"Metro Boomin, Future, Chris Brown - Superhero (Heroes & Villains) (Visualizer)",MetroBoominVEVO,2242438.0,55241.0,1505.0,True,True,139674263.0,Chris Brown-Superhero (Heroes & Villains) [with Future & Chris Brown]
¿Y como es el? Mark Anthony Video Oficial,perazaluiis,835361.0,1924.0,98.0,False,False,121549488.0,Marc Anthony-Y Cómo Es El
"I - Ennodu Nee Irundhaal Video | A. R. Rahman | Vikram, Amy Jackson | Shankar",SonyMusicSouthVEVO,65094477.0,417473.0,11032.0,True,True,37409758.0,A.R. Rahman-Ennodu Nee Irundhaal
Maná - En El Muelle De San Blás (Video Oficial),OficialMana,256680066.0,813397.0,26945.0,True,True,284538131.0,Maná-En El Muelle De San Blas
Christina Aguilera - Candyman (Official Video),CAguileraVEVO,256119378.0,1142440.0,29378.0,True,True,124068400.0,Christina Aguilera-Candyman
Coldplay - Viva La Vida (Official Video),Coldplay,789581468.0,4370461.0,261790.0,True,True,1325575712.0,Coldplay-Viva La Vida
David Bowie - Modern Love (Official Video),David Bowie,24819682.0,204349.0,6477.0,True,True,142180837.0,David Bowie-Modern Love - 2018 Remaster
Pearl Jam - Alive (Official Video),PearljamVEVO,86161757.0,381573.0,12369.0,True,True,428537218.0,Pearl Jam-Alive
"Eminem, 50 Cent - Is This Love ('09) [Visualizer]",EminemVEVO,5289821.0,245935.0,9008.0,True,True,28529840.0,50 Cent-Is This Love ('09) (feat. 50 Cent)
Alejandro Sanz - Corazon Partio [Latin Mix] (Official Music Video),Warner Música,71912056.0,260588.0,6816.0,True,True,347057045.0,Alejandro Sanz-Corazón partío
Enrique Iglesias - El Perdedor (Pop) ft. Marco Antonio Solís,EnriqueIglesiasVEVO,1238514121.0,4098178.0,99609.0,True,True,168383371.0,Enrique Iglesias-El Perdedor
"Usher - Confessions, Pt. II",UsherVEVO,195851527.0,747581.0,21238.0,True,True,163923731.0,Usher-Confessions Part II
Aerosmith - Amazing (Official Music Video),AerosmithVEVO,253391021.0,651715.0,17039.0,True,True,109653445.0,Aerosmith-Amazing
JAY-Z - Empire State Of Mind ft. Alicia Keys,JayZVEVO,95231588.0,833985.0,11631.0,True,True,678424384.0,JAY-Z-Empire State Of Mind
Outkast - Da Art of Storytellin' (Part 1) (Official Video),OutkastVEVO,7292622.0,94555.0,4179.0,True,True,26672463.0,Outkast-Da Art of Storytellin' (Pt. 1)
Jhené Aiko - Sativa ft. Rae Sremmurd,JheneAikoVEVO,300355444.0,1413058.0,25918.0,True,True,310187797.0,Jhené Aiko-Sativa
PinkPantheress - Take me home (Official Audio),Pinkpantheress,562649.0,28790.0,1594.0,True,True,5331313.0,PinkPantheress-Take me home
Love Today - Ennai Vittu Lyric | @MorattuSingle  | Yuvan Shankar Raja | AGS,Sony Music South,22284591.0,349026.0,4789.0,True,True,21980285.0,"Yuvan Shankar Raja-Ennai Vittu (From ""Love Today"")"
Usher - OMG ft. will.i.am,UsherVEVO,204056472.0,1021363.0,49455.0,True,True,271547095.0,Usher-OMG (feat. will.i.am)
blink-182 - All The Small Things (Official Music Video),blink182VEVO,332704458.0,1581923.0,60906.0,True,True,798081462.0,blink-182-All The Small Things
Don Toliver - Do It Right (Music Video),Don Toliver,8818478.0,127447.0,24904.0,True,True,15859788.0,Don Toliver-Do It Right
Enrique Iglesias - DUELE EL CORAZON ft. Wisin,EnriqueIglesiasVEVO,1089805731.0,4094819.0,109738.0,True,True,585840731.0,Enrique Iglesias-DUELE EL CORAZON (feat. Wisin)
Pearl Jam - Yellow Ledbetter (Official Audio),PearljamVEVO,4060291.0,45883.0,977.0,True,True,202625727.0,Pearl Jam-Yellow Ledbetter
50 Cent - Disco Inferno (Official Music Video),50CentVEVO,39825951.0,382791.0,12038.0,True,True,202477187.0,50 Cent-Disco Inferno
,,,,,,,197893502.0,"Alka Yagnik-Agar Tum Saath Ho (From ""Tamasha"")"
SET FIRE TO THE RAIN HARDSTYLE,SICK LEGEND - Topic,164741.0,2019.0,0.0,True,True,10898176.0,SICK LEGEND-SET FIRE TO THE RAIN HARDSTYLE
Ludovico Einaudi - Experience,LudovicoEinaudiVEVO,55189657.0,1276626.0,32926.0,True,True,304049897.0,Ludovico Einaudi-Experience
Red Hot Chili Peppers - Scar Tissue [Official Music Video],Red Hot Chili Peppers,435121530.0,1890900.0,37069.0,True,True,613838674.0,Red Hot Chili Peppers-Scar Tissue
"Busta Rhymes, Mariah Carey - I Know What You Want (Official HD Video) ft. Flipmode Squad",BustaRhymesVEVO,295026099.0,2212835.0,32922.0,True,True,227592322.0,Mariah Carey-I Know What You Want (feat. Flipmode Squad)
Aventura - Enseñame A Olvidar,Aventura,107734059.0,328851.0,3930.0,True,True,133975334.0,Aventura-Enseñame a Olvidar
"Aye Mere Humsafar Full Video Song | Qayamat Se Qayamat Tak | Aamir Khan, Juhi Chawla",Bollywood Classics,312995294.0,1120177.0,38737.0,True,True,21969472.0,Alka Yagnik-Ae Mere Humsafar
Green Day - Basket Case [Official Music Video],Green Day,306195825.0,1783994.0,62926.0,True,True,778937392.0,Green Day-Basket Case
Britney Spears - Circus (Official HD Video),BritneySpearsVEVO,215417979.0,1012974.0,46266.0,True,True,262573012.0,Britney Spears-Circus
ENHYPEN (엔하이픈) 'Blessed-Cursed' Official MV,HYBE LABELS,46950188.0,2194596.0,160543.0,True,True,62865218.0,ENHYPEN-Blessed-Cursed
Rauw Alejandro & Camilo - Tattoo Remix (Video Oficial),Rauw Alejandro,794818462.0,4767981.0,102284.0,True,True,530878132.0,Camilo-Tattoo - Remix with Camilo
blink-182 - The Rock Show,blink182VEVO,81675630.0,292705.0,13654.0,True,True,179613789.0,blink-182-The Rock Show
Oscar Maydon x Padrinito Toys - Hagase Hombre [Official Video],Rancho Humilde,2187648.0,31995.0,343.0,False,False,3210460.0,Oscar Maydon-Hágase Hombre
Kanye West - Stronger,KanyeWestVEVO,432609094.0,2878369.0,156021.0,True,True,1123296395.0,Kanye West-Stronger
Stay Ready (What A Life),Jhené Aiko - Topic,47400897.0,299352.0,767.0,True,True,111722720.0,Jhené Aiko-Stay Ready (What A Life)
Deftones - My Own Summer (Official Music Video) [HD Remaster],Deftones,34336850.0,265625.0,9783.0,True,True,36638392.0,Deftones-Around the Fur
Jack Johnson - Better Together,jackjohnsonmusic,26334712.0,97094.0,1858.0,False,False,653222993.0,Jack Johnson-Better Together
Pearl Jam- Elderly woman behind the counter in a small town  (with Lyrics),PearlJamPTFan,6089208.0,28370.0,1783.0,False,False,76691205.0,Pearl Jam-Elderly Woman Behind the Counter in a Small Town - Remastered
"PinkPantheress, Sam Gellaitry - Picture in my mind (Official Video)",Pinkpantheress,1853633.0,70143.0,1599.0,True,True,14582953.0,PinkPantheress-Picture in my mind
Whitney Houston - I Wanna Dance With Somebody (Official 4K Video),whitneyhoustonVEVO,387271564.0,2042571.0,62121.0,True,True,914287347.0,Whitney Houston-I Wanna Dance with Somebody (Who Loves Me)
"Usher, Alicia Keys - My Boo (Official Video)",UsherVEVO,167116855.0,1038894.0,24852.0,True,True,544478102.0,Alicia Keys-My Boo
I'm N Luv (Wit A Stripper) featuring Mike Jones (Official HD Video),TPainVEVO,40899054.0,305429.0,5766.0,True,True,149689840.0,T-Pain-I'm N Luv (Wit a Stripper) (feat. Mike Jones)
Muse - Plug In Baby (Official Video),Muse,38420858.0,214006.0,10189.0,True,True,123322561.0,Muse-Plug in Baby
"Lang Lang - Bach: Goldberg Variations, BWV 988: Aria",LangLangVEVO,1179474.0,15259.0,1129.0,True,True,65820767.0,"Johann Sebastian Bach-Goldberg Variations, BWV 988: Aria"
"The Offspring - You're Gonna Go Far, Kid (Official Music Video)",OffspringVEVO,89467105.0,863870.0,16014.0,True,True,692296637.0,"The Offspring-You're Gonna Go Far, Kid"
Vicente Fernández - Un Millon De Primaveras,vicentefernandezVEVO,70096890.0,584611.0,8046.0,True,True,150251570.0,Vicente Fernández-Un Millón de Primaveras
Notorious B.I.G (Biggie Smalls) Party And Bullshit (Original Video 1993),GbradZ,6831520.0,51127.0,2578.0,False,False,77061994.0,The Notorious B.I.G.-Party And Bullshit
"Internet Money - Lemonade ft. Don Toliver, Gunna & Nav (Directed by Cole Bennett)",Lyrical Lemonade,188678850.0,2671691.0,66140.0,False,False,1142825569.0,"Don Toliver-Lemonade (feat. Gunna, Don Toliver & NAV)"
Green Day - Brain Stew/Jaded [Official Music Video],Green Day,29134130.0,300946.0,15066.0,True,True,137134525.0,Green Day-Brain Stew
Olivia Rodrigo - All I Want (From HSMTMTS | Alternate Video | Disney+),DisneyMusicVEVO,20369344.0,462099.0,6079.0,True,True,528853212.0,"Disney-All I Want - From ""High School Musical: The Musical: The Series"""
Eminem - The Real Slim Shady (Official Video - Clean Version),EminemVEVO,777507160.0,6489755.0,169037.0,True,True,1232567233.0,Eminem-The Real Slim Shady
,,,,,,,288028.0,Bibi Blocksberg-Kapitel 12: Der Hexenbesenausflug (Folge 146)
Oscar Maydon x Natanael Cano - Kilos De H [En Vivo],Rancho Humilde,2698802.0,50923.0,1254.0,False,False,3350653.0,Oscar Maydon-Kilos De H (En Vivo)
Aerosmith - Sweet Emotion,AerosmithVEVO,33597662.0,212652.0,6763.0,True,True,329839315.0,Aerosmith-Sweet Emotion
The Cure - Boys Don't Cry,TheCureVEVO,104414414.0,743868.0,13560.0,True,True,,The Cure-Boys Don't Cry - Single Version
P!NK - Never Gonna Not Dance Again (Official Video),PinkVEVO,10941241.0,216805.0,7540.0,True,True,34361626.0,P!nk-Never Gonna Not Dance Again
Alejandro Fernández - Me Hace Tanto Bien (Video Oficial),AFernandezVEVO,89474838.0,198028.0,3891.0,True,True,187498268.0,Alejandro Fernández-Me Hace Tanto Bien
Madonna - Frozen (Official Video) [HD],Madonna,174276639.0,1245864.0,59064.0,True,True,116151341.0,Madonna-Frozen
AC/DC - Highway to Hell (Official Video),acdcVEVO,274830901.0,2039258.0,44487.0,True,True,1143164505.0,AC/DC-Highway to Hell
Green Day - American Idiot [Official Music Video],Green Day,223477721.0,1599727.0,65058.0,True,True,706697133.0,Green Day-American Idiot
The Offspring - All I Want (Official Music Video),OffspringVEVO,23211619.0,142752.0,6483.0,True,True,59697490.0,The Offspring-All I Want
METAMORPHOSIS 2,INTERWORLD - Topic,4318413.0,123044.0,595.0,True,True,8871096.0,INTERWORLD-METAMORPHOSIS 2
Eminem - Without Me (Official Music Video),EminemVEVO,1590485349.0,11469490.0,341006.0,True,True,1457351902.0,Eminem-Without Me
MF DOOM - Meat Grinder | Rhymes Highlighted,Highlighted,1083267.0,38499.0,1223.0,False,True,61507232.0,MF DOOM-Meat Grinder
Attracted To You,PinkPantheress - Topic,1667361.0,39934.0,77.0,True,True,63343307.0,PinkPantheress-Attracted To You
The Black Eyed Peas - Meet Me Halfway (Official Music Video),BlackEyedPeasVEVO,458724349.0,2094991.0,73011.0,True,True,363930118.0,Black Eyed Peas-Meet Me Halfway
"Jodi Benson - Part of Your World (Official Video From ""The Little Mermaid"")",DisneyMusicVEVO,239113558.0,801663.0,0.0,True,True,205824087.0,Disney-Part of Your World
Shayad | Lockdown Version | Pritam | Arijit,Pritam,9928703.0,282832.0,12531.0,False,True,196665486.0,Pritam-Shayad
Aventura - Los Infieles,Aventura,297896303.0,741934.0,14151.0,True,True,211949405.0,Aventura-Los Infieles
John Mayer - You're Gonna Live Forever in Me (Audio),johnmayerVEVO,34026087.0,288641.0,6956.0,True,True,156875663.0,John Mayer-You're Gonna Live Forever in Me
Daft Punk - Around The World (Official Music Video Remastered),Daft Punk,38218353.0,466569.0,11904.0,True,True,293417547.0,Daft Punk-Around the World
Gravity Music Video- John Mayer,Sammi ,87229.0,692.0,21.0,False,False,324961495.0,John Mayer-Gravity
"J. S. Bach: Cantata Nº 208, 'Sheep May Safely Graze', BWV 208",The72NamesOfGOD,981019.0,5363.0,4.0,False,False,26244119.0,Johann Sebastian Bach-Sheep May Safely Graze
,,,,,,,279373631.0,Bob Marley & The Wailers-Redemption Song
The Notorious B.I.G. - Suicidal Thoughts (Official Audio),The Notorious B.I.G.,17764935.0,303998.0,8167.0,True,True,126109649.0,The Notorious B.I.G.-Suicidal Thoughts - 2005 Remaster
Christina Aguilera - Dirrty (Official HD Video) ft. Redman,CAguileraVEVO,168786985.0,691843.0,26111.0,True,True,190423840.0,Christina Aguilera-Dirrty (feat. Redman)
d4vd - NEVER AGAIN (Official Audio),d4vd,157711.0,4889.0,123.0,False,True,2921743.0,d4vd-NEVER AGAIN
The Rolling Stones - Angie - OFFICIAL PROMO (Version 1),The Rolling Stones,62281290.0,373853.0,11423.0,False,True,282086014.0,The Rolling Stones-Angie
KORDHELL - MURDER PLOT,KORDHELL,1458229.0,53510.0,2083.0,False,True,8718224.0,Kordhell-MURDER PLOT
Enrique Iglesias - I Like It (Official Music Video),EnriqueIglesiasVEVO,341252633.0,1169541.0,79714.0,True,True,184691650.0,Enrique Iglesias-I Like It
DVRST - SHE IS HYPERACTIVE,DVRST,920924.0,30851.0,1533.0,False,True,3710358.0,DVRST-SHE IS HYPERACTIVE
"Bruno Mars, Anderson .Paak, Silk Sonic - Blast Off [Official Audio]",Bruno Mars,5890347.0,90489.0,3823.0,True,True,49086757.0,Silk Sonic-Blast Off
The Notorious B.I.G. - Who Shot Ya? (Music Video) HD,Straight Outta MiddleEast,35891.0,696.0,59.0,False,False,154767780.0,The Notorious B.I.G.-Who Shot Ya? - 2005 Remaster
Britney Spears - Womanizer (Director's Cut) (Official HD Video),BritneySpearsVEVO,355445991.0,1489871.0,69084.0,True,True,423188557.0,Britney Spears-Womanizer
Aerosmith - Janie's Got A Gun,AerosmithVEVO,66608918.0,246673.0,9882.0,True,True,75160311.0,Aerosmith-Janie's Got A Gun
Die drei Fragezeichen - Das Geheimnis der Geisterinsel,Serien Schätze de,21912.0,256.0,5.0,False,False,,Die drei ???-Teil 15 - Das Geheimnis der Geisterinsel
The Rolling Stones - (I Can't Get No) Satisfaction (Official Lyric Video),ABKCOVEVO,142710738.0,943127.0,15095.0,True,True,561632246.0,The Rolling Stones-(I Can't Get No) Satisfaction - Mono Version
"Camilo, Evaluna Montaner - Índigo (Official Video)",CamiloVEVO,171403894.0,3018400.0,80704.0,True,True,205577936.0,Camilo-Índigo
Que De Raro Tiene Oficial   Vicente Fernández,Germán Ospina,2572387.0,14467.0,222.0,False,False,73322000.0,Vicente Fernández-Qué de Raro Tiene
Coldplay - Yellow (Official Video),Coldplay,832532409.0,4600933.0,118296.0,True,True,1483622308.0,Coldplay-Yellow
Rosa Linn - Snap - (Official Video),Rosa Linn,10365919.0,176135.0,3708.0,False,True,476702323.0,Rosa Linn-SNAP
"Rosa Linn, Duncan Laurence - WDIA (Would Do It Again) (Official Lyric Video)",RosaLinnVEVO,521833.0,15111.0,848.0,True,True,5718999.0,Rosa Linn-WDIA (Would Do It Again)
PinkPantheress - Do you miss me? (Lyric Video),Pinkpantheress,989986.0,54383.0,1584.0,True,True,10154176.0,PinkPantheress-Do you miss me?
Desperado (2013 Remaster),The Eagles - Topic,12025531.0,119037.0,410.0,True,True,150454398.0,Eagles-Desperado - 2013 Remaster
Mariah Carey - Always Be My Baby (Official Music Video),MariahCareyVEVO,306941658.0,1298739.0,43433.0,True,True,301955185.0,Mariah Carey-Always Be My Baby
Awaara - Chiru Chiru Video | Yuvanshankar | Karthi,SonyMusicSouthVEVO,50068446.0,238048.0,5428.0,True,True,16678743.0,Yuvan Shankar Raja-Chiru Chiru
interworld - metamorphosis (sped up),sparkle.,8359840.0,148520.0,1555.0,False,False,57161442.0,INTERWORLD-METAMORPHOSIS - Sped Up
ENHYPEN (엔하이픈) 'SHOUT OUT' MV (with ENG SUB),KV 킬링,77766.0,3439.0,41.0,False,False,25679398.0,ENHYPEN-SHOUT OUT
Gorillaz - DARE (Official Video),Gorillaz,259021161.0,1844658.0,72008.0,True,True,323850327.0,Gorillaz-DARE
Ludovico Einaudi - Rolling Like A Ball (Performance Video),LudovicoEinaudiVEVO,473964.0,10849.0,425.0,True,True,13213932.0,Ludovico Einaudi-Rolling Like A Ball
TZ da Coronel - Met Gala ft. Borges (Visualizer),Calli Cartel Records,5205251.0,41326.0,227.0,True,True,16756505.0,Tz da Coronel-Met Gala!
Ricardo Arjona   Minutos video Oficial   HQ,bcl014,5993047.0,34145.0,849.0,False,False,79062712.0,Ricardo Arjona-Minutos
Red Hot Chili Peppers - Dani California [Official Music Video],Red Hot Chili Peppers,324228662.0,1456622.0,49461.0,True,True,550067391.0,Red Hot Chili Peppers-Dani California
Sparks,Coldplay - Topic,73201019.0,787343.0,1637.0,True,True,475353044.0,Coldplay-Sparks
The Offspring - Gone Away,OffspringVEVO,39501121.0,238566.0,13057.0,True,True,90760058.0,The Offspring-Gone Away - 1997