Artist_Track,Album,Album_type,Danceability,Energy,Key,Loudness,Speechiness,Acousticness,Instrumentalness,Liveness,Valence,Tempo,Duration_ms
Muse-Madness,The 2nd Law,album,0.502,0.417,10.0,-7.665,0.0718,0.127,0.00419,0.106,0.218,180.301,281040.0
Britney Spears-If U Seek Amy,Circus (Deluxe Version),album,0.717,0.587,4.0,-7.296,0.0339,0.0192,0.0,0.0523,0.544,129.954,216520.0
"Vicente Fernández-Volver, Volver",Arriba Huentitan,album,0.355,0.351,9.0,-9.513,0.0455,0.39,0.00257,0.394,0.471,164.933,179397.0
Kanye West-Father Stretch My Hands Pt. 1,The Life Of Pablo,album,0.724,0.573,7.0,-4.113,0.0549,0.118,0.0,0.538,0.438,113.088,135920.0
Ludovico Einaudi-Luminous,Underwater,album,0.307,0.00229,1.0,-34.977,0.0519,0.992,0.931,0.098,0.281,67.775,283280.0
Silk Sonic-Leave The Door Open,An Evening With Silk Sonic,album,0.586,0.616,5.0,-7.964,0.0324,0.182,0.0,0.0927,0.719,148.088,242096.0
Hans Zimmer-Mountains,Interstellar (Original Motion Picture Soundtrack) [Expanded Edition],album,0.304,0.0585,9.0,-16.949,0.0351,0.59,0.928,0.0982,0.0371,119.975,219093.0
Eden Muñoz-Como Quieras Quiero,Consejos Gratis,album,0.555,0.707,10.0,-7.665,0.12,0.644,1.07e-05,0.101,0.963,185.914,122097.0
Luis Miguel-Culpable O No - Miénteme Como Siempre,Busca Una Mujer,album,0.54,0.367,0.0,-14.238,0.0277,0.0367,0.0,0.0433,0.252,70.276,237240.0
Plan B-Ella Fuma,Ella Fuma,single,0.8,0.729,9.0,-2.897,0.144,0.101,0.0,0.316,0.836,171.976,271515.0
BoyWithUke-Toxic,Serotonin Dreams,album,0.609,0.619,11.0,-5.677,0.311,0.749,0.0,0.264,0.689,179.71,168067.0
Pritam-Shayad,Love Aaj Kal (Original Motion Picture Soundtrack),album,0.483,0.468,8.0,-7.642,0.0341,0.784,0.0,0.152,0.319,135.875,247941.0
Bob Marley & The Wailers-Waiting In Vain,Exodus,album,0.772,0.46,8.0,-11.489,0.327,0.0279,2.21e-05,0.0633,0.8,78.786,256240.0
Muse-Starlight,Black Holes and Revelations,album,0.55,0.874,4.0,-4.046,0.0321,0.000436,1.02e-05,0.206,0.318,121.61,240213.0
Red Hot Chili Peppers-By the Way,By the Way (Deluxe Edition),album,0.451,0.97,0.0,-4.938,0.107,0.0264,0.00355,0.102,0.198,122.444,216933.0
Usher-Burn,Confessions (Expanded Edition),album,0.796,0.477,1.0,-7.161,0.108,0.314,0.0,0.12,0.685,119.928,231933.0
Chris Brown-Go Crazy,Slime & B,album,0.755,0.578,0.0,-8.932,0.145,0.316,0.0,0.25,0.581,94.148,176960.0
Vicente Fernández-Mujeres Divinas,El Cuatrero,album,0.607,0.296,5.0,-9.541,0.0601,0.565,9.17e-05,0.324,0.577,71.136,189720.0
Usher-My Boo,Confessions (Expanded Edition),album,0.662,0.507,5.0,-8.238,0.118,0.257,0.0,0.0465,0.676,86.412,223440.0
AC/DC-You Shook Me All Night Long,Back In Black,album,0.532,0.767,7.0,-5.509,0.0574,0.00287,0.000513,0.39,0.755,127.361,210173.0
Jhené Aiko-On The Way (feat. Mila J),Chilombo (Deluxe),album,0.575,0.443,7.0,-11.626,0.28,0.756,0.0,0.109,0.658,113.862,222600.0
JAY-Z-03' Bonnie & Clyde,The Blueprint 2: The Gift & The Curse,album,0.759,0.678,9.0,-5.148,0.314,0.23,0.0,0.15,0.327,89.64,205560.0
Silk Sonic-777,An Evening With Silk Sonic,album,0.836,0.622,1.0,-11.003,0.0946,0.00269,0.000566,0.335,0.892,102.015,165001.0
Kanye West-Homecoming,Graduation,album,0.667,0.747,1.0,-7.059,0.189,0.337,0.0,0.115,0.918,86.917,203493.0
Jhené Aiko-Sativa,Trip,album,0.741,0.61,6.0,-7.34,0.0511,0.316,0.0,0.534,0.72,125.99,276960.0
Bob Marley & The Wailers-Buffalo Soldier,Confrontation,album,0.929,0.463,9.0,-8.651,0.308,0.142,5.26e-06,0.0634,0.757,124.084,255840.0
Coldplay-Viva La Vida,Viva La Vida or Death and All His Friends,album,0.486,0.617,5.0,-7.115,0.0287,0.0954,3.23e-06,0.109,0.417,138.015,242373.0
Jack Johnson-Better Together,In Between Dreams,album,0.868,0.347,5.0,-9.529,0.0536,0.308,2e-05,0.11,0.659,110.059,207680.0
Kordhell-MURDER PLOT,MURDER PLOT,single,0.615,0.965,11.0,-2.288,0.0903,0.000244,0.000945,0.11,0.721,140.106,126857.0
blink-182-The Rock Show,Take Off Your Pants And Jacket,album,0.41,0.959,9.0,-4.563,0.0869,0.000324,0.0,0.0766,0.83,193.155,171600.0
Tz da Coronel-Não faz isso Comigo não,É o Trem!,album,0.821,0.38,2.0,-10.364,0.05,0.0822,3.98e-06,0.2,0.155,120.033,120047.0
Kordhell-Murder In My Mind,Murder In My Mind,single,0.712,0.972,10.0,-0.514,0.112,0.00547,7.06e-05,0.128,0.568,119.966,145000.0
System Of A Down-Lonely Day,Hypnotize,album,0.47,0.796,8.0,-3.277,0.0336,0.362,1.1e-06,0.133,0.215,113.108,167907.0
Madonna-Papa Don't Preach,True Blue (Reissue),album,0.833,0.934,5.0,-3.243,0.0313,0.343,7.55e-06,0.0521,0.964,121.879,268533.0
Gorillaz-On Melancholy Hill,Plastic Beach,album,0.689,0.739,2.0,-5.81,0.026,1.51e-05,0.509,0.064,0.578,120.423,233867.0
Christina Aguilera-Say Something,Is There Anybody Out There?,album,0.407,0.147,2.0,-8.822,0.0355,0.857,2.89e-06,0.0913,0.0765,141.284,229400.0
Alicia Keys-City of Gods,B.I.B.L.E.,album,0.469,0.799,8.0,-5.983,0.387,0.105,0.0,0.32,0.495,147.847,256000.0
MF DOOM-One Beer,MM...FOOD,album,0.376,0.718,7.0,-6.7,0.246,0.0996,0.00332,0.633,0.615,91.115,258587.0
Bee Gees-Too Much Heaven,Spirits Having Flown,album,0.495,0.439,6.0,-13.212,0.0467,0.44,8.88e-05,0.725,0.353,165.922,296000.0
Ludovico Einaudi-Wind Song,Underwater,album,0.339,0.00572,11.0,-32.309,0.0378,0.986,0.923,0.103,0.0616,72.7,198650.0
21 Savage-Creepin' (with The Weeknd & 21 Savage),HEROES & VILLAINS,album,0.715,0.62,1.0,-6.005,0.0484,0.417,0.0,0.0822,0.172,97.95,221520.0
INTERWORLD-METAMORPHOSIS,METAMORPHOSIS,single,0.593,0.641,7.0,-12.727,0.0992,0.426,0.901,0.122,0.147,175.014,142839.0
Billy Joel-Vienna,The Stranger (Legacy Edition),album,0.532,0.495,10.0,-6.662,0.0343,0.659,0.0,0.0754,0.308,124.936,214240.0
Madonna-4 Minutes (feat. Justin Timberlake & Timbaland),Celebration (double disc version),compilation,0.753,0.931,2.0,-4.922,0.0652,0.00994,0.00696,0.234,0.767,113.029,189693.0
Radiohead-High and Dry,The Bends,album,0.419,0.383,4.0,-11.782,0.0256,0.0724,0.0176,0.0896,0.35,87.568,257480.0
Britney Spears-Gimme More,Blackout,album,0.788,0.844,2.0,-3.131,0.0334,0.25,0.000678,0.0723,0.382,113.324,251240.0
Beyoncé-Perfect Duet (Ed Sheeran & Beyoncé),Perfect Duet (Ed Sheeran & Beyoncé),single,0.587,0.299,8.0,-7.365,0.0263,0.779,0.0,0.123,0.356,94.992,259550.0
MF DOOM-Fancy Clown,Madvillainy,album,0.537,0.753,8.0,-9.441,0.35,0.328,1.52e-05,0.368,0.693,90.292,115827.0
Plan B-Fanática Sensual,Love And Sex,album,0.793,0.853,1.0,-3.655,0.0477,0.0937,0.0,0.085,0.906,164.022,240320.0
Maná-Oye Mi Amor,¿Dónde Jugarán Los Niños?,album,0.543,0.903,11.0,-6.658,0.039,0.0102,0.00585,0.0862,0.962,162.241,263306.0
blink-182-All The Small Things,Enema Of The State,album,0.434,0.897,0.0,-4.918,0.0488,0.0103,0.0,0.612,0.684,148.726,167067.0
John Mayer-Waiting On the World to Change,Continuum,album,0.578,0.756,2.0,-5.82,0.115,0.157,0.000232,0.249,0.663,176.739,201173.0
INTERWORLD-METAMORPHOSIS 2,METAMORPHOSIS 2,single,0.606,0.865,8.0,-8.126,0.0554,0.0628,0.461,0.12,0.405,105.01,137155.0
Coldplay-Fix You,X&Y,album,0.209,0.417,3.0,-8.74,0.0338,0.164,0.00196,0.113,0.124,138.178,295533.0
"A.R. Rahman-Ponni Nadhi (From ""Ponniyin Selvan Part -1"") - Tamil","Ponni Nadhi (From ""Ponniyin Selvan Part -1"") [Original Motion Picture Soundtrack]",single,0.687,0.637,10.0,-9.55,0.13,0.12,0.0,0.291,0.56,152.0,290526.0
"Alka Yagnik-Agar Tum Saath Ho (From ""Tamasha"")",Love Forever With Arijit Singh,compilation,0.562,0.519,3.0,-8.744,0.0326,0.557,0.000268,0.172,0.415,122.925,341055.0
Deftones-Change (In the House of Flies),White Pony,album,0.269,0.853,7.0,-4.647,0.0854,0.000249,0.000246,0.118,0.179,141.581,299533.0
Tory Lanez-In For It,In For It,single,0.383,0.531,5.0,-7.814,0.0741,0.0753,0.000102,0.108,0.0375,105.971,293307.0
DVRST-REASON TO LIVE,REASON TO LIVE,single,0.637,0.718,6.0,-6.171,0.075,0.00832,0.000219,0.227,0.0801,120.029,192000.0
Disney-Under the Sea,The Little Mermaid Special Edition,album,0.511,0.475,10.0,-14.667,0.161,0.708,0.0,0.105,0.819,98.957,195147.0
Alejandro Fernández-Mariposa Traicionera,Mariposa Traicionera,single,0.622,0.647,4.0,-6.913,0.0352,0.524,4.82e-05,0.0872,0.815,206.037,243307.0
Radiohead-Exit Music (For A Film),OK Computer,album,0.293,0.276,4.0,-11.357,0.0349,0.224,0.122,0.167,0.195,121.603,267187.0
Rosa Linn-SNAP - Low and Slow,SNAP PACK,single,0.623,0.547,9.0,-9.345,0.0499,0.241,3.19e-05,0.15,0.514,149.973,203492.0
SICK LEGEND-PART OF ME HARDSTYLE,PART OF ME HARDSTYLE,single,0.519,0.902,7.0,-3.494,0.042,0.012,0.000132,0.266,0.657,174.79,131657.0
Usher-OMG (feat. will.i.am),Raymond v Raymond (Expanded Edition),album,0.781,0.745,4.0,-5.81,0.0332,0.198,1.14e-05,0.36,0.326,129.998,269493.0
50 Cent-Just A Lil Bit,The Massacre,album,0.489,0.692,1.0,-6.672,0.41,0.0322,0.00608,0.315,0.527,96.946,237707.0
Ludovico Einaudi-The Tree,Moments of Peace,album,0.316,0.00329,5.0,-38.901,0.0482,0.994,0.957,0.0933,0.415,90.804,199167.0
blink-182-Feeling This,blink-182,album,0.411,0.962,4.0,-5.952,0.0917,0.103,0.0,0.529,0.622,173.143,172646.0
"Pink Floyd-Another Brick in the Wall, Pt. 2",The Wall,album,0.693,0.394,0.0,-15.882,0.0428,0.0782,0.000694,0.247,0.721,104.114,238747.0
d4vd-You and I,You and I,single,0.474,0.919,10.0,-5.702,0.0381,0.259,0.945,0.341,0.445,90.225,151695.0
Enrique Iglesias-Bailando - Spanish Version,SEX AND LOVE (Deluxe),album,0.723,0.777,7.0,-3.503,0.108,0.0426,3.68e-06,0.0451,0.961,91.017,243413.0
"Johann Sebastian Bach-Flute Sonata in E-Flat Major, BWV 1031: II. Siciliano (arr. I. Friedman for piano)",Friedman: Piano Transcriptions,album,0.359,0.0299,7.0,-30.533,0.043,0.995,0.934,0.0828,0.159,73.144,132760.0
Bon Jovi-You Give Love A Bad Name,Slippery When Wet,album,0.541,0.96,0.0,-2.947,0.0505,0.0663,2.25e-06,0.344,0.812,122.803,222707.0
Billy Joel-Movin' Out (Anthony's Song),The Stranger (Legacy Edition),album,0.664,0.88,2.0,-5.009,0.0326,0.465,1.63e-05,0.0591,0.895,133.898,210760.0
Mari Fernandez-Só de Imaginar - Ao Vivo,Ao Vivo em Fortaleza,album,0.469,0.912,8.0,-2.256,0.0491,0.357,0.0,0.486,0.579,75.984,202244.0
Stevie Wonder-Superstition - Single Version,The Definitive Collection,compilation,0.633,0.634,8.0,-12.115,0.0725,0.038,0.0064,0.0385,0.872,100.499,245493.0
Pharrell Williams-Cash In Cash Out,Cash In Cash Out,single,0.877,0.56,7.0,-3.751,0.0596,0.00721,1.45e-06,0.0839,0.154,119.971,216136.0
Pritam-Kalank (Title Track),Kalank (Original Motion Picture Soundtrack),album,0.57,0.55,10.0,-8.343,0.035,0.524,3.73e-05,0.0921,0.435,117.999,311186.0
Mari Fernandez-Áudio Que Te Entrega - Faixa Bônus,GG Astral (Ao Vivo),album,0.79,0.871,7.0,-2.29,0.0441,0.221,0.0,0.0981,0.952,145.972,171409.0
Linkin Park-Numb,Meteora,album,0.496,0.863,9.0,-4.153,0.0381,0.0046,0.0,0.639,0.243,110.018,185587.0
The Offspring-All I Want,Ixnay On The Hombre,album,0.205,0.973,6.0,-3.389,0.124,0.01,0.0,0.393,0.565,172.689,114667.0
Coldplay-A Sky Full of Stars,Ghost Stories,album,0.545,0.675,6.0,-6.474,0.0279,0.00617,0.00197,0.209,0.162,124.97,267867.0
Shreya Ghoshal-Piya O Re Piya,Tere Naal Love Ho Gaya (Original Motion Picture Soundtrack),album,0.442,0.574,2.0,-6.394,0.0828,0.273,0.0,0.094,0.308,167.857,292747.0
The Offspring-Gone Away - 1997,Ixnay On The Hombre,album,0.45,0.945,3.0,-3.995,0.0806,0.012,0.00687,0.0683,0.294,111.342,268827.0
Deftones-Digital Bath,White Pony,album,0.338,0.859,4.0,-4.938,0.0824,0.00122,0.211,0.0936,0.504,92.966,255373.0
Bon Jovi-Always,Cross Road,compilation,0.383,0.659,4.0,-5.558,0.0312,0.117,0.0,0.0778,0.327,140.795,353027.0
Alicia Keys-No One - Acoustic,Vault Volume 1,single,0.38,0.325,4.0,-5.862,0.0328,0.712,0.0,0.0997,0.429,89.898,259570.0
50 Cent-In Da Club,Get Rich Or Die Tryin',album,0.902,0.72,6.0,-2.776,0.347,0.26,0.0,0.0749,0.805,90.059,193467.0
Ricardo Arjona-Fuiste Tú (feat. Gaby Moreno),Independiente + Demos,album,0.591,0.672,5.0,-3.515,0.0375,0.622,0.0,0.112,0.267,139.939,265307.0
Farruko-Passion Whine,Farruko Presents Los Menores,album,0.756,0.689,10.0,-3.87,0.0648,0.327,0.0,0.0586,0.782,162.006,213312.0
Alejandro Fernández-Me Dediqué a Perderte,A Corazón Abierto,album,0.642,0.442,8.0,-9.115,0.074,0.491,1.58e-06,0.102,0.465,148.01,231773.0
d4vd-Separate,Separate,single,0.648,0.515,4.0,-13.009,0.327,0.496,0.0022,0.124,0.191,140.377,109341.0
Oscar Maydon-Los Collares,Los Collares,single,0.645,0.712,1.0,-5.787,0.188,0.208,0.0,0.3,0.805,136.724,148793.0
Johnny Cash-I Walk The Line - Single Version,Sings the Songs that Made Him Famous,album,0.862,0.484,10.0,-11.183,0.0421,0.798,0.00105,0.105,0.787,105.834,163046.0
Aventura-Mi Corazoncito,K.O.B. Live,album,0.814,0.639,1.0,-8.078,0.0463,0.0979,0.0,0.13,0.961,133.035,234240.0
Bon Jovi-I'll Be There For You,New Jersey (Deluxe Edition),album,0.437,0.727,2.0,-5.432,0.0293,0.0532,0.0,0.103,0.233,73.029,346587.0
Alejandro Fernández-Hoy Tengo Ganas De Ti,Confidencias,album,0.406,0.459,3.0,-6.373,0.0392,0.328,0.0,0.0717,0.245,123.54,291107.0
Hans Zimmer-Cornfield Chase,Interstellar (Original Motion Picture Soundtrack) [Expanded Edition],album,0.18,0.226,9.0,-16.457,0.042,0.951,0.982,0.0998,0.048,94.079,126960.0
"Yuvan Shankar Raja-Kanja Poovu Kannala (From ""Viruman"")","Kanja Poovu Kannala (From ""Viruman"")",single,0.72,0.692,8.0,-6.354,0.0894,0.291,0.0,0.177,0.52,110.011,237559.0
A.R. Rahman-Rait Zara Si,Atrangi Re,album,0.563,0.495,2.0,-10.272,0.0362,0.781,0.0,0.0837,0.244,125.998,291462.0
David Bowie-Moonage Daydream - 2012 Remaster,The Rise and Fall of Ziggy Stardust and the Spiders from Mars (2012 Remaster),album,0.56,0.605,11.0,-11.209,0.0348,0.0408,0.000162,0.0585,0.756,144.478,279693.0
Pharrell Williams-JUGGERNAUT (feat. Lil Uzi Vert & Pharrell Williams),CALL ME IF YOU GET LOST,album,0.827,0.571,11.0,-7.949,0.366,0.0195,0.0,0.166,0.62,142.034,146419.0
MGMT-Me and Michael,Little Dark Age,album,0.628,0.841,9.0,-4.583,0.0268,0.0285,0.00332,0.254,0.706,111.985,289853.0
Radiohead-Jigsaw Falling Into Place,In Rainbows,album,0.462,0.832,11.0,-6.085,0.0479,0.108,0.00416,0.0741,0.807,165.653,248893.0
U2-With Or Without You - Remastered,The Joshua Tree (Super Deluxe),album,0.54,0.429,2.0,-11.822,0.0285,0.000202,0.355,0.141,0.113,110.171,295516.0
Daddy Yankee-ULALA (OOH LA LA),ULALA (OOH LA LA),single,0.872,0.681,0.0,-4.348,0.11,0.0462,1.38e-05,0.129,0.481,96.986,188009.0
John Mayer-Last Train Home,Sob Rock,album,0.591,0.831,4.0,-6.612,0.0355,0.235,0.00142,0.0571,0.678,93.007,187307.0
Nate Dogg-Ain't No Fun (feat. Snoop Dogg & Warren G) - J. Period Remix,A Tribute to the King of G-Funk (Deluxe Version),album,0.858,0.683,5.0,-7.058,0.114,0.12,1.78e-06,0.4,0.779,100.238,94973.0
Korn-Here to Stay,Untouchables,album,0.564,0.947,2.0,-4.998,0.0448,7.81e-06,0.828,0.373,0.351,100.002,270960.0
Ricardo Arjona-Desnuda,Sin Daños A Terceros,album,0.678,0.677,7.0,-6.179,0.0292,0.675,0.00023,0.152,0.3,135.559,254000.0
Marc Anthony-Ahora Quien - Salsa Version,Valio La Pena,album,0.553,0.632,4.0,-4.837,0.0782,0.375,0.0,0.267,0.687,85.1,309587.0
Ludovico Einaudi-Nuvole Bianche,Una Mattina,album,0.191,0.0582,8.0,-25.398,0.0578,0.961,0.89,0.0941,0.0454,132.614,357707.0
Tory Lanez-Broke In A Minute,The New Toronto 3,album,0.929,0.7,0.0,-5.595,0.0906,0.144,0.0,0.349,0.802,120.009,132024.0
Tory Lanez-The Take (feat. Chris Brown),Chixtape 5,album,0.464,0.547,7.0,-8.137,0.339,0.0511,0.0,0.155,0.423,67.003,221492.0
Nate Dogg-Party We Will Throw Now!,Party We Will Throw Now! - Single,single,0.934,0.562,4.0,-4.609,0.24,0.0476,1.31e-06,0.0608,0.712,96.792,209413.0
Plan B-Fanática Sensual - Remix,Fanática Sensual,single,0.788,0.815,1.0,-4.54,0.0539,0.162,0.0,0.244,0.871,82.014,263800.0
Alicia Keys-My Boo,Confessions (Expanded Edition),album,0.662,0.507,5.0,-8.238,0.118,0.257,0.0,0.0465,0.676,86.412,223440.0
Vicente Fernández-Estos Celos,Vicente Fernandez Para Siempre,album,0.746,0.324,4.0,-8.064,0.045,0.692,0.00782,0.139,0.385,104.976,190227.0
Pearl Jam-Better Man,Vitalogy,album,0.445,0.671,2.0,-7.937,0.0387,0.165,1.56e-05,0.0791,0.267,125.712,268587.0
"Bee Gees-More Than A Woman - From ""Saturday Night Fever"" Soundtrack",How Can You Mend A Broken Heart,album,0.601,0.703,7.0,-6.24,0.0379,0.175,8.4e-05,0.571,0.673,106.164,196213.0
Marc Anthony-Y Hubo Alguien,Contra La Corriente,album,0.474,0.879,4.0,-3.979,0.115,0.636,0.0,0.16,0.668,91.094,388360.0
Usher-Love in This Club (feat. Young Jeezy),Here I Stand,album,0.573,0.712,0.0,-5.976,0.0732,0.0572,0.0,0.167,0.346,140.012,259720.0
Ludacris-Blueberry Yum Yum,The Red Light District,album,0.962,0.637,9.0,-5.553,0.106,0.0368,0.022,0.156,0.311,126.707,235093.0
Mari Fernandez-Pessoa Errada - Ao Vivo,Pessoa Errada (Ao Vivo),single,0.666,0.853,5.0,-4.062,0.141,0.27,0.0,0.0972,0.776,146.115,153646.0
21 Savage-Pussy & Millions (feat. Travis Scott),Her Loss,album,0.749,0.63,4.0,-6.652,0.116,0.0623,0.0,0.353,0.445,122.03,242027.0
21 Savage-Rich Flex,Her Loss,album,0.561,0.52,11.0,-9.342,0.244,0.0503,1.86e-06,0.355,0.424,153.15,239360.0
Creedence Clearwater Revival-Down On The Corner,Willy And The Poor Boys (Expanded Edition),album,0.858,0.544,0.0,-9.289,0.0751,0.583,0.00109,0.0707,0.874,108.217,166280.0
ENHYPEN-Future Perfect (Pass the MIC),MANIFESTO : DAY 1,single,0.658,0.9,9.0,-3.479,0.264,0.0364,0.0,0.0771,0.526,156.096,180750.0
DVRST-Close Eyes - Slowed + Reverb,Close Eyes (Slowed + Reverb),single,0.748,0.631,10.0,-10.057,0.051,0.0799,0.838,0.104,0.0799,88.502,143769.0
Green Day-Boulevard of Broken Dreams,Greatest Hits: God's Favorite Band,compilation,0.496,0.682,8.0,-4.095,0.0294,0.00552,2.94e-05,0.0589,0.474,167.06,262333.0
SICK LEGEND-MISS YOU HARDSTYLE,MISS YOU HARDSTYLE,single,0.498,0.938,6.0,-4.543,0.107,0.00277,0.911,0.136,0.0787,160.067,181500.0
Daddy Yankee-Llamado de Emergencia,Talento de Barrio,album,0.703,0.909,4.0,-4.456,0.0358,0.216,1.57e-06,0.162,0.777,97.982,239920.0
Metallica-For Whom The Bell Tolls (Remastered),Ride The Lightning (Deluxe Remaster),album,0.512,0.86,0.0,-6.145,0.0703,0.00631,0.00528,0.0652,0.258,117.909,309973.0
"Bee Gees-Night Fever - From ""Saturday Night Fever"" Soundtrack",How Can You Mend A Broken Heart,album,0.726,0.779,1.0,-7.057,0.0251,0.0178,0.00178,0.104,0.841,109.133,212800.0
Eagles-New Kid in Town - 2013 Remaster,Hotel California (2013 Remaster),album,0.649,0.425,4.0,-9.811,0.0267,0.378,0.0013,0.108,0.651,107.383,304926.0
Metallica-One (Remastered),...And Justice for All (Remastered Deluxe Box Set),album,0.438,0.687,7.0,-9.15,0.0619,0.000668,0.0801,0.42,0.426,103.01,446146.0
The Notorious B.I.G.-Party And Bullshit,Whos The Man ? Soundtrack,compilation,0.672,0.704,1.0,-10.066,0.312,0.173,0.0,0.139,0.811,99.232,219707.0
MF DOOM-Rhymes Like Dimes,Operation: Doomsday (Complete),album,0.646,0.752,0.0,-5.652,0.268,0.664,0.0,0.17,0.761,99.948,258613.0
Juanes-Besos En Guerra,Balas Perdidas,album,0.69,0.973,2.0,-3.588,0.0492,0.126,0.0,0.101,0.772,143.957,231533.0
Silk Sonic-Smokin Out The Window,An Evening With Silk Sonic,album,0.627,0.618,2.0,-8.529,0.0437,0.0558,0.0,0.351,0.848,82.03,197443.0
Radiohead-Fake Plastic Trees,The Bends,album,0.463,0.229,2.0,-12.592,0.0297,0.167,0.0997,0.202,0.135,73.543,290707.0
Jhené Aiko-The Worst,Sail Out,album,0.539,0.414,1.0,-9.156,0.0601,0.253,1.3e-06,0.143,0.123,94.895,254493.0
Luis Miguel-La Media Vuelta,Segundo Romance,album,0.631,0.683,7.0,-8.788,0.0344,0.291,0.0,0.0994,0.708,97.959,161040.0
Eden Muñoz-Creo en Ti,Creo en Ti,single,0.677,0.384,0.0,-8.773,0.028,0.7,0.0,0.0945,0.776,153.116,177059.0
T-Pain-I Like Dat,I Like Dat,single,0.565,0.491,1.0,-6.902,0.221,0.0049,0.0,0.137,0.337,175.694,242085.0
21 Savage-Spin Bout U,Her Loss,album,0.773,0.701,7.0,-6.386,0.0512,0.01,0.0,0.163,0.203,129.963,214589.0
Nate Dogg-I Got Love,Music and Me,album,0.912,0.416,10.0,-5.943,0.164,0.437,0.306,0.09,0.677,90.013,236227.0
Silk Sonic-Leave The Door Open - Live,Leave The Door Open (Live),single,0.532,0.683,5.0,-7.449,0.0541,0.351,0.0,0.984,0.563,147.837,260270.0
Maná-En El Muelle De San Blas,Sueños Líquidos,album,0.64,0.693,2.0,-5.735,0.0235,0.113,5.62e-06,0.0978,0.698,97.159,352160.0
Chris Brown-Superhero (Heroes & Villains) [with Future & Chris Brown],HEROES & VILLAINS,album,0.526,0.606,5.0,-5.3,0.259,0.152,2.36e-06,0.194,0.492,116.622,182667.0
d4vd-Bleed Out,Bleed Out,single,0.57,0.937,1.0,-4.485,0.0401,0.0479,0.00958,0.215,0.47,104.4,168947.0
Aerosmith-Dream On,Aerosmith,album,0.392,0.476,1.0,-7.583,0.0249,0.397,0.000163,0.309,0.234,78.031,267597.0
Black Eyed Peas-RITMO (Bad Boys For Life),TRANSLATION,album,0.732,0.716,10.0,-6.968,0.0561,0.0295,0.000758,0.73,0.666,105.093,214855.0
David Bowie-Starman - 2012 Remaster,The Rise and Fall of Ziggy Stardust and the Spiders from Mars (2012 Remaster),album,0.486,0.449,5.0,-10.298,0.0267,0.166,2.23e-06,0.54,0.549,100.456,254293.0
Pink Floyd-Money,The Dark Side of the Moon,album,0.468,0.536,11.0,-10.422,0.144,0.024,0.00199,0.269,0.785,126.256,382834.0
Vicente Fernández-Qué de Raro Tiene,Que De Raro Tiene,album,0.6,0.356,4.0,-7.725,0.0586,0.426,0.0,0.379,0.542,67.164,202093.0
MF DOOM-All Caps,Madvillainy,album,0.358,0.889,1.0,-8.045,0.335,0.266,1.46e-05,0.172,0.666,85.61,130480.0
Coldplay-Paradise,Mylo Xyloto,album,0.449,0.585,5.0,-6.761,0.0268,0.0509,8.75e-05,0.0833,0.212,139.631,278719.0
PinkPantheress-Just for me,to hell with it,album,0.804,0.609,0.0,-7.848,0.0633,0.68,0.00253,0.261,0.713,133.043,116213.0
U2-One,Achtung Baby (Deluxe Edition),album,0.392,0.534,0.0,-8.793,0.0369,0.245,0.00104,0.155,0.325,181.305,276187.0
Enrique Iglesias-Cuando Me Enamoro,Euphoria (Standard US/Latin version),album,0.821,0.819,1.0,-3.627,0.0272,0.0104,5.49e-05,0.145,0.893,126.03,200347.0
Christina Aguilera-Beautiful,Stripped,album,0.456,0.573,5.0,-3.866,0.0275,0.578,3.05e-06,0.114,0.0992,76.19,238560.0
The Cure-A Forest - 2006 Remaster,Seventeen Seconds (Deluxe Edition),album,0.633,0.62,0.0,-11.271,0.0648,0.34,0.605,0.0977,0.421,81.117,354933.0
Gorillaz-Clint Eastwood,Gorillaz,album,0.663,0.694,10.0,-8.627,0.171,0.0253,0.0,0.0698,0.525,167.953,340920.0
David Bowie-Life on Mars? - 2015 Remaster,Hunky Dory (2015 Remaster),album,0.445,0.384,10.0,-14.642,0.0417,0.635,7.74e-05,0.0539,0.216,123.295,235987.0
blink-182-Adam's Song,Enema Of The State,album,0.52,0.775,0.0,-5.803,0.0348,0.034,0.0,0.364,0.382,136.028,249627.0
INTERWORLD-RAPTURE,RAPTURE,single,0.72,0.679,0.0,-5.385,0.036,0.00693,0.846,0.1,0.29,105.005,164577.0
Linkin Park-Bleed It Out,Minutes to Midnight,album,0.529,0.967,1.0,-3.647,0.0508,0.114,0.0,0.61,0.596,140.127,166373.0
Ricardo Arjona-Historia de Taxi,Quién Dijo Ayer,album,0.717,0.716,2.0,-7.35,0.0326,0.106,1.09e-06,0.277,0.682,147.107,402133.0
Alka Yagnik-Bole Chudiyan,Kabhi Khushi Kabhie Gham (Original Motion Picture Soundtrack),album,0.59,0.875,5.0,-5.294,0.171,0.45,1.16e-05,0.164,0.737,96.915,408133.0
AC/DC-It's a Long Way to the Top (If You Wanna Rock 'N' Roll),High Voltage,album,0.456,0.863,3.0,-3.551,0.0894,0.133,0.0538,0.0553,0.532,135.962,301227.0
Farruko-Color Esperanza 2020,Color Esperanza 2020,single,0.591,0.785,9.0,-7.768,0.161,0.161,0.0,0.126,0.785,106.002,217547.0
The Notorious B.I.G.-Who Shot Ya? - 2005 Remaster,Ready to Die (The Remaster),album,0.831,0.682,7.0,-5.697,0.238,0.256,0.0,0.494,0.6,91.771,319360.0
Bob Marley & The Wailers-Natural Mystic,Exodus,album,0.876,0.282,7.0,-12.618,0.319,0.0503,4.76e-05,0.0741,0.801,130.958,207733.0
Eden Muñoz-Oficialmente en Soltería,Consejos Gratis,album,0.784,0.551,9.0,-8.697,0.0448,0.508,0.0,0.0596,0.926,106.987,122243.0
Tz da Coronel-Poesia Acústica 13,Poesia Acústica 13,compilation,0.572,0.579,10.0,-7.242,0.128,0.469,0.0,0.136,0.5,127.982,620696.0
Juanes-Para Tu Amor,Mi Sangre,album,0.602,0.506,8.0,-7.578,0.024,0.425,0.0,0.125,0.531,95.006,249000.0
Usher-U Remind Me,8701,album,0.657,0.629,6.0,-4.938,0.0782,0.194,0.0,0.254,0.726,93.985,266893.0
The Rolling Stones-Start Me Up - Remastered 2009,Tattoo You (2009 Re-Mastered),album,0.631,0.932,5.0,-4.142,0.0354,0.0436,0.137,0.0918,0.971,122.429,213067.0
INTERWORLD-METAMORPHOSIS - Slowed + Reverb,METAMORPHOSIS (Slowed + Reverb),single,0.67,0.503,1.0,-13.974,0.0582,0.681,0.9,0.115,0.218,145.012,172220.0
Don Toliver-Scrape It Off (feat. Lil Uzi Vert & Don Toliver),It's Almost Dry,album,0.594,0.679,7.0,-3.702,0.345,0.484,7.83e-06,0.114,0.66,106.726,152613.0
Luis Miguel-Ahora Te Puedes Marchar,Soy Como Quiero Ser,album,0.78,0.877,6.0,-3.683,0.0427,0.148,2.36e-06,0.0627,0.909,133.263,191973.0
Disney-If Only,Descendants (Original TV Movie Soundtrack),compilation,0.477,0.6,7.0,-5.652,0.0324,0.271,0.0,0.112,0.29,152.062,229813.0
A.R. Rahman-Raanjhanaa,Raanjhanaa (Original Motion Picture Soundtrack),album,0.673,0.714,9.0,-8.042,0.039,0.111,0.0,0.0858,0.78,112.941,254653.0
Oasis-Stand By Me - Remastered,Be Here Now (Deluxe Remastered Edition),album,0.194,0.825,7.0,-2.605,0.041,0.0864,0.00284,0.182,0.35,169.974,355867.0
Johnny Cash-(Ghost) Riders in the Sky,Silver,album,0.572,0.668,10.0,-9.382,0.0361,0.355,0.0379,0.223,0.56,109.511,224813.0
MF DOOM-Accordion,Madvillainy,album,0.578,0.631,9.0,-6.518,0.309,0.0243,0.0,0.0665,0.716,96.332,118853.0
Kordhell-LAND OF FIRE,LAND OF FIRE,single,0.686,0.952,4.0,-2.524,0.0529,0.00545,0.00713,0.111,0.269,149.968,153600.0
Vicente Fernández-De Qué Manera Te Olvido,De Que Manera Te Olvido,album,0.496,0.451,9.0,-5.563,0.0278,0.82,0.000119,0.0597,0.455,100.296,171640.0
Daft Punk-Around the World,Homework,album,0.956,0.795,7.0,-5.311,0.15,0.00356,0.889,0.0906,0.841,121.294,429533.0
"Yuvan Shankar Raja-Pacha Elai (From ""Love Today"")","Pacha Elai (From ""Love Today"")",single,0.664,0.716,11.0,-10.904,0.33,0.469,0.000228,0.313,0.413,139.632,210857.0
The Cure-Friday I'm in Love,Wish,album,0.526,0.762,0.0,-12.437,0.0342,0.000972,0.000116,0.338,0.505,136.203,214400.0
Eagles-Please Come Home for Christmas - 2013 Remaster,Please Come Home for Christmas / Funky New Year (2013 Remaster),single,0.612,0.289,9.0,-11.568,0.0421,0.599,0.00266,0.0561,0.466,183.18,177440.0
Yuvan Shankar Raja-Mamakutty,Love Today (Original Motion Picture Soundtrack),single,0.8,0.782,11.0,-9.918,0.452,0.132,0.265,0.592,0.751,149.94,145600.0
INTERWORLD-METAMORPHOSIS - KUTE Remix,METAMORPHOSIS (KUTE Remix),single,0.644,0.874,4.0,-4.223,0.0627,0.000682,0.0961,0.441,0.278,120.087,129000.0
Daft Punk-Digital Love,Discovery,album,0.644,0.664,9.0,-8.398,0.0332,0.048,0.867,0.342,0.53,124.726,301373.0
Silk Sonic-Love's Train,An Evening With Silk Sonic,album,0.711,0.605,6.0,-9.801,0.031,0.0396,2.29e-05,0.104,0.807,140.981,307014.0
Alicia Keys-Un-thinkable (I'm Ready),The Element Of Freedom,album,0.596,0.505,7.0,-7.892,0.0619,0.732,1.97e-05,0.106,0.335,86.097,249240.0
ENHYPEN-ParadoXXX Invasion,MANIFESTO : DAY 1,single,0.727,0.863,1.0,-3.181,0.0879,0.0298,0.0,0.334,0.72,94.952,187490.0
JAY-Z-Ni**as In Paris,Watch The Throne (Deluxe),album,0.789,0.858,1.0,-5.542,0.311,0.127,0.0,0.349,0.775,140.022,219333.0
Eagles-Hotel California - 2013 Remaster,Hotel California (2013 Remaster),album,0.579,0.508,2.0,-9.484,0.027,0.00574,0.000494,0.0575,0.609,147.125,391376.0
Alka Yagnik-Koi Mil Gaya,Kuch Kuch Hota Hai,album,0.7,0.687,2.0,-9.292,0.0504,0.503,1.2e-05,0.057,0.815,136.028,437693.0
Hans Zimmer-Day One (Interstellar Theme),Interstellar (Original Motion Picture Soundtrack) [Expanded Edition],album,0.311,0.0173,9.0,-27.788,0.0348,0.927,0.964,0.0727,0.0658,95.985,199423.0
Alejandro Fernández-Inexperto En Olvidarte,Inexperto En Olvidarte,single,0.549,0.548,10.0,-5.698,0.0321,0.233,0.0,0.0789,0.714,81.622,185213.0
BoyWithUke-She Said No,Serotonin Dreams,album,0.786,0.553,8.0,-6.81,0.176,0.879,0.0,0.138,0.815,98.061,154200.0
Black Eyed Peas-I Gotta Feeling,THE E.N.D. (THE ENERGY NEVER DIES),album,0.744,0.766,0.0,-6.375,0.0265,0.0873,0.0,0.509,0.61,127.966,289133.0
BoyWithUke-Prairies (with mxmtoon),Serotonin Dreams,album,0.717,0.7,1.0,-5.843,0.0382,0.189,0.0,0.374,0.568,103.517,191973.0
"Jack Johnson-Sitting, Waiting, Wishing",In Between Dreams,album,0.765,0.535,0.0,-7.229,0.0265,0.22,2.55e-05,0.104,0.548,105.019,183720.0
The Offspring-Staring At The Sun,Americana,album,0.403,0.952,0.0,-3.925,0.202,0.259,0.0,0.123,0.729,87.833,133587.0
Aerosmith-Dude (Looks Like A Lady),Permanent Vacation,album,0.54,0.982,4.0,-2.962,0.0458,0.435,3.37e-05,0.0457,0.91,126.294,265773.0
The Rolling Stones-Beast Of Burden - Remastered 1994,Some Girls,album,0.783,0.878,1.0,-3.864,0.0308,0.39,0.000778,0.0426,0.885,100.626,265173.0
Slipknot-Custer,.5: The Gray Chapter (Special Edition),album,0.407,0.98,7.0,-1.58,0.107,0.00174,0.000112,0.119,0.537,131.066,254467.0
Yuvan Shankar Raja-Kaadhal Endral,Goa (Original Motion Picture Soundtrack),album,0.638,0.324,0.0,-7.787,0.0321,0.923,3.35e-05,0.151,0.446,129.932,87133.0
Ludovico Einaudi-Temple White,Underwater,album,0.303,0.00958,8.0,-28.556,0.054,0.991,0.953,0.109,0.212,72.204,264845.0
Marc Anthony-Qué Precio Tiene el Cielo - Salsa Version,Sigo Siendo Yo,compilation,0.42,0.843,7.0,-4.692,0.0647,0.248,0.0,0.078,0.539,173.91,302947.0
Ludacris-Get Back,The Red Light District,album,0.555,0.639,1.0,-5.16,0.263,0.0594,0.0,0.118,0.184,171.609,270747.0
"Bob Marley & The Wailers-No Woman, No Cry - Live At The Lyceum, London/1975",Live!,album,0.655,0.675,1.0,-9.352,0.0599,0.272,0.0236,0.727,0.587,77.589,427800.0
Michael Jackson-The Way You Make Me Feel - 2012 Remaster,Bad (Remastered),album,0.877,0.854,1.0,-4.523,0.147,0.0544,5.5e-05,0.144,0.54,114.472,298120.0
Britney Spears-Hold Me Closer,The Lockdown Sessions,album,0.658,0.783,0.0,-4.615,0.113,0.0798,0.00018,0.187,0.491,126.027,202246.0
Ludacris-How Low,Battle Of The Sexes (Deluxe),album,0.785,0.498,1.0,-6.977,0.0533,0.00248,1.23e-06,0.224,0.418,143.96,201587.0
Black Eyed Peas-Pump It Louder,Pump It Louder,single,0.66,0.942,4.0,-2.273,0.185,0.00789,1.76e-05,0.834,0.543,126.017,158571.0
Green Day-Holiday,Greatest Hits: God's Favorite Band,compilation,0.552,0.89,8.0,-3.409,0.0342,0.000143,0.0,0.888,0.716,146.525,232680.0
Coldplay-Yellow,Parachutes,album,0.429,0.661,11.0,-7.227,0.0281,0.00239,0.000121,0.234,0.285,173.372,266773.0
T-Pain-Bartender (feat. Akon),Epiphany (Expanded Edition),album,0.832,0.391,8.0,-8.504,0.0628,0.0564,0.0,0.224,0.436,104.961,238800.0
50 Cent-Many Men (Wish Death),Get Rich Or Die Tryin',album,0.653,0.826,6.0,-2.93,0.354,0.0153,0.00146,0.131,0.416,108.52,256227.0
Oscar Maydon-Fin de Semana,Fin de Semana,single,0.699,0.541,0.0,-4.943,0.0826,0.0628,0.0,0.0916,0.365,98.395,224921.0
John Mayer-Gravity,Continuum,album,0.753,0.326,7.0,-9.883,0.0342,0.731,0.00131,0.24,0.237,123.799,245827.0
MF DOOM-Rapp Snitch Knishes feat. Mr. Fantastik,MM...FOOD,album,0.728,0.832,7.0,-6.827,0.267,0.327,0.0,0.504,0.825,95.051,172893.0
JAY-Z-Love All (with JAY-Z),Certified Lover Boy,album,0.73,0.576,2.0,-5.442,0.287,0.354,3.59e-05,0.15,0.155,92.131,228461.0
Black Eyed Peas-SIMPLY THE BEST,ELEVATION,album,0.872,0.789,1.0,-6.047,0.132,0.203,2.39e-05,0.125,0.646,126.042,236190.0
Luis Miguel-La bikina - En vivo,Vivo,album,0.389,0.71,5.0,-6.265,0.0351,0.161,0.0,0.918,0.666,160.397,179040.0
"Disney-All I Want - From ""High School Musical: The Musical: The Series""","All I Want (From ""High School Musical: The Musical: The Series"")",single,0.376,0.43,0.0,-6.585,0.0328,0.0902,0.0,0.0912,0.129,77.599,177323.0
Daddy Yankee-Tu Príncipe,Barrio Fino (Bonus Track Version),album,0.77,0.804,4.0,-5.479,0.0623,0.16,1e-05,0.193,0.568,94.017,205520.0
Aventura-Los Infieles,K.O.B. Live,album,0.745,0.716,9.0,-8.221,0.0411,0.202,0.0,0.059,0.817,132.932,257187.0
Nate Dogg-So Fly - J. Period Remix,A Tribute to the King of G-Funk (Deluxe Version),album,0.604,0.601,0.0,-6.837,0.398,0.177,0.0,0.405,0.829,82.261,185813.0
Eden Muñoz-Consejos Gratis,Consejos Gratis,album,0.559,0.574,4.0,-7.77,0.0463,0.426,6.85e-06,0.0762,0.969,192.505,142656.0
Die drei ???-Teil 5 - Das Geheimnis der Geisterinsel,Das Geheimnis der Geisterinsel,album,0.574,0.55,1.0,-11.386,0.909,0.403,0.0,0.41,0.677,99.695,180010.0
The Rolling Stones-(I Can't Get No) Satisfaction - Mono Version,Out Of Our Heads,album,0.723,0.863,2.0,-7.89,0.0338,0.0383,0.0317,0.128,0.931,136.302,222813.0
"Juanes-Y, ¿Si Fuera Ella? - + Es +",+ Es + (El Concierto / En Directo En El Estadio Vicente Calderón / 2017),album,0.348,0.536,5.0,-5.76,0.0313,0.34,0.0,0.209,0.199,150.586,250000.0
Creedence Clearwater Revival-Green River,Green River (Expanded Edition),album,0.702,0.772,9.0,-9.677,0.0277,0.0312,0.00837,0.0809,0.973,141.694,154120.0
Maná-Bendita Tu Luz,Amar Es Combatir,album,0.791,0.782,7.0,-4.973,0.0289,0.143,3.7e-06,0.107,0.635,115.992,264720.0
Bibi Blocksberg-Kapitel 06: Der Hexenbesenausflug (Folge 146),Folge 146: Der Hexenbesenausflug,album,0.722,0.218,6.0,-19.565,0.95,0.743,0.0,0.587,0.547,115.687,91622.0
Billy Joel-Only the Good Die Young,The Stranger (Legacy Edition),album,0.579,0.872,0.0,-6.126,0.159,0.159,0.0,0.0935,0.761,76.214,235560.0
Pharrell Williams-Just A Cloud Away,Just A Cloud Away,single,0.89,0.46,2.0,-8.155,0.0359,0.432,0.0,0.11,0.677,112.555,176078.0
MGMT-Weekend Wars,Oracular Spectacular,album,0.549,0.859,5.0,-3.993,0.0361,0.0964,2.36e-05,0.322,0.69,77.013,250773.0
Slipknot-Before I Forget,Vol. 3: The Subliminal Verses,album,0.291,0.974,6.0,-2.997,0.171,0.0177,5.44e-06,0.886,0.348,134.724,278600.0
DVRST-Dream Space,Dream Space,single,0.781,0.696,2.0,-6.069,0.113,0.137,0.00424,0.573,0.293,107.996,171466.0
Red Hot Chili Peppers-Dani California,Stadium Arcadium,album,0.556,0.913,0.0,-2.36,0.0437,0.0193,8.59e-06,0.346,0.73,96.184,282160.0
ENHYPEN-Drunk-Dazed,BORDER : CARNIVAL,single,0.599,0.869,5.0,-5.174,0.0618,0.000707,0.0,0.0911,0.453,132.889,193260.0
Aerosmith-Walk This Way,Toys In The Attic,album,0.653,0.73,5.0,-10.613,0.0429,0.0115,1.02e-05,0.0776,0.894,108.709,220311.0
ENHYPEN-Polaroid Love,DIMENSION : ANSWER,album,0.738,0.67,7.0,-3.766,0.0439,0.458,0.0,0.361,0.651,138.055,184602.0
Eminem-Not Afraid,Recovery,album,0.855,0.954,0.0,-1.19,0.264,0.529,0.0,0.205,0.668,114.635,248133.0
"Johann Sebastian Bach-The Well-Tempered Clavier, Book 1, BWV 846-869 / Prelude & Fugue in C Major, BWV 846: I. Prelude","J.S. Bach: The Well-Tempered Clavier, Book 1, BWV 846-869 / Prelude & Fugue in C Major, BWV 846: I. Prelude",single,0.221,0.126,0.0,-25.367,0.0447,0.989,0.897,0.0769,0.216,133.564,139307.0
Outkast-ATLiens,ATLiens,album,0.918,0.734,11.0,-2.832,0.269,0.0296,8.01e-06,0.191,0.608,97.044,230693.0
Whitney Houston-Saving All My Love for You,Whitney Houston,album,0.636,0.264,6.0,-14.567,0.0263,0.593,4.22e-05,0.275,0.264,99.304,238467.0
Daddy Yankee-Despacito,VIDA,album,0.655,0.797,2.0,-4.787,0.153,0.198,0.0,0.067,0.839,177.928,229360.0
The Notorious B.I.G.-Mo Money Mo Problems (feat. Puff Daddy & Mase) - 2014 Remaster,Life After Death (2014 Remastered Edition),album,0.845,0.884,6.0,-4.506,0.0759,0.0128,2.1e-06,0.203,0.904,104.536,257400.0
Britney Spears-Toxic,In The Zone,album,0.774,0.838,5.0,-3.914,0.114,0.0249,0.025,0.242,0.924,143.04,198800.0
PinkPantheress-Attracted To You,Attracted To You,single,0.727,0.58,6.0,-11.094,0.192,0.0372,0.00377,0.0596,0.75,114.21,67638.0
Dr. Dre-Forgot About Dre,2001,album,0.924,0.74,8.0,-1.299,0.0774,0.0827,0.0,0.163,0.621,133.974,222293.0
A.R. Rahman-Ennodu Nee Irundhaal,I (Original Motion Picture Soundtrack),album,0.261,0.603,0.0,-6.733,0.0367,0.558,0.0,0.184,0.207,158.125,352711.0
The Offspring-Come Out and Play,Smash,album,0.519,0.77,7.0,-8.788,0.0809,0.0675,3.48e-06,0.0762,0.921,158.29,197800.0
Camilo-Bebiendo Sola,De Adentro Pa Afuera,album,0.589,0.642,9.0,-5.706,0.279,0.176,0.0,0.119,0.691,78.791,179067.0
Rosa Linn-SNAP - Luca Schreiner Remix,SNAP PACK,single,0.631,0.842,0.0,-4.022,0.0674,0.0495,2.25e-05,0.284,0.332,112.896,148023.0
Usher-Come Thru (with Usher),Over It,album,0.679,0.728,5.0,-3.092,0.154,0.159,0.0,0.107,0.46,152.001,181013.0
Vicente Fernández-Hermoso Cariño,Vicente Fernández,album,0.342,0.425,0.0,-5.589,0.0289,0.612,4.93e-06,0.243,0.409,154.202,156867.0
Muse-Knights of Cydonia,Black Holes and Revelations,album,0.366,0.963,11.0,-5.301,0.142,0.000273,0.0122,0.115,0.211,137.114,366213.0
Beyoncé-BREAK MY SOUL,RENAISSANCE,album,0.693,0.887,1.0,-5.039,0.0795,0.0581,2.71e-06,0.27,0.864,114.942,278282.0
U2-Pride (In The Name Of Love) - Remastered 2009,The Unforgettable Fire (Remastered),album,0.458,0.843,4.0,-7.201,0.0316,0.00135,0.000296,0.778,0.713,105.701,228427.0
Billy Joel-Just the Way You Are,The Stranger (Legacy Edition),album,0.589,0.453,7.0,-8.912,0.0397,0.703,2.54e-05,0.134,0.513,139.148,290573.0
"Johann Sebastian Bach-Montero: Adagio (After Bach's Violin Concerto No. 2, BWV 1042)",Bach and Beyond,album,0.36,0.00301,6.0,-35.441,0.0444,0.994,0.897,0.0557,0.18,72.892,301400.0
Alicia Keys-Empire State of Mind (Part II) Broken Down,The Element Of Freedom,album,0.484,0.368,6.0,-7.784,0.0341,0.74,3.82e-05,0.118,0.142,92.923,216480.0
Britney Spears-Circus,Circus (Deluxe Version),album,0.791,0.733,6.0,-5.215,0.052,0.147,0.000381,0.0713,0.761,114.98,192360.0
The Cure-Lovesong - 2010 Remaster,Disintegration (Deluxe Edition),album,0.611,0.813,9.0,-7.689,0.0279,0.339,0.898,0.224,0.821,140.112,209573.0
Pritam-Bhool Bhulaiyaa 2 Title Track,Bhool Bhulaiyaa 2,album,0.857,0.893,0.0,-2.87,0.0422,0.0663,0.0,0.0335,0.845,108.022,211667.0
Kordhell-I FEEL ALIVE,PSYCHX,album,0.613,0.944,10.0,-0.142,0.0428,8.27e-05,0.00425,0.325,0.497,118.069,122542.0
Marc Anthony-Y Cómo Es El,Iconos,album,0.481,0.415,0.0,-5.646,0.0323,0.432,0.0,0.128,0.196,77.472,240733.0
Whitney Houston-I Have Nothing,The Bodyguard - Original Soundtrack Album,album,0.541,0.401,0.0,-10.499,0.0365,0.576,0.0,0.164,0.24,152.943,289160.0
John Mayer-New Light,Sob Rock,album,0.826,0.694,7.0,-7.862,0.0315,0.316,0.0285,0.074,0.852,123.932,217427.0
Oasis-Wonderwall - Remastered,(What's The Story) Morning Glory? (Deluxe Remastered Edition),album,0.375,0.893,2.0,-4.097,0.0406,0.000509,0.0,0.187,0.434,174.323,258773.0
JAY-Z-Run This Town,The Blueprint 3,album,0.632,0.924,1.0,-1.802,0.29,0.281,0.0,0.263,0.441,86.844,267520.0
Britney Spears-Oops!...I Did It Again,Oops!... I Did It Again,album,0.751,0.834,1.0,-5.444,0.0437,0.3,1.77e-05,0.355,0.894,95.053,211160.0
PinkPantheress-Boy's a liar,Boy's a liar,single,0.656,0.838,5.0,-8.407,0.041,0.25,0.00281,0.207,0.74,132.981,131253.0
Gorillaz-DARE,Demon Days,album,0.76,0.891,11.0,-5.852,0.0372,0.0229,0.0869,0.298,0.966,120.264,245000.0
"Yuvan Shankar Raja-Ennai Vittu (From ""Love Today"")","Ennai Vittu (From ""Love Today"")",single,0.602,0.388,0.0,-12.098,0.0536,0.334,3.7e-05,0.126,0.3,140.006,244669.0
Aventura-Volví,Volví,single,0.725,0.86,1.0,-3.726,0.182,0.422,0.000284,0.0674,0.791,175.896,230125.0
Aventura-Obsesion,We Broke The Rules,album,0.804,0.56,1.0,-6.912,0.0397,0.416,0.0,0.0608,0.768,133.682,254720.0
Juanes-A Dios Le Pido,Un Día Normal,album,0.673,0.841,7.0,-3.564,0.0557,0.0683,0.0,0.0965,0.94,97.027,205373.0
Pink Floyd-Brain Damage,The Dark Side of the Moon,album,0.324,0.265,2.0,-13.398,0.0302,0.0732,0.341,0.366,0.208,133.568,226667.0
Tz da Coronel-Met Gala!,É o Trem!,album,0.916,0.53,1.0,-8.869,0.142,0.128,9.44e-06,0.116,0.429,119.95,170000.0
Muse-Time is Running Out,Absolution,album,0.585,0.842,9.0,-5.883,0.0556,0.00242,0.00686,0.0866,0.428,118.211,237040.0
Outkast-Ms. Jackson,Stankonia,album,0.843,0.806,4.0,-5.946,0.269,0.143,0.0,0.0771,0.613,94.948,270507.0
MGMT-Kids,Oracular Spectacular,album,0.451,0.931,9.0,-3.871,0.0719,0.00076,0.0049,0.361,0.172,122.961,302840.0
The Cure-In Between Days - 2006 Remaster,The Head on the Door (Deluxed Edition),album,0.541,0.83,9.0,-6.246,0.0316,0.109,0.701,0.167,0.711,142.592,177987.0
U2-Pride (In The Name Of Love) - Songs Of Surrender,Pride (In The Name Of Love) [Songs Of Surrender],single,0.551,0.378,4.0,-8.398,0.0248,0.223,0.038,0.176,0.242,106.004,237743.0
The Notorious B.I.G.-Notorious Thugs - 2014 Remaster,Life After Death (2014 Remastered Edition),album,0.704,0.873,11.0,-4.057,0.144,0.121,5.12e-06,0.24,0.742,154.914,366880.0
Ludovico Einaudi-Experience,In A Time Lapse,album,0.447,0.449,2.0,-10.634,0.0376,0.934,0.961,0.0697,0.036,92.468,315427.0
Korn-Y'all Want a Single,Take A Look In The Mirror,album,0.756,0.811,0.0,-3.685,0.0836,0.0107,0.0,0.538,0.715,118.034,197907.0
Green Day-Good Riddance (Time of Your Life),Nimrod,album,0.475,0.432,7.0,-7.844,0.0302,0.183,0.0,0.161,0.648,94.605,153467.0
Black Eyed Peas-GIRL LIKE ME,TRANSLATION,album,0.965,0.485,2.0,-8.784,0.191,0.0206,0.0237,0.0655,0.312,124.025,222523.0
Plan B-Suave (Remix),El Hombre,album,0.875,0.909,9.0,-3.558,0.076,0.14,0.00185,0.0616,0.524,119.999,305526.0
Beyoncé-Halo,I AM...SASHA FIERCE,album,0.508,0.72,11.0,-5.908,0.0628,0.272,0.0,0.0563,0.472,79.983,261640.0
Bon Jovi-Thank You For Loving Me,Crush,album,0.385,0.342,2.0,-7.749,0.0285,0.416,0.0,0.119,0.131,132.864,308933.0
Enrique Iglesias-SUBEME LA RADIO (feat. Descemer Bueno & Zion & Lennox),FINAL (Vol.1),album,0.689,0.808,0.0,-3.28,0.0572,0.0721,0.0,0.241,0.674,91.012,207680.0
JAY-Z-No Church In The Wild,Watch The Throne (Deluxe),album,0.654,0.75,8.0,-7.509,0.105,0.246,0.0178,0.167,0.557,92.78,272507.0
Michael Jackson-Billie Jean,Thriller,album,0.932,0.457,11.0,-9.62,0.0541,0.0173,0.0436,0.0414,0.884,117.002,294227.0
Aerosmith-Cryin',Get A Grip,album,0.445,0.856,9.0,-3.674,0.0327,0.000202,0.0101,0.367,0.486,105.872,308333.0
Camilo-La Mitad,Por Primera Vez,album,0.724,0.443,7.0,-3.743,0.0329,0.73,0.0,0.101,0.763,97.194,177791.0
Alicia Keys-No One,As I Am (Expanded Edition),album,0.644,0.549,1.0,-5.415,0.0285,0.0209,8.85e-06,0.134,0.167,90.04,253813.0
Bibi Blocksberg-Kapitel 08: Der Hexenbesenausflug (Folge 146),Folge 146: Der Hexenbesenausflug,album,0.744,0.245,7.0,-19.842,0.933,0.535,0.0,0.527,0.566,92.621,97219.0
Daddy Yankee-La Santa,YHLQMDLG,album,0.744,0.868,1.0,-4.524,0.047,0.0326,0.0,0.0822,0.586,93.037,206420.0
Stevie Wonder-Isn't She Lovely,The Definitive Collection,compilation,0.747,0.692,1.0,-8.956,0.0474,0.202,3.39e-05,0.0698,0.904,118.698,199387.0
Bibi Blocksberg-Kapitel 15: Der Hexenbesenausflug (Folge 146),Folge 146: Der Hexenbesenausflug,album,0.686,0.292,10.0,-19.942,0.949,0.669,0.0,0.534,0.687,77.526,93110.0
System Of A Down-Prison Song,Toxicity,album,0.493,0.974,1.0,-3.252,0.135,0.0202,8.31e-05,0.182,0.354,99.647,201160.0
SICK LEGEND-SET FIRE TO THE RAIN HARDSTYLE,SET FIRE TO THE RAIN HARDSTYLE,single,0.531,0.936,4.0,-1.786,0.137,0.028,0.0,0.0923,0.657,174.869,150857.0
Slipknot-The Devil in I,.5: The Gray Chapter (Special Edition),album,0.398,0.939,9.0,-2.865,0.0648,0.00591,0.000881,0.357,0.235,92.027,342821.0
Oscar Maydon-Porte Exuberante,A Mis 20,album,0.685,0.831,4.0,-4.38,0.0858,0.398,0.0,0.177,0.486,97.431,213944.0
Ana Castela-Ô Lá na Roça - Ao Vivo,Ô Lá na Roça (Ao Vivo),single,0.643,0.869,9.0,-3.585,0.0484,0.317,2.23e-05,0.694,0.642,164.933,160000.0
System Of A Down-Spiders,System Of A Down,album,0.46,0.54,5.0,-5.132,0.0381,0.0324,0.0168,0.326,0.0506,137.855,215440.0
Kanye West-Heartless,808s & Heartbreak,album,0.79,0.647,10.0,-5.983,0.136,0.0515,0.0,0.248,0.654,87.999,211000.0
Eminem-Stan,The Marshall Mathers LP,album,0.78,0.768,6.0,-4.325,0.238,0.0371,2.34e-06,0.518,0.507,80.063,404107.0
Eagles-Desperado - 2013 Remaster,Desperado (2013 Remaster),album,0.228,0.224,7.0,-12.749,0.0311,0.946,0.000222,0.273,0.18,60.3,213713.0
Pearl Jam-Daughter - Remastered,Vs.,album,0.615,0.702,7.0,-9.686,0.0278,0.00746,0.00431,0.0608,0.734,96.987,234333.0
d4vd-life’s a dream,life’s a dream,single,0.423,0.167,4.0,-19.82,0.0354,0.949,0.897,0.0913,0.0421,119.807,130541.0
Aventura-Enseñame a Olvidar,We Broke The Rules,album,0.781,0.491,8.0,-8.793,0.0444,0.471,0.0,0.0972,0.913,124.971,348827.0
Korn-Twisted Transistor,See You On the Other Side,album,0.581,0.983,5.0,-3.291,0.0636,0.00043,0.00654,0.0806,0.417,110.038,188933.0
Outkast-Da Art of Storytellin' (Pt. 1),Aquemini,album,0.749,0.856,2.0,-5.833,0.235,0.107,0.0,0.745,0.402,103.773,222653.0
d4vd-Dirty Secrets,Dirty Secrets,single,0.416,0.813,11.0,-9.742,0.0351,0.00342,0.416,0.482,0.842,175.007,155317.0
"Slipknot-Vermilion, Pt. 2",Vol. 3: The Subliminal Verses,album,0.589,0.442,4.0,-8.517,0.0291,0.334,0.000424,0.0987,0.0904,122.688,224320.0
Bon Jovi-Wanted Dead Or Alive,Slippery When Wet,album,0.252,0.802,7.0,-3.976,0.0391,0.13,0.0146,0.309,0.253,150.056,308667.0
Aventura-El Perdedor,K.O.B. Live,album,0.779,0.589,5.0,-10.645,0.0345,0.332,0.0,0.12,0.894,128.044,215213.0
INTERWORLD-One Chance,One Chance,single,0.706,0.951,7.0,-3.509,0.0432,0.000964,0.819,0.105,0.279,95.021,131368.0
Creedence Clearwater Revival-Lookin' Out My Back Door,Cosmo's Factory,album,0.773,0.756,10.0,-5.149,0.0388,0.159,0.00236,0.0805,0.912,105.322,152466.0
Disney-Be Our Guest,Beauty And The Beast (Special Edition),compilation,0.435,0.391,2.0,-13.062,0.162,0.814,0.0,0.0885,0.583,73.531,224920.0
Oasis-Champagne Supernova - Remastered,(What's The Story) Morning Glory? (Deluxe Remastered Edition),album,0.293,0.817,2.0,-3.786,0.039,0.458,0.0509,0.355,0.138,150.249,451320.0
Gorillaz-She's My Collar (feat. Kali Uchis),Humanz (Deluxe),album,0.726,0.815,11.0,-5.886,0.0313,0.00799,0.081,0.112,0.462,140.158,209560.0
Mari Fernandez-Eu Gosto Assim - Ao Vivo,Eu Gosto Assim (Ao Vivo),single,0.636,0.909,0.0,-3.685,0.0439,0.149,0.0,0.719,0.61,154.189,148800.0
AC/DC-Hells Bells,Back In Black,album,0.389,0.873,4.0,-4.768,0.0475,0.00532,0.0055,0.273,0.303,106.767,312293.0
"Tory Lanez-WHATS POPPIN (feat. DaBaby, Tory Lanez & Lil Wayne) - Remix","WHATS POPPIN (feat. DaBaby, Tory Lanez & Lil Wayne) [Remix]",single,0.904,0.723,11.0,-5.224,0.26,0.0631,0.0,0.185,0.835,145.013,227478.0
JAY-Z-Otis,Watch The Throne (Deluxe),album,0.754,0.631,7.0,-4.751,0.307,0.552,0.0,0.5,0.432,94.577,178213.0
Gorillaz-New Gold (feat. Tame Impala and Bootie Brown) - Dom Dolla Remix,New Gold (feat. Tame Impala and Bootie Brown) [Dom Dolla Remix],single,0.716,0.897,4.0,-7.185,0.0629,0.012,0.262,0.325,0.358,127.03,274142.0
Rosa Linn-WDIA (Would Do It Again),WDIA (Would Do It Again),single,0.593,0.664,8.0,-4.32,0.0517,0.373,0.0,0.118,0.303,124.889,191040.0
Ana Castela-Roça Em Mim,Roça Em Mim,single,0.846,0.81,9.0,-3.332,0.0867,0.222,0.0,0.139,0.762,135.074,158171.0
Die drei ???-Teil 4 - Das Geheimnis der Geisterinsel,Das Geheimnis der Geisterinsel,album,0.572,0.769,1.0,-9.557,0.761,0.269,0.0,0.609,0.453,110.304,180006.0
Shreya Ghoshal-Hasi - Female Version,Hamari Adhuri Kahani (Original Motion Picture Soundtrack),album,0.52,0.485,4.0,-6.438,0.0269,0.927,0.000466,0.159,0.407,143.901,192187.0
U2-Where The Streets Have No Name - Remastered,The Joshua Tree (Super Deluxe),album,0.49,0.724,2.0,-9.581,0.0366,0.00976,0.0046,0.159,0.292,125.812,337506.0
Eden Muñoz-No Sabía Cuánto,No Sabía Cuánto,single,0.848,0.552,5.0,-6.896,0.0571,0.251,0.0,0.075,0.733,135.932,165750.0
50 Cent-Is This Love ('09) (feat. 50 Cent),Curtain Call 2,album,0.853,0.776,8.0,-4.221,0.261,0.0714,0.0,0.181,0.659,94.028,212013.0
Mariah Carey-Always Be My Baby,Daydream,album,0.65,0.531,4.0,-8.335,0.0364,0.457,0.0,0.249,0.487,78.946,258133.0
Deftones-7 Words,Adrenaline,album,0.431,0.906,9.0,-6.13,0.0945,0.0001,0.0001,0.123,0.53,125.459,223893.0
T-Pain-Buy U a Drank (Shawty Snappin') (feat. Yung Joc),Epiphany (Expanded Edition),album,0.693,0.549,1.0,-8.141,0.119,0.0109,0.0,0.0677,0.605,80.028,227960.0
Coldplay-Hymn for the Weekend,A Head Full of Dreams,album,0.491,0.693,0.0,-6.487,0.0377,0.211,6.92e-06,0.325,0.412,90.027,258267.0
Ludovico Einaudi-Natural Light,Underwater,album,0.218,0.00352,1.0,-39.627,0.0515,0.992,0.951,0.139,0.192,68.61,335542.0
ENHYPEN-SHOUT OUT,MANIFESTO : DAY 1,single,0.495,0.844,2.0,-3.65,0.0671,0.00315,0.0,0.459,0.486,159.989,228116.0
ENHYPEN-Tamed-Dashed,DIMENSION : DILEMMA,album,0.568,0.809,11.0,-3.869,0.0517,0.000253,3.33e-05,0.151,0.709,155.029,196170.0
System Of A Down-Hypnotize,Hypnotize,album,0.274,0.92,6.0,-4.096,0.0489,0.0303,0.000412,0.115,0.0397,154.016,189440.0
AC/DC-Thunderstruck,The Razors Edge,album,0.502,0.89,4.0,-5.175,0.0364,0.000147,0.0117,0.217,0.259,133.52,292880.0
Camilo-Si Me Dices Que Sí,Si Me Dices Que Sí,single,0.578,0.634,8.0,-5.979,0.333,0.00473,0.0,0.132,0.216,183.89,211652.0
Ludovico Einaudi-Primavera,Divenire (Deluxe Edition),album,0.231,0.206,0.0,-13.593,0.0332,0.965,0.856,0.17,0.136,141.628,442400.0
Deftones-Cherry Waves,Saturday Night Wrist,album,0.47,0.859,2.0,-3.663,0.0537,0.000362,0.00691,0.142,0.17,124.01,317707.0
Green Day-When I Come Around,Dookie,album,0.531,0.909,11.0,-4.236,0.034,0.0175,0.0,0.231,0.814,97.546,178000.0
Bee Gees-I Started A Joke,Idea (Deluxe Edition),album,0.31,0.464,7.0,-8.755,0.0275,0.156,8.94e-06,0.132,0.431,144.775,188307.0
"Pharrell Williams-Feels (feat. Pharrell Williams, Katy Perry & Big Sean)",Funk Wav Bounces Vol.1,album,0.893,0.745,11.0,-3.105,0.0571,0.0642,0.0,0.0943,0.872,101.018,223413.0
Michael Jackson-Don't Stop 'Til You Get Enough,Off the Wall,album,0.878,0.821,11.0,-9.875,0.089,0.126,0.0461,0.183,0.947,118.881,365467.0
Christina Aguilera-Fighter,Stripped,album,0.435,0.92,4.0,-1.357,0.201,0.235,0.000353,0.552,0.45,188.899,245960.0
Usher-U Got It Bad,8701,album,0.816,0.5,1.0,-4.551,0.03,0.0227,1.53e-06,0.0733,0.649,124.037,247840.0
"Alka Yagnik-Tip Tip (From ""Sooryavanshi"")","Tip Tip (From ""Sooryavanshi"")",single,0.709,0.929,5.0,-1.583,0.061,0.0431,0.00648,0.125,0.477,103.01,250288.0
Linkin Park-Papercut,Hybrid Theory (Bonus Edition),album,0.524,0.939,9.0,-3.994,0.113,0.00022,0.0,0.623,0.661,150.184,184867.0
Jack Johnson-Sunsets For Somebody Else,All The Light Above It Too,album,0.696,0.229,7.0,-7.911,0.0331,0.828,1.34e-05,0.152,0.603,113.273,210467.0
Hans Zimmer-Chevaliers De Sangreal - From The Da Vinci Code Original Motion Picture Soundtrack,The Da Vinci Code,album,0.169,0.222,7.0,-15.954,0.0356,0.528,0.964,0.107,0.0397,110.877,247400.0
Kanye West-Flashing Lights,Graduation,album,0.639,0.628,6.0,-7.578,0.0399,0.0381,0.0,0.386,0.43,90.482,237507.0
Die drei ???-Teil 3 - Das Geheimnis der Geisterinsel,Das Geheimnis der Geisterinsel,album,0.584,0.482,1.0,-10.423,0.865,0.563,0.0,0.664,0.638,103.357,180006.0
Enrique Iglesias-Experiencia Religiosa,Enrique Iglesias,album,0.647,0.629,0.0,-8.041,0.0305,0.657,6.46e-05,0.0428,0.457,112.049,332040.0
Pearl Jam-Jeremy,Ten,album,0.285,0.846,2.0,-6.472,0.0438,0.0404,0.0,0.182,0.287,108.808,318227.0
Korn-A.D.I.D.A.S.,Life Is Peachy,album,0.334,0.898,11.0,-6.821,0.196,0.00406,0.0202,0.162,0.226,110.364,153600.0
Green Day-Holiday / Boulevard of Broken Dreams,American Idiot,album,0.29,0.827,8.0,-3.451,0.0362,0.000659,2.55e-06,0.301,0.45,167.086,493400.0
PinkPantheress-Do you miss me?,Do you miss me?,single,0.647,0.871,11.0,-7.144,0.0936,0.0976,0.000534,0.173,0.643,129.928,128853.0
Camilo-Desconocidos,Para Aventuras y Curiosidades,album,0.719,0.753,7.0,-4.891,0.179,0.118,4.21e-06,0.212,0.675,174.107,204564.0
Korn-Falling Away from Me,Issues,album,0.468,0.769,4.0,-7.036,0.041,0.00014,0.00124,0.271,0.17,104.102,270920.0
Juanes-Fotografía,Un Día Normal,album,0.486,0.715,7.0,-4.417,0.0519,0.292,0.0,0.195,0.637,84.092,238133.0
Michael Jackson-Chicago,XSCAPE,album,0.608,0.756,7.0,-2.675,0.176,0.0784,0.0,0.187,0.55,176.086,245507.0
Red Hot Chili Peppers-Dark Necessities,The Getaway,album,0.7,0.742,5.0,-6.777,0.0716,0.0722,0.0199,0.11,0.197,91.959,302000.0
David Bowie-Modern Love - 2018 Remaster,Let's Dance (2018 Remaster),album,0.358,0.938,0.0,-5.577,0.0483,0.00375,9.2e-06,0.117,0.944,182.836,288339.0
Rosa Linn-SNAP - High and Fast,SNAP PACK,single,0.715,0.682,4.0,-7.556,0.0448,0.105,0.00955,0.34,0.867,112.248,135903.0
Eagles-One of These Nights - 2013 Remaster,One of These Nights (2013 Remaster),album,0.655,0.606,7.0,-10.385,0.0285,0.0603,0.0789,0.0757,0.765,110.061,291686.0
Jack Johnson-I Got You,From Here To Now To You,album,0.899,0.399,11.0,-6.553,0.038,0.61,1.52e-05,0.0923,0.544,98.067,179347.0
Whitney Houston-My Love Is Your Love,My Love Is Your Love,album,0.77,0.475,7.0,-9.512,0.159,0.0561,4.72e-06,0.0607,0.473,82.511,261573.0
The Rolling Stones-Miss You - Remastered,Some Girls,album,0.795,0.71,9.0,-4.746,0.0392,0.443,0.0215,0.344,0.845,109.689,288667.0
Chris Brown-Forever,Forever,single,0.672,0.82,11.0,-4.456,0.0459,0.0368,0.000188,0.184,0.438,120.005,278573.0
Kanye West-I Wonder,Graduation,album,0.542,0.466,0.0,-8.665,0.0831,0.141,0.000445,0.125,0.124,191.385,243440.0
Britney Spears-...Baby One More Time,...Baby One More Time (Digital Deluxe Version),album,0.759,0.699,0.0,-5.745,0.0307,0.202,0.000131,0.443,0.907,92.96,211067.0
Marc Anthony-Valió la Pena - Salsa Version,Valio La Pena,album,0.521,0.704,9.0,-5.772,0.0513,0.332,7.1e-06,0.0665,0.846,98.364,289467.0
Creedence Clearwater Revival-Proud Mary,Bayou Country (Expanded Edition),album,0.699,0.641,2.0,-7.564,0.0289,0.13,0.000218,0.0601,0.728,120.745,187213.0
Michael Jackson-Smooth Criminal - 2012 Remaster,Bad (Remastered),album,0.853,0.981,8.0,-3.947,0.0751,0.247,0.468,0.306,0.595,118.193,257760.0
Creedence Clearwater Revival-Bad Moon Rising,Green River (Expanded Edition),album,0.508,0.774,2.0,-5.973,0.0321,0.0586,4.87e-06,0.063,0.942,178.946,141600.0
Marc Anthony-Flor Pálida,3.0,album,0.574,0.802,7.0,-3.976,0.0316,0.659,5.07e-06,0.0765,0.739,93.537,280453.0
Radiohead-Karma Police,OK Computer,album,0.36,0.501,7.0,-9.129,0.0258,0.0638,9.32e-05,0.172,0.324,74.807,264067.0
Muse-Hysteria,Absolution,album,0.412,0.92,9.0,-4.852,0.0575,0.000456,0.0026,0.11,0.455,93.162,227440.0
Silk Sonic-Skate,An Evening With Silk Sonic,album,0.708,0.598,5.0,-8.365,0.0291,0.037,0.0,0.17,0.698,112.027,203123.0
Coldplay-The Scientist,A Rush of Blood to the Head,album,0.557,0.442,5.0,-7.224,0.0243,0.731,1.46e-05,0.11,0.213,146.277,309600.0
Mariah Carey-Obsessed,Memoirs of an imperfect Angel,album,0.742,0.468,10.0,-5.557,0.0625,0.0465,0.0,0.826,0.369,86.443,242200.0
Farruko-On My Way,World Of Walker,album,0.522,0.697,1.0,-5.288,0.103,0.0291,0.0,0.319,0.235,169.775,193959.0
"Pharrell Williams-Stay With Me (with Justin Timberlake, Halsey & Pharrell)",Funk Wav Bounces Vol. 2,album,0.81,0.733,9.0,-6.338,0.0444,0.276,6.73e-06,0.288,0.9,125.975,229283.0
Green Day-Wake Me up When September Ends,American Idiot,album,0.546,0.814,7.0,-5.146,0.0314,0.023,0.0,0.0972,0.146,104.98,285653.0
Maná-Rayando El Sol,Falta Amor,album,0.643,0.809,7.0,-3.275,0.028,0.45,1.22e-06,0.154,0.499,112.677,250107.0
Korn-Freak On a Leash,Follow The Leader,album,0.353,0.898,2.0,-5.877,0.052,2.23e-05,0.105,0.39,0.525,103.293,255733.0
Alejandro Sanz-La fuerza del corazón,Alejandro Sanz 3,album,0.399,0.53,10.0,-7.176,0.0532,0.479,1.36e-06,0.0719,0.351,76.827,307053.0
Creedence Clearwater Revival-Fortunate Son,Willy And The Poor Boys (Expanded Edition),album,0.64,0.663,0.0,-7.516,0.0374,0.201,0.00806,0.152,0.663,132.77,140773.0
Bibi Blocksberg-Kapitel 11: Der Hexenbesenausflug (Folge 146),Folge 146: Der Hexenbesenausflug,album,0.694,0.2,5.0,-18.887,0.961,0.792,0.0,0.663,0.463,139.38,93900.0
Eminem-Till I Collapse,The Eminem Show,album,0.548,0.847,1.0,-3.237,0.186,0.0622,0.0,0.0816,0.1,171.447,297787.0
Alejandro Sanz-Amiga mía,Más,album,0.629,0.703,2.0,-4.875,0.0504,0.519,0.0,0.11,0.402,144.016,290973.0
Johnny Cash-Ring of Fire,Ring Of Fire: The Best Of Johnny Cash,compilation,0.659,0.585,7.0,-8.189,0.0288,0.623,0.000213,0.348,0.784,104.111,158427.0
Oscar Maydon-Kilos De H (En Vivo),Kilos De H (En Vivo),single,0.639,0.651,8.0,-5.64,0.0414,0.0999,0.0,0.159,0.924,138.934,198440.0
Gorillaz-Rhinestone Eyes,Plastic Beach,album,0.676,0.703,8.0,-5.815,0.0302,0.0869,0.000687,0.0463,0.852,92.761,200173.0
Hans Zimmer-Top Gun Anthem,Top Gun: Maverick (Music From The Motion Picture),album,0.448,0.336,2.0,-13.124,0.0322,0.00145,0.838,0.0661,0.0364,107.351,148933.0
Kanye West-Ni**as In Paris,Watch The Throne (Deluxe),album,0.789,0.858,1.0,-5.542,0.311,0.127,0.0,0.349,0.775,140.022,219333.0
Billy Joel-Uptown Girl,An Innocent Man,album,0.701,0.944,4.0,-2.986,0.0455,0.0755,0.0,0.601,0.792,128.993,197707.0
Alejandro Sanz-Un Beso en Madrid,TINI TINI TINI,album,0.378,0.619,0.0,-6.794,0.0767,0.305,0.0,0.413,0.349,87.387,144352.0
Britney Spears-Womanizer,Circus (Deluxe Version),album,0.724,0.695,11.0,-5.226,0.0622,0.073,0.0,0.0889,0.235,139.0,224400.0
System Of A Down-B.Y.O.B.,Mezmerize,album,0.538,0.981,1.0,-2.688,0.14,0.00662,0.0,0.219,0.711,101.414,255467.0
Kordhell-Murder In My Mind - Slowed + Reverb,Murder In My Mind,single,0.571,0.946,1.0,-1.797,0.284,0.00821,0.00717,0.0977,0.436,193.595,178000.0
Johnny Cash-God's Gonna Cut You Down,American V: A Hundred Highways,album,0.617,0.485,5.0,-8.227,0.115,0.868,3.44e-05,0.115,0.845,82.228,158573.0
Slipknot-Wait and Bleed,Slipknot,album,0.382,0.996,7.0,-4.119,0.104,0.00208,0.0,0.417,0.327,93.345,147840.0
Die drei ???-Teil 8 - Das Geheimnis der Geisterinsel,Das Geheimnis der Geisterinsel,album,0.58,0.481,1.0,-11.331,0.821,0.218,0.0,0.342,0.471,89.886,180006.0
50 Cent-Disco Inferno,The Massacre,album,0.925,0.659,3.0,-4.763,0.231,0.206,7.88e-05,0.279,0.71,97.018,214227.0
Red Hot Chili Peppers-Snow (Hey Oh),Stadium Arcadium,album,0.427,0.9,11.0,-3.674,0.0499,0.116,1.75e-05,0.119,0.599,104.655,334667.0
d4vd-DTN,DTN,single,0.709,0.625,2.0,-7.55,0.0318,0.259,0.000206,0.0977,0.204,143.584,119976.0
Beyoncé-Run the World (Girls),4,album,0.732,0.899,0.0,-4.237,0.143,0.00496,4.64e-05,0.372,0.759,127.091,236093.0
Jhené Aiko-B.S. (feat. H.E.R.),Chilombo,album,0.617,0.525,8.0,-10.426,0.12,0.554,1.1e-06,0.135,0.377,135.781,212867.0
Enrique Iglesias-I Like It,Euphoria (Standard US/Latin version),album,0.646,0.94,10.0,-2.856,0.0838,0.0209,0.0,0.0691,0.704,129.011,231787.0
Alejandro Fernández-El Ultimo Adiós - Varios Artistas Version,El Ultimo Adiós,single,0.276,0.572,1.0,-7.818,0.0377,0.641,0.0,0.2,0.285,77.986,237467.0
Bibi Blocksberg-Kapitel 10: Der Hexenbesenausflug (Folge 146),Folge 146: Der Hexenbesenausflug,album,0.64,0.501,5.0,-17.636,0.947,0.772,0.0,0.464,0.413,121.666,95569.0
Stevie Wonder-You Are The Sunshine Of My Life,Talking Book,album,0.519,0.46,11.0,-14.53,0.0688,0.823,5.97e-05,0.243,0.675,132.082,178200.0
T-Pain-Jerry Sprunger (with T-Pain),Chixtape 5,album,0.76,0.746,0.0,-5.331,0.227,0.137,0.0,0.0905,0.449,100.011,233546.0
Bob Marley & The Wailers-Three Little Birds,Exodus,album,0.826,0.49,9.0,-10.477,0.0676,0.00916,4.41e-06,0.0415,0.627,74.126,180267.0
Don Toliver-Mystery Lady,Studying Abroad: Extended Stay,album,0.747,0.494,3.0,-7.957,0.141,0.393,0.0,0.0982,0.624,76.006,228453.0
Creedence Clearwater Revival-Up Around The Bend,Cosmo's Factory,album,0.606,0.908,2.0,-5.736,0.037,0.00532,0.823,0.245,0.773,130.12,159173.0
Farruko-Pepas,La 167,album,0.762,0.766,7.0,-3.955,0.0343,0.00776,6.98e-05,0.128,0.442,130.001,287120.0
Radiohead-Creep,Pablo Honey,album,0.515,0.43,7.0,-9.935,0.0372,0.0097,0.000133,0.129,0.104,91.844,238640.0
Eminem-Godzilla (feat. Juice WRLD),Music To Be Murdered By,album,0.808,0.745,10.0,-5.26,0.342,0.145,0.0,0.292,0.829,165.995,210800.0
Rosa Linn-SNAP - Italian,SNAP PACK,single,0.562,0.746,0.0,-5.451,0.154,0.114,0.0,0.231,0.475,170.045,180642.0
"The Offspring-You're Gonna Go Far, Kid","Rise And Fall, Rage And Grace",album,0.55,0.917,0.0,-3.159,0.0638,0.00428,0.0,0.197,0.601,126.115,177827.0
Jack Johnson-Angel,Sleep Through The Static,album,0.619,0.0568,3.0,-19.197,0.0433,0.896,0.0967,0.114,0.357,176.279,122707.0
Pharrell Williams-Neon Guts (feat. Pharrell Williams),Luv Is Rage 2,album,0.859,0.563,1.0,-6.635,0.112,0.0541,0.0,0.0685,0.412,119.934,258789.0
MGMT-TSLAMP,Little Dark Age,album,0.602,0.879,9.0,-5.283,0.0994,0.22,0.000236,0.107,0.733,174.11,270013.0
Kanye West-Stronger,Graduation,album,0.617,0.717,10.0,-7.858,0.153,0.00564,0.0,0.408,0.49,103.992,311867.0
Michael Jackson-Love Never Felt So Good,XSCAPE,album,0.775,0.719,7.0,-6.212,0.0435,0.132,1.79e-06,0.0662,0.712,117.513,246027.0
Mariah Carey-I Know What You Want (feat. Flipmode Squad),It Ain't Safe No More. . .,album,0.648,0.759,6.0,-4.315,0.306,0.0142,0.0,0.648,0.518,85.996,324307.0
Chris Brown-Under The Influence,Indigo (Extended),album,0.733,0.69,9.0,-5.529,0.0427,0.0635,1.18e-06,0.105,0.31,116.992,184613.0
Outkast-Roses,Speakerboxxx/The Love Below,album,0.751,0.708,0.0,-5.653,0.0545,0.0482,1.85e-05,0.107,0.509,108.97,369573.0
Pritam-Deva Deva,Brahmastra (Original Motion Picture Soundtrack),album,0.539,0.729,0.0,-7.588,0.0412,0.627,0.000941,0.128,0.435,112.074,279107.0
AC/DC-Rock N Roll Train,Black Ice,album,0.547,0.931,2.0,-2.356,0.0615,0.000998,0.0118,0.278,0.697,118.4,261507.0
Metallica-Screaming Suicide,Screaming Suicide,single,0.425,0.972,4.0,-3.448,0.045,2.42e-05,0.0202,0.239,0.282,101.125,330453.0
Don Toliver-Cardigan,Heaven Or Hell,album,0.747,0.497,4.0,-6.542,0.0401,0.248,0.0,0.138,0.0663,142.046,158709.0
Bon Jovi-It's My Life,Crush,album,0.551,0.913,0.0,-4.063,0.0466,0.0263,1.35e-05,0.347,0.544,119.992,224493.0
Don Toliver-No Idea,Heaven Or Hell,album,0.652,0.631,6.0,-5.718,0.0893,0.524,0.000579,0.165,0.35,127.998,154424.0
PinkPantheress-Take me home,Take me home,single,0.573,0.66,11.0,-8.304,0.0609,0.173,0.149,0.111,0.461,172.072,200653.0
Silk Sonic-Put On A Smile,An Evening With Silk Sonic,album,0.548,0.627,9.0,-8.949,0.0409,0.0471,0.0,0.285,0.493,143.994,255455.0
PinkPantheress-Pain,to hell with it,album,0.829,0.617,1.0,-8.497,0.14,0.227,0.00306,0.0618,0.81,125.605,98544.0
PinkPantheress-Way Back,Way Back,single,0.657,0.713,7.0,-4.787,0.0406,0.0791,0.394,0.221,0.544,175.096,119314.0
"Bee Gees-You Should Be Dancing - Edit / From ""Saturday Night Fever"" Soundtrack",Children Of The World,album,0.681,0.716,0.0,-10.911,0.0333,0.0182,0.17,0.337,0.963,123.009,256493.0
Britney Spears-My Only Wish (This Year),My Only Wish (This Year),single,0.669,0.843,0.0,-3.766,0.0268,0.169,0.0,0.195,0.702,147.08,255400.0
Disney-Zero To Hero,Hercules (Original Motion Picture Soundtrack),compilation,0.474,0.82,0.0,-7.699,0.243,0.493,0.0,0.0978,0.697,164.718,140573.0
Alejandro Fernández-Me Hace Tanto Bien,Dos Mundos - Evolución,album,0.549,0.764,1.0,-5.881,0.0427,0.528,0.0,0.0782,0.573,157.502,188893.0
Kordhell-FATALITY,FATALITY,single,0.703,0.954,2.0,-2.32,0.0705,0.0017,2.7e-05,0.164,0.13,121.888,129836.0
Mariah Carey-Christmas (Baby Please Come Home),Merry Christmas,album,0.561,0.782,3.0,-7.444,0.0317,0.022,0.0,0.109,0.704,127.148,153240.0
SICK LEGEND-EVERYTIME WE TOUCH HARDSTYLE (SPED UP),EVERYTIME WE TOUCH HARDSTYLE (SPED UP),single,0.554,0.874,1.0,-5.199,0.048,0.235,0.0,0.318,0.617,102.167,94000.0
Farruko-Calma - Remix,MUNAY,album,0.826,0.764,11.0,-4.341,0.0522,0.337,0.0,0.161,0.761,126.9,237627.0
Mari Fernandez-Conduta - Ao Vivo,O Fantástico Mundo De Nattan (Ao Vivo),album,0.733,0.769,10.0,-4.294,0.0293,0.572,0.0,0.132,0.754,111.995,164676.0
Mari Fernandez-Parada Louca,Parada Louca,single,0.693,0.936,7.0,-1.322,0.0524,0.302,0.0,0.339,0.835,166.034,179032.0
Daft Punk-Something About Us,Discovery,album,0.875,0.475,9.0,-12.673,0.0986,0.44,0.72,0.046,0.384,99.958,232667.0
Coldplay-Something Just Like This,Memories...Do Not Open,album,0.617,0.635,11.0,-6.769,0.0317,0.0498,1.44e-05,0.164,0.446,103.019,247160.0
BoyWithUke-Loafers,Faded,single,0.652,0.649,1.0,-9.143,0.335,0.544,0.0,0.118,0.557,100.465,215394.0
Red Hot Chili Peppers-Give It Away,Blood Sugar Sex Magik (Deluxe Edition),album,0.666,0.936,7.0,-9.919,0.0476,0.00244,0.086,0.153,0.776,91.577,282907.0
Daft Punk-One More Time,Discovery,album,0.613,0.697,2.0,-8.618,0.133,0.0194,0.0,0.332,0.476,122.746,320357.0
Christina Aguilera-Dirrty (feat. Redman),Stripped,album,0.64,0.889,2.0,-3.073,0.322,0.107,0.0,0.339,0.436,99.931,298853.0
"Johann Sebastian Bach-Overture (Suite) No. 2 in B Minor, BWV 1067: VII. Badinerie",Bach: Overtures (Suites) Nos. 1-4,album,0.515,0.269,11.0,-21.859,0.037,0.847,0.0897,0.0757,0.964,130.998,90107.0
BoyWithUke-Two Moons,Fever Dreams,album,0.841,0.502,6.0,-9.068,0.211,0.52,0.000187,0.103,0.863,109.965,224747.0
Aventura-El Malo,The Last,album,0.812,0.506,1.0,-10.729,0.0533,0.143,0.0,0.132,0.701,125.941,238720.0
Aerosmith-Sweet Emotion,Toys In The Attic,album,0.379,0.76,9.0,-10.961,0.0378,0.00298,0.0296,0.104,0.491,99.436,274088.0
Radiohead-No Surprises,OK Computer,album,0.255,0.393,5.0,-10.654,0.0278,0.0577,0.00361,0.113,0.118,76.426,229120.0
MGMT-Time to Pretend,Oracular Spectacular,album,0.438,0.94,2.0,-3.249,0.0452,8.74e-05,0.0777,0.3,0.421,100.99,261000.0
Johnny Cash-The Man Comes Around,American IV: The Man Comes Around,album,0.635,0.584,0.0,-7.912,0.144,0.52,0.0951,0.962,0.753,97.067,266733.0
Korn-Blind - Live at CBGB,Live & Rare,album,0.244,0.928,4.0,-4.804,0.152,0.000856,0.108,0.915,0.38,95.235,252400.0
Korn-Got the Life,Follow The Leader,album,0.501,0.905,11.0,-5.721,0.0518,1.88e-05,0.765,0.383,0.584,123.277,225307.0
P!nk-TRUSTFALL,TRUSTFALL,single,0.636,0.888,8.0,-3.889,0.0945,0.00162,0.000216,0.147,0.25,122.032,237200.0
Mariah Carey-We Belong Together,The Emancipation of Mimi,album,0.837,0.462,0.0,-7.89,0.0601,0.0339,0.0,0.09,0.762,139.986,201400.0
Don Toliver-Honest (feat. Don Toliver),Honest,single,0.81,0.655,8.0,-6.779,0.0698,0.127,8.16e-05,0.105,0.809,150.002,193322.0
Yuvan Shankar Raja-Enkeyoo Partha,Yaaradi Nee Mohini (Original Motion Picture Soundtrack),album,0.822,0.446,7.0,-8.899,0.0321,0.486,0.00102,0.147,0.654,119.994,320960.0
MGMT-When You Die,Little Dark Age,album,0.645,0.938,11.0,-4.557,0.0391,0.0946,0.0226,0.159,0.495,140.886,263880.0
Chris Brown-Monalisa,Monalisa,single,0.828,0.726,10.0,-6.389,0.0419,0.106,0.00101,0.103,0.67,113.017,212976.0
The Notorious B.I.G.-Big Poppa - 2005 Remaster,Ready to Die (The Remaster),album,0.78,0.575,9.0,-7.247,0.273,0.43,0.0,0.143,0.773,84.492,252747.0
Die drei ???-Teil 1 - Das Geheimnis der Geisterinsel,Das Geheimnis der Geisterinsel,album,0.509,0.744,7.0,-7.231,0.899,0.318,0.0,0.156,0.54,50.977,185263.0
Pharrell Williams-Frontin' (feat. Jay-Z) - Club Mix,The Neptunes Present... Clones,album,0.894,0.404,9.0,-5.913,0.13,0.453,1.57e-06,0.0801,0.759,102.009,236507.0
Whitney Houston-I Will Always Love You,The Bodyguard - Original Soundtrack Album,album,0.332,0.214,4.0,-12.518,0.0349,0.845,5.62e-06,0.0839,0.11,67.531,271093.0
System Of A Down-Toxicity,Toxicity,album,0.413,0.873,8.0,-4.151,0.0536,0.000264,0.00249,0.204,0.48,116.68,218933.0
BoyWithUke-IDGAF (with blackbear),Serotonin Dreams,album,0.782,0.728,5.0,-5.93,0.0768,0.427,0.0,0.25,0.876,97.975,140667.0
Slipknot-Snuff,All Hope Is Gone (10th Anniversary),album,0.544,0.69,6.0,-5.723,0.0425,0.012,0.0095,0.0615,0.219,123.962,276147.0
Eminem-Mockingbird,Encore (Deluxe Version),album,0.637,0.678,0.0,-3.798,0.266,0.209,0.0,0.156,0.254,84.039,250760.0
Daft Punk-Get Lucky (feat. Pharrell Williams & Nile Rodgers),Random Access Memories,album,0.81,0.793,6.0,-9.404,0.0403,0.0378,1.77e-06,0.072,0.863,116.05,369627.0
Deftones-My Own Summer (Shove It),Around the Fur,album,0.443,0.781,1.0,-4.277,0.0377,1.33e-05,0.205,0.166,0.372,71.841,214760.0
Bibi Blocksberg-Kapitel 09: Der Hexenbesenausflug (Folge 146),Folge 146: Der Hexenbesenausflug,album,0.649,0.257,1.0,-21.931,0.961,0.777,0.0,0.358,0.632,90.661,94425.0
Marc Anthony-Parecen Viernes,OPUS,album,0.658,0.863,7.0,-3.575,0.0352,0.287,1.53e-05,0.16,0.967,96.499,268440.0
Mariah Carey-Fantasy,Daydream,album,0.669,0.727,7.0,-7.588,0.0353,0.139,0.0,0.123,0.807,102.322,243493.0
The Rolling Stones-Sympathy For The Devil - 50th Anniversary Edition,Beggars Banquet (50th Anniversary Edition),album,0.702,0.668,9.0,-9.237,0.214,0.518,0.0,0.0588,0.561,116.063,378147.0
Madonna-Back That Up To The Beat - demo version,Back That Up To The Beat,single,0.912,0.61,2.0,-7.029,0.168,0.0584,0.0,0.0431,0.763,113.941,211476.0
50 Cent-Best Friend - Remix,Best Friend (Remix),single,0.545,0.64,10.0,-3.529,0.308,0.368,0.0,0.111,0.574,181.733,254493.0
Britney Spears-Criminal,Femme Fatale (Deluxe Version),album,0.696,0.734,7.0,-5.294,0.0298,0.0485,0.0,0.183,0.711,107.987,225080.0
blink-182-First Date,Take Off Your Pants And Jacket,album,0.579,0.928,0.0,-4.344,0.0411,0.000715,0.0,0.18,0.882,95.594,171533.0
Deftones-Around the Fur,Around the Fur,album,0.449,0.87,5.0,-4.241,0.112,1.94e-05,0.0411,0.0797,0.229,79.952,211733.0
Don Toliver-Drugs N Hella Melodies (feat. Kali Uchis),Life of a DON,album,0.56,0.707,1.0,-6.863,0.07,0.264,0.000268,0.108,0.341,147.0,198058.0
Dr. Dre-Gospel (with Eminem),Gospel (with Eminem),single,0.919,0.869,1.0,-4.441,0.232,0.103,1.2e-05,0.166,0.655,117.03,210027.0
50 Cent-If I Can't,Get Rich Or Die Tryin',album,0.892,0.631,11.0,-2.522,0.302,0.244,0.0,0.0235,0.838,93.975,196640.0
Aerosmith-Crazy,Get A Grip,album,0.37,0.866,6.0,-3.879,0.0384,0.0868,0.0,0.137,0.427,162.086,316693.0
John Mayer-Your Body Is a Wonderland,Room For Squares,album,0.647,0.729,5.0,-6.251,0.0236,0.0206,0.0489,0.134,0.687,94.01,249627.0
Christina Aguilera-This Christmas,My Kind Of Christmas,album,0.575,0.744,1.0,-5.466,0.0603,0.0687,0.0,0.0723,0.701,183.79,241507.0
Alka Yagnik-Ae Mere Humsafar,Qayamat Se Qayamat Tak,single,0.436,0.499,7.0,-12.909,0.0356,0.499,5.01e-05,0.308,0.551,103.104,355840.0
Ludovico Einaudi-Rolling Like A Ball,Underwater,album,0.208,0.012,8.0,-29.933,0.0422,0.987,0.919,0.1,0.0391,175.159,257217.0
Oasis-She's Electric - Remastered,(What's The Story) Morning Glory? (Deluxe Remastered Edition),album,0.484,0.905,9.0,-3.506,0.0481,0.146,1.13e-06,0.24,0.486,125.414,220920.0
Bee Gees-To Love Somebody,Bee Gees' 1st,album,0.423,0.384,9.0,-12.503,0.0315,0.729,4.11e-06,0.27,0.521,90.43,182000.0
Madonna-Like a Prayer,Celebration (double disc version),compilation,0.624,0.842,5.0,-5.285,0.0376,0.264,2.11e-05,0.181,0.257,111.037,342680.0
Eagles-Love Will Keep Us Alive,Hell Freezes Over (Remaster 2018),album,0.658,0.374,9.0,-11.684,0.026,0.721,1.28e-05,0.112,0.367,98.892,243453.0
Disney-Part of Your World,The Little Mermaid Special Edition,album,0.274,0.144,5.0,-14.516,0.0482,0.92,0.000388,0.29,0.302,61.551,195493.0
Plan B-¿por Que Te Demoras?,House Of Pleasure,album,0.895,0.792,2.0,-5.923,0.0769,0.0386,0.0,0.0547,0.941,96.018,190493.0
The Notorious B.I.G.-Gimme the Loot - 2005 Remaster,Ready to Die (The Remaster),album,0.721,0.662,7.0,-8.136,0.403,0.0888,0.0,0.178,0.68,94.191,285947.0
Coldplay-Sparks,Parachutes,album,0.371,0.268,1.0,-10.506,0.0281,0.748,0.0517,0.104,0.165,102.617,227093.0
Christina Aguilera-Genie In a Bottle,Christina Aguilera (Expanded Edition),album,0.633,0.8,1.0,-6.945,0.166,0.209,0.000123,0.137,0.913,175.716,217573.0
The Cure-Pictures of You - 2010 Remaster,Disintegration (Deluxe Edition),album,0.484,0.776,9.0,-6.48,0.0312,0.00371,0.109,0.131,0.495,171.935,448467.0
Marc Anthony-Vivir Mi Vida,3.0,album,0.656,0.877,0.0,-3.231,0.0342,0.345,0.0,0.349,0.894,105.018,252347.0
Alejandro Sanz-Deja Que Te Bese,Deja Que Te Bese,single,0.707,0.908,1.0,-2.903,0.0582,0.134,0.0,0.111,0.546,104.888,244353.0
50 Cent-21 Questions,Get Rich Or Die Tryin',album,0.576,0.807,6.0,-3.908,0.317,0.353,0.000363,0.0512,0.908,90.012,224427.0
T-Pain-Up Down (Do This All Day) (feat. B.o.B),Happy Hour: The Greatest Hits,compilation,0.778,0.498,5.0,-6.846,0.0562,0.256,0.0,0.295,0.464,96.995,231093.0
JAY-Z-Numb / Encore,Numb / Encore: MTV Ultimate Mash-Ups Presents Collision Course,single,0.687,0.793,2.0,-4.254,0.166,0.0603,0.0,0.582,0.751,107.045,205733.0
Christina Aguilera-Lady Marmalade - Single Edit,Lady Marmalade,single,0.754,0.811,5.0,-3.679,0.0561,0.0185,5.18e-06,0.654,0.639,109.902,267960.0
Pearl Jam-Just Breathe,Backspacer,album,0.473,0.348,0.0,-11.1,0.0288,0.721,7.42e-05,0.0823,0.283,107.819,215853.0
T-Pain-Best Love Song,Revolver (Expanded Edition),album,0.622,0.711,7.0,-6.618,0.0542,0.0457,0.0,0.174,0.679,79.932,195987.0
"Johnny Cash-Folsom Prison Blues - Live at Folsom State Prison, Folsom, CA - January 1968",At Folsom Prison,album,0.621,0.524,0.0,-15.269,0.0803,0.0652,0.00199,0.893,0.889,110.586,162653.0
Alejandro Sanz-El Ultimo Adiós - Varios Artistas Version,El Ultimo Adiós,single,0.276,0.572,1.0,-7.818,0.0377,0.641,0.0,0.2,0.285,77.986,237467.0
Vicente Fernández-La Diferencia,Es La Diferencia,album,0.409,0.277,0.0,-10.276,0.0421,0.63,0.0,0.173,0.534,80.062,170107.0
Billy Joel-My Life,52nd Street,album,0.741,0.647,2.0,-12.878,0.0427,0.108,0.00139,0.0555,0.804,131.097,284000.0
A.R. Rahman-Kun Faya Kun,Rockstar,album,0.362,0.378,1.0,-11.008,0.0329,0.679,0.0,0.091,0.575,87.549,470500.0
Ludacris-Rollout (My Business),Word Of Mouf,album,0.921,0.668,7.0,-8.73,0.235,0.0949,0.0,0.592,0.892,131.059,296587.0
Juanes-Es Por Ti,Un Día Normal,album,0.696,0.758,4.0,-6.076,0.0264,0.17,3.33e-05,0.189,0.859,129.943,250693.0
Daft Punk-Get Lucky (feat. Pharrell Williams & Nile Rodgers) - Radio Edit,Get Lucky (feat. Pharrell Williams & Nile Rodgers) [Radio Edit],single,0.794,0.811,6.0,-8.966,0.038,0.0426,1.07e-06,0.101,0.862,116.047,248413.0
Juanes-Nada Valgo Sin Tu Amor,Mi Sangre,album,0.601,0.643,0.0,-4.581,0.0272,0.155,0.0,0.283,0.387,76.979,196360.0
Mari Fernandez-Pode Apostar - Ao Vivo,Ao Vivo em Fortaleza,album,0.588,0.969,5.0,-1.784,0.0641,0.287,0.0,0.349,0.674,165.947,193835.0
The Offspring-Want You Bad,Conspiracy Of One,album,0.491,0.966,4.0,-4.28,0.0538,5.59e-05,0.0,0.307,0.614,105.544,202573.0
Plan B-Si No Le Contesto,House Of Pleasure,album,0.844,0.757,1.0,-4.61,0.0523,0.0945,0.0,0.16,0.532,94.977,220133.0
Bibi Blocksberg-Kapitel 17: Der Hexenbesenausflug (Folge 146),Folge 146: Der Hexenbesenausflug,album,0.563,0.43,2.0,-19.468,0.944,0.586,0.0,0.0889,0.391,85.7,96057.0
MF DOOM-Meat Grinder,Madvillainy,album,0.571,0.717,6.0,-8.333,0.336,0.359,3.12e-06,0.797,0.881,87.54,131867.0
John Mayer-You're Gonna Live Forever in Me,The Search for Everything,album,0.542,0.131,7.0,-14.104,0.0316,0.983,0.00544,0.156,0.319,136.161,190013.0
Ana Castela-DONA DE MIM,DONA DE MIM,single,0.68,0.793,1.0,-4.726,0.234,0.437,0.0,0.11,0.728,167.922,145092.0
Jack Johnson-Upside Down,Upside Down,single,0.792,0.647,4.0,-8.314,0.045,0.255,0.000223,0.132,0.694,102.477,209547.0
Beyoncé-Love On Top,4,album,0.652,0.749,0.0,-5.248,0.0886,0.0848,0.0,0.604,0.651,94.103,267413.0
Bon Jovi-Livin' On A Prayer,Slippery When Wet,album,0.532,0.887,0.0,-3.757,0.0335,0.0778,0.000214,0.294,0.795,122.511,249293.0
The Notorious B.I.G.-Juicy - 2005 Remaster,Ready to Die (The Remaster),album,0.889,0.818,9.0,-4.639,0.253,0.47,0.0,0.179,0.782,96.063,302760.0
Dr. Dre-I Need A Doctor,I Need A Doctor,single,0.594,0.946,3.0,-4.521,0.452,0.0869,0.0,0.306,0.397,155.826,283733.0
The Offspring-Why Don't You Get A Job,Americana,album,0.766,0.882,5.0,-4.478,0.0719,0.0674,2.3e-06,0.281,0.544,107.932,172467.0
Farruko-Si Me Dices Que Sí,Si Me Dices Que Sí,single,0.578,0.634,8.0,-5.979,0.333,0.00473,0.0,0.132,0.216,183.89,211652.0
Oasis-Songbird,Heathen Chemistry,album,0.491,0.561,2.0,-6.396,0.0279,0.274,2.16e-06,0.23,0.543,134.881,127600.0
Gorillaz-New Gold (feat. Tame Impala and Bootie Brown),New Gold (feat. Tame Impala and Bootie Brown),single,0.695,0.923,1.0,-3.93,0.0522,0.0425,0.0469,0.116,0.551,108.014,215150.0
David Bowie-Changes - 2015 Remaster,Hunky Dory (2015 Remaster),album,0.559,0.308,0.0,-11.75,0.0376,0.505,0.0,0.109,0.414,113.633,217747.0
Ricardo Arjona-Minutos,Santo Pecado,album,0.634,0.842,11.0,-3.546,0.0295,0.168,0.000203,0.0983,0.358,99.973,247613.0
Usher-Yeah! (feat. Lil Jon & Ludacris),Confessions (Expanded Edition),album,0.894,0.791,2.0,-4.699,0.112,0.0183,0.0,0.0388,0.583,105.018,250373.0
Don Toliver-Do It Right,Do It Right,single,0.662,0.515,5.0,-6.867,0.199,0.458,0.0,0.163,0.386,69.808,174474.0
Slipknot-The Dying Song (Time To Sing),"The End, So Far",album,0.516,0.991,11.0,-2.587,0.126,0.000467,4.66e-05,0.327,0.402,95.017,203587.0
Shreya Ghoshal-Main Agar Kahoon,Soulful Sonu Nigam Specials,compilation,0.533,0.436,5.0,-7.521,0.0276,0.234,3.17e-06,0.46,0.371,146.868,308158.0
Whitney Houston-When You Believe - from The Prince of Egypt,My Love Is Your Love,album,0.436,0.391,1.0,-9.62,0.0326,0.554,0.0,0.12,0.126,125.354,272893.0
Madonna-Material Girl,Celebration (double disc version),compilation,0.742,0.883,0.0,-3.419,0.0329,0.333,7.51e-06,0.0964,0.978,136.506,240280.0
Silk Sonic-Fly As Me,An Evening With Silk Sonic,album,0.783,0.627,2.0,-8.521,0.102,0.00756,0.0,0.0606,0.48,100.025,219389.0
INTERWORLD-kuinke,kuinke,single,0.724,0.961,6.0,-4.121,0.0574,0.000815,1.65e-05,0.0893,0.638,135.008,92312.0
Aventura-Ella Y Yo - Featuring Don Omar,God's Project,album,0.732,0.708,9.0,-7.905,0.262,0.534,0.0,0.237,0.717,175.924,267787.0
Beyoncé-ALIEN SUPERSTAR,RENAISSANCE,album,0.545,0.641,10.0,-6.398,0.0998,0.00453,6.59e-05,0.171,0.464,121.892,215460.0
21 Savage-Niagara Falls (Foot or 2) [with Travis Scott & 21 Savage],HEROES & VILLAINS,album,0.671,0.658,2.0,-5.567,0.309,0.189,8.66e-05,0.147,0.257,87.933,207307.0
Korn-Word Up!,Word Up! (The Remixes),single,0.577,0.94,6.0,-4.439,0.0361,2.42e-05,0.0715,0.347,0.818,116.045,172667.0
Pearl Jam-Even Flow,Ten,album,0.394,0.944,10.0,-6.506,0.0761,0.00178,4.54e-06,0.298,0.265,105.338,292581.0
"Daft Punk-Harder, Better, Faster, Stronger",Discovery,album,0.817,0.716,6.0,-8.898,0.144,0.0427,0.00263,0.358,0.692,123.474,224693.0
Jhené Aiko-Stay Ready (What A Life),Sail Out,album,0.347,0.493,8.0,-11.548,0.29,0.455,0.00366,0.127,0.308,82.887,382760.0
ENHYPEN-TFW (That Feeling When),MANIFESTO : DAY 1,single,0.689,0.692,3.0,-4.388,0.0354,0.113,0.0,0.134,0.902,116.024,197796.0
Maná-Eres Mi Religión,Eres Mi Religión,single,0.626,0.602,4.0,-8.234,0.0326,0.455,2.41e-06,0.0971,0.408,92.055,267837.0
P!nk-Try,The Truth About Love,album,0.674,0.628,2.0,-7.079,0.03,0.00144,0.0,0.0944,0.552,103.998,247907.0
DVRST-Slapper - Fast & Furious: Drift Tape/Phonk Vol 1,Slapper (Fast and Furious: Drift Tape/Phonk Vol 1),single,0.716,0.977,11.0,-5.408,0.0442,0.00522,0.812,0.0747,0.649,90.0,67030.0
Alejandro Fernández-Sé Que Te Duele,Rompiendo Fronteras,album,0.692,0.855,9.0,-4.77,0.0725,0.24,0.0,0.0967,0.777,94.984,228147.0
Johnny Cash-Hurt,American IV: The Man Comes Around,album,0.534,0.392,9.0,-7.636,0.0267,0.649,0.000227,0.0948,0.163,90.379,216533.0
Stevie Wonder-What Christmas Means To Me,Mono Singles,album,0.521,0.699,0.0,-6.961,0.0338,0.0981,0.0,0.1,0.802,83.529,148147.0
Metallica-Enter Sandman (Remastered),Metallica (Remastered),album,0.566,0.834,6.0,-8.412,0.0298,0.00277,0.008,0.0625,0.621,123.296,331560.0
Alejandro Sanz-Desde cuando,Paraiso Express,album,0.497,0.714,2.0,-4.209,0.0343,0.288,0.0,0.151,0.381,144.075,235907.0
The Rolling Stones-Wild Horses - 2009 Mix,Sticky Fingers (Remastered),album,0.432,0.389,7.0,-6.517,0.0255,0.687,0.0107,0.0788,0.158,139.506,341773.0
Ana Castela-Juliet E Chapelão (Ao Vivo),Juliet E Chapelão (Ao Vivo),single,0.69,0.922,7.0,-3.243,0.0699,0.292,3.74e-05,0.659,0.704,80.973,144139.0
Pritam-Tum Se Hi,Jab We Met,album,0.609,0.538,6.0,-7.842,0.0273,0.328,0.0,0.125,0.608,130.015,321225.0
Outkast-Player's Ball,Southernplayalisticadillacmuzik,album,0.857,0.764,1.0,-6.304,0.246,0.0398,0.0,0.425,0.578,93.071,261267.0
Rosa Linn-KING,KING,single,0.598,0.555,0.0,-7.407,0.0295,0.508,0.0277,0.304,0.353,152.101,203089.0
Bob Marley & The Wailers-Redemption Song,Uprising,album,0.671,0.256,7.0,-10.743,0.0387,0.608,0.0,0.0737,0.694,115.871,233560.0
Pearl Jam-Last Kiss,Last Kiss,single,0.622,0.692,7.0,-6.97,0.0276,0.363,0.000158,0.193,0.774,112.053,195467.0
Metallica-Whiskey In The Jar,"Garage, Inc.",album,0.511,0.972,10.0,-3.751,0.0413,5.36e-06,0.00101,0.19,0.532,132.97,304893.0
Bob Marley & The Wailers-One Love / People Get Ready - Medley,Exodus,album,0.67,0.516,10.0,-9.598,0.366,0.0673,0.0,0.0674,0.939,154.186,172933.0
Pearl Jam-Alive,Ten,album,0.284,0.875,11.0,-6.069,0.0422,0.00752,0.000461,0.402,0.595,75.009,340907.0
Shreya Ghoshal-Rasiya,Brahmastra (Original Motion Picture Soundtrack),album,0.54,0.796,4.0,-7.538,0.0521,0.371,0.00165,0.11,0.636,78.99,265063.0
SICK LEGEND-OUTSIDE HARDSTYLE SPED UP,OUTSIDE HARDSTYLE SPED UP,single,0.443,0.83,4.0,-4.679,0.0647,0.0243,0.0,0.154,0.419,168.388,136842.0
Pearl Jam-Elderly Woman Behind the Counter in a Small Town - Remastered,Vs.,album,0.281,0.493,7.0,-9.461,0.0284,0.0519,9.15e-06,0.101,0.167,60.772,196187.0
Plan B-Es un Secreto,House Of Pleasure,album,0.841,0.783,6.0,-4.915,0.0432,0.106,2.49e-06,0.0528,0.514,94.989,190560.0
Jhené Aiko-Sunshine,Sunshine,single,0.746,0.647,7.0,-6.673,0.106,0.0267,0.0,0.052,0.393,97.989,188964.0
"Yuvan Shankar Raja-Saachitale (From ""Love Today"")","Saachitale (From ""Love Today"")",single,0.841,0.599,0.0,-6.278,0.0468,0.114,0.00806,0.0465,0.668,105.006,238664.0
Muse-Undisclosed Desires,The Resistance,album,0.683,0.585,8.0,-6.76,0.0323,0.00819,0.0162,0.0797,0.641,115.997,235000.0
SICK LEGEND-ONLY GIRL HARDSTYLE,ONLY GIRL HARDSTYLE,single,0.417,0.767,9.0,-4.004,0.419,0.356,0.0184,0.108,0.539,155.378,108387.0
Maná-Vivir Sin Aire,¿Dónde Jugarán Los Niños?,album,0.67,0.528,7.0,-8.036,0.0261,0.105,0.000103,0.224,0.384,132.31,291493.0
Tory Lanez-And This is Just The Intro,PLAYBOY,album,0.53,0.517,5.0,-9.253,0.399,0.387,0.0,0.176,0.381,137.554,326813.0
Red Hot Chili Peppers-Californication,Californication (Deluxe Edition),album,0.592,0.767,9.0,-2.788,0.027,0.0021,0.00165,0.127,0.328,96.483,329733.0
Juanes-Volverte A Ver,Mi Sangre,album,0.616,0.698,6.0,-4.932,0.0302,0.0555,0.0,0.208,0.714,85.003,217560.0
Shreya Ghoshal-Param Sundari,Mimi (Original Motion Picture Soundtrack),album,0.815,0.761,4.0,-7.162,0.144,0.192,0.0,0.0272,0.82,121.999,200219.0
Creedence Clearwater Revival-Born On The Bayou,Bayou Country (Expanded Edition),album,0.656,0.601,9.0,-7.734,0.0389,0.0553,0.0667,0.0974,0.576,117.296,315200.0
Billy Joel-We Didn't Start the Fire,Storm Front,album,0.712,0.967,7.0,-5.206,0.047,0.0771,0.0,0.356,0.895,145.024,287733.0
Bibi Blocksberg-Kapitel 13: Der Hexenbesenausflug (Folge 146),Folge 146: Der Hexenbesenausflug,album,0.719,0.435,9.0,-18.359,0.922,0.557,0.0,0.531,0.421,117.24,92971.0
Disney-I'll Make a Man Out of You,Mulan (Original Soundtrack),compilation,0.672,0.322,7.0,-17.669,0.0339,0.144,2.96e-05,0.074,0.496,113.852,201680.0
"Alka Yagnik-Ek Din Aap (From ""Yes Boss"")","Bollywood Music - Kumar Sanu At His Best, Vol. 2",album,0.462,0.375,4.0,-13.184,0.0309,0.642,0.0,0.189,0.612,145.35,266067.0
Madonna-Back That Up To The Beat - sped up version,Back That Up To The Beat,single,0.946,0.762,11.0,-6.957,0.105,0.125,0.000673,0.0393,0.949,125.398,192282.0
Tz da Coronel-Se Você For Embora,Se Você For Embora,single,0.75,0.592,0.0,-5.515,0.0438,0.63,0.0,0.112,0.674,119.978,130496.0
Vicente Fernández-Acá Entre Nos,Que De Raro Tiene,album,0.41,0.334,0.0,-6.662,0.0621,0.529,0.0,0.137,0.47,86.086,195373.0
Luis Miguel-Por Debajo De La Mesa,Romances,album,0.401,0.499,0.0,-7.643,0.0272,0.217,0.0,0.149,0.262,144.276,184080.0
Johnny Cash-Jackson,Carryin' On With Johnny Cash And June Carter,album,0.741,0.615,0.0,-8.072,0.0358,0.519,0.000344,0.408,0.799,128.496,165827.0
Dr. Dre-Xxplosive,2001,album,0.765,0.88,1.0,-4.361,0.116,0.176,1e-05,0.139,0.929,168.96,215200.0
Rosa Linn-SNAP - Fargo Remix,SNAP PACK,single,0.723,0.807,11.0,-6.343,0.205,0.203,0.00138,0.352,0.275,100.935,145080.0
Ludovico Einaudi-Una Mattina,Una Mattina,album,0.231,0.0297,2.0,-31.544,0.0579,0.991,0.878,0.0742,0.07,131.413,203800.0
Stevie Wonder-Someday At Christmas,Mono Singles,album,0.33,0.44,5.0,-9.858,0.0296,0.603,0.0,0.481,0.228,98.567,168413.0
Disney-I Won't Say (I'm In Love),Hercules (Original Motion Picture Soundtrack),compilation,0.684,0.481,0.0,-10.305,0.0391,0.228,0.0,0.157,0.48,121.208,140227.0
A.R. Rahman-Mallipoo,Vendhu Thanindhathu Kaadu (Original Motion Picture Soundtrack),single,0.715,0.654,2.0,-7.266,0.336,0.196,0.000117,0.0667,0.762,175.589,245366.0
AC/DC-Back In Black,Back In Black,album,0.31,0.7,9.0,-5.678,0.047,0.011,0.00965,0.0828,0.763,188.386,255493.0
The Cure-Lullaby - 2010 Remaster,Disintegration (Deluxe Edition),album,0.718,0.557,9.0,-10.679,0.0328,0.185,0.707,0.055,0.586,94.095,249880.0
Whitney Houston-Greatest Love of All,Whitney Houston,album,0.502,0.305,9.0,-16.011,0.0339,0.484,3.55e-06,0.117,0.248,131.242,291400.0
Ricardo Arjona-Cómo Duele,5to Piso,album,0.336,0.682,0.0,-4.667,0.0332,0.198,0.00211,0.353,0.314,139.442,210400.0
Ana Castela-As Menina da Pecuária,As Menina da Pecuária,single,0.633,0.863,1.0,-3.581,0.0404,0.419,0.0,0.117,0.951,172.087,163781.0
Muse-Supermassive Black Hole,Black Holes and Revelations,album,0.668,0.921,7.0,-3.727,0.0439,0.0492,0.00517,0.0877,0.782,120.0,212440.0
Aventura-Un Beso,God's Project,album,0.732,0.64,0.0,-9.859,0.0378,0.586,1.81e-05,0.104,0.715,125.015,263347.0
Bibi Blocksberg-Kapitel 16: Der Hexenbesenausflug (Folge 146),Folge 146: Der Hexenbesenausflug,album,0.656,0.322,8.0,-19.688,0.947,0.63,0.0,0.608,0.646,94.016,96211.0
Creedence Clearwater Revival-Who'll Stop The Rain,Cosmo's Factory,album,0.627,0.873,7.0,-5.415,0.0311,0.00804,0.000583,0.0555,0.628,123.113,147279.0
Alejandro Fernández-Caballero,Hecho En México,album,0.571,0.418,11.0,-6.89,0.0303,0.109,0.0,0.0705,0.518,100.738,229053.0
Daddy Yankee-Con Calma,Con Calma,single,0.737,0.86,8.0,-2.652,0.0593,0.11,1.94e-06,0.0574,0.656,93.989,193227.0
Red Hot Chili Peppers-Scar Tissue,Californication (Deluxe Edition),album,0.595,0.717,0.0,-4.803,0.0295,0.0779,0.00274,0.108,0.547,88.969,215907.0
Metallica-The Unforgiven (Remastered),Metallica (Remastered),album,0.531,0.583,7.0,-9.47,0.0256,0.0184,0.00624,0.255,0.207,139.503,387160.0
AC/DC-T.N.T.,High Voltage,album,0.754,0.759,9.0,-5.218,0.302,0.153,0.000108,0.101,0.435,126.366,214667.0
Tz da Coronel-No Love,No Love,single,0.616,0.559,10.0,-9.086,0.132,0.142,0.00909,0.0962,0.496,95.3,180000.0
21 Savage-Major Distribution,Her Loss,album,0.908,0.546,8.0,-10.491,0.323,0.0127,0.0,0.0707,0.225,131.016,170502.0
blink-182-Dammit,Dude Ranch,album,0.426,0.972,0.0,-5.122,0.0954,0.0017,0.0,0.171,0.341,111.221,165373.0
Linkin Park-Crawling,Hybrid Theory (Bonus Edition),album,0.58,0.702,4.0,-5.565,0.0337,0.0466,3.2e-06,0.536,0.299,105.076,208960.0
Oasis-Stop Crying Your Heart Out,Heathen Chemistry,album,0.331,0.558,2.0,-5.506,0.031,0.0689,1.96e-06,0.124,0.0985,150.19,303120.0
Tz da Coronel-Vizão de Cria 2,Vizão de Cria 2,single,0.688,0.699,4.0,-4.88,0.103,0.179,0.0,0.0879,0.411,127.061,306142.0
Metallica-Lux Æterna,Lux Æterna,single,0.386,0.996,11.0,-2.96,0.0754,1.15e-05,0.000836,0.116,0.188,130.573,205680.0
Pink Floyd-Breathe (In the Air),The Dark Side of the Moon,album,0.431,0.373,11.0,-15.142,0.0346,0.389,0.728,0.143,0.253,128.153,169535.0
JAY-Z-Empire State Of Mind,The Blueprint 3,album,0.491,0.956,11.0,-1.538,0.392,0.0295,0.0,0.46,0.811,173.585,276920.0
Luis Miguel-Hasta Que Me Olvides,Aries,album,0.641,0.593,3.0,-7.884,0.0264,0.46,0.0,0.169,0.437,119.828,281000.0
"Johann Sebastian Bach-Suite No. 3 in D Major, BWV 1068: II. Air",Born in the 1600s: Bach,compilation,0.0769,0.0846,2.0,-25.997,0.045,0.922,0.929,0.113,0.0586,176.329,363253.0
Bon Jovi-Bad Medicine,New Jersey (Deluxe Edition),album,0.555,0.973,9.0,-3.804,0.035,0.048,0.0,0.0853,0.805,118.642,316707.0
Don Toliver-Used (feat. Don Toliver),SOS,album,0.733,0.685,10.0,-6.228,0.0533,0.363,0.000238,0.333,0.837,150.073,146947.0
Johnny Cash-Girl from the North Country,Nashville Skyline,album,0.607,0.142,7.0,-23.455,0.0382,0.843,0.000197,0.121,0.305,118.867,220400.0
blink-182-I Miss You,blink-182,album,0.664,0.781,11.0,-6.547,0.0339,0.00103,5.33e-06,0.0867,0.593,110.0,227240.0
Enrique Iglesias-El Perdón (with Enrique Iglesias),Fénix,album,0.628,0.69,8.0,-5.83,0.0511,0.443,0.0,0.113,0.66,179.908,205907.0
"Don Toliver-Lemonade (feat. Gunna, Don Toliver & NAV)",B4 The Storm,album,0.8,0.658,1.0,-6.142,0.079,0.25,0.0,0.111,0.462,140.042,195429.0
MGMT-She Works Out Too Much,Little Dark Age,album,0.633,0.919,5.0,-6.208,0.0343,0.00596,0.273,0.43,0.805,147.97,278387.0
21 Savage-On BS,Her Loss,album,0.841,0.358,9.0,-8.368,0.591,0.0201,0.0,0.39,0.329,158.014,261544.0
P!nk-Raise Your Glass,Raise Your Glass,single,0.7,0.709,7.0,-5.006,0.0838,0.0048,0.0,0.029,0.624,122.019,202960.0
P!nk-Who Knew,I'm Not Dead,album,0.688,0.734,9.0,-4.569,0.0274,0.00462,0.0,0.0756,0.46,140.004,208493.0
Linkin Park-BURN IT DOWN,LIVING THINGS,album,0.585,0.972,9.0,-4.45,0.0534,0.0143,0.0,0.0707,0.585,110.006,230253.0
The Rolling Stones-Gimme Shelter,Let It Bleed,album,0.634,0.63,1.0,-8.277,0.031,0.447,0.039,0.17,0.489,118.628,270773.0
Disney-A Whole New World - Remastered 2022,Walt Disney Records The Legacy Collection: Aladdin,album,0.273,0.227,0.0,-15.742,0.0351,0.848,2.31e-06,0.102,0.142,129.272,160307.0
Maná-Mi Verdad (feat. Shakira),Cama Incendiada,album,0.857,0.561,9.0,-7.288,0.0292,0.435,0.0,0.0831,0.76,99.989,272576.0
DVRST-Close Eyes - Sped Up,Close Eyes (Sped Up),single,0.797,0.641,8.0,-8.794,0.0485,0.0148,0.392,0.109,0.161,111.631,113979.0
Tz da Coronel-Mirante,É o Trem!,album,0.753,0.537,3.0,-9.492,0.15,0.494,0.0,0.211,0.558,113.042,197578.0
Rosa Linn-Snap - Eurovision 2022 - Armenia / Karaoke Version,Eurovision Song Contest Turin 2022 (Karaoke Version),compilation,0.613,0.737,0.0,-10.208,0.0388,0.0223,0.191,0.205,0.331,84.995,178944.0
Jack Johnson-Roll Me Up and Smoke Me When I Die - Live,Willie Nelson American Outlaw (Live),compilation,0.427,0.813,0.0,-9.02,0.0737,0.0713,0.109,0.873,0.344,106.859,134267.0
SICK LEGEND-PART OF ME HARDSTYLE (SPED UP),PART OF ME HARDSTYLE (SPED UP),single,0.642,0.949,10.0,-3.055,0.0373,0.0194,0.227,0.414,0.692,101.959,112971.0
Muse-Uprising,The Resistance,album,0.602,0.905,2.0,-4.046,0.0775,0.000202,0.064,0.117,0.411,128.019,304840.0
"Outkast-So Fresh, So Clean",Stankonia,album,0.725,0.64,5.0,-7.905,0.332,0.0281,0.0,0.099,0.915,166.028,240027.0
Gorillaz-Dirty Harry,Demon Days,album,0.625,0.877,10.0,-7.176,0.162,0.0315,0.0811,0.672,0.865,192.296,230426.0
Eden Muñoz-Bájale,Consejos Gratis,album,0.709,0.686,7.0,-7.459,0.0361,0.524,0.0,0.158,0.63,103.452,162833.0
Plan B-Frikitona,Frikitona - Single,single,0.947,0.874,2.0,-3.813,0.176,0.316,0.0,0.372,0.835,120.063,183182.0
Pritam-Khairiyat,Chhichhore,album,0.534,0.481,0.0,-9.016,0.0412,0.697,0.0,0.142,0.293,124.914,280282.0
Enrique Iglesias-Por Amarte,Enrique Iglesias,album,0.637,0.505,9.0,-8.621,0.0295,0.183,0.000285,0.114,0.222,127.933,244027.0
P!nk-Cover Me In Sunshine,All I Know So Far: Setlist,album,0.473,0.592,5.0,-6.859,0.138,0.0528,0.0,0.131,0.292,159.7,138573.0
ENHYPEN-Blessed-Cursed,DIMENSION : ANSWER,album,0.604,0.886,4.0,-3.523,0.061,0.0925,0.0,0.596,0.401,127.098,170805.0
Mariah Carey-All I Want for Christmas Is You,Merry Christmas,album,0.336,0.627,7.0,-7.463,0.0384,0.164,0.0,0.0708,0.35,150.273,241107.0
Ludacris-My Chick Bad,Battle Of The Sexes (Deluxe),album,0.624,0.723,1.0,-6.782,0.378,0.172,0.0,0.483,0.757,84.789,216933.0
Kordhell-Live Another Day,Phonkageddon,single,0.822,0.981,9.0,-1.321,0.109,0.000593,0.748,0.0938,0.404,115.005,133565.0
Christina Aguilera-El Ultimo Adiós - Varios Artistas Version,El Ultimo Adiós,single,0.276,0.572,1.0,-7.818,0.0377,0.641,0.0,0.2,0.285,77.986,237467.0
"The Rolling Stones-Paint It, Black",Aftermath,album,0.464,0.795,1.0,-9.267,0.0926,0.0493,0.00244,0.399,0.612,158.691,202267.0
MGMT-Little Dark Age,Little Dark Age,album,0.705,0.712,6.0,-6.156,0.0385,0.0102,0.000855,0.1,0.62,97.512,299960.0
Linkin Park-Faint,Meteora,album,0.554,0.978,4.0,-3.554,0.131,0.111,0.0,0.0731,0.594,135.095,162600.0
Bee Gees-Stayin' Alive,Staying Alive (Original Motion Picture Soundtrack),compilation,0.707,0.535,10.0,-19.793,0.0436,0.113,0.00615,0.0884,0.641,103.644,92867.0
Farruko-Diles,Diles,single,0.813,0.56,2.0,-5.904,0.0618,0.108,0.0,0.268,0.287,118.033,286041.0
Disney-Gotta Go My Own Way,High School Musical 2 (Original Soundtrack),compilation,0.555,0.692,9.0,-4.767,0.0277,0.0864,3.25e-05,0.232,0.313,88.995,222360.0
MF DOOM-Raid,Madvillainy,album,0.419,0.871,11.0,-6.432,0.468,0.715,0.0,0.211,0.577,201.451,150520.0
U2-Sunday Bloody Sunday - Remastered 2008,War (Remastered),album,0.543,0.944,6.0,-7.495,0.0543,0.402,0.000564,0.0373,0.735,101.174,279440.0
Black Eyed Peas-Meet Me Halfway,THE E.N.D. (THE ENERGY NEVER DIES),album,0.798,0.629,11.0,-6.857,0.0735,0.00474,2.29e-05,0.324,0.4,130.002,284373.0
P!nk-Never Gonna Not Dance Again,Never Gonna Not Dance Again,single,0.668,0.802,5.0,-4.005,0.0917,0.0273,0.0,0.163,0.769,113.796,225789.0
Tz da Coronel-Amém,Vida Cara,album,0.559,0.635,2.0,-7.373,0.0486,0.231,0.0,0.365,0.238,97.875,209388.0
Madonna-Like a Virgin,Like a Virgin (Reissue),album,0.771,0.655,3.0,-10.842,0.0372,0.152,0.00197,0.0685,0.97,119.747,218627.0
Ana Castela-Palhaça - Ao Vivo,Palhaça (Ao Vivo),single,0.893,0.829,0.0,-5.098,0.151,0.518,8.69e-06,0.0979,0.498,146.062,159530.0
Rosa Linn-SNAP,SNAP,single,0.565,0.636,0.0,-8.198,0.0638,0.107,9.9e-06,0.447,0.525,170.01,179551.0
JAY-Z-4:44,4:44,album,0.261,0.852,9.0,-4.965,0.158,0.139,4.26e-05,0.477,0.431,177.997,284493.0
Maná-Mariposa Traicionera,Mariposa Traicionera,single,0.622,0.647,4.0,-6.913,0.0352,0.524,4.82e-05,0.0872,0.815,206.037,243307.0
Mari Fernandez-Respeita Seu Ex,Quando Tem Sentimento,album,0.456,0.904,9.0,-1.224,0.042,0.629,9.93e-06,0.122,0.755,143.884,199210.0
The Offspring-Self Esteem,Smash,album,0.488,0.862,0.0,-7.595,0.0476,0.0204,0.0,0.359,0.706,104.56,257827.0
Oasis-Live Forever - Remastered,Definitely Maybe (Deluxe Edition Remastered),album,0.286,0.822,9.0,-3.366,0.0381,2.31e-05,1.31e-05,0.353,0.19,90.96,276667.0
Madonna-La Isla Bonita,True Blue (Reissue),album,0.724,0.822,1.0,-4.374,0.0333,0.304,1.38e-05,0.0553,0.964,99.9,242733.0
U2-Beautiful Day,All That You Can't Leave Behind,album,0.539,0.926,2.0,-6.495,0.0499,0.014,0.00136,0.36,0.454,136.279,246400.0
Jack Johnson-Flake,Brushfire Fairytales [Remastered (Bonus Version)],album,0.758,0.654,5.0,-10.98,0.04,0.662,0.0197,0.199,0.962,97.657,281749.0
Maná-Clavado En Un Bar,Sueños Líquidos,album,0.634,0.854,11.0,-3.444,0.0369,0.00737,2.49e-06,0.0664,0.564,148.003,310813.0
Pearl Jam-Black,Ten,album,0.36,0.684,4.0,-6.457,0.0308,0.323,0.0,0.34,0.2,77.15,342653.0
Dr. Dre-Keep Their Heads Ringin',Friday (Original Motion Picture Soundtrack),compilation,0.672,0.777,9.0,-4.238,0.0956,0.0379,0.00141,0.159,0.238,90.575,305573.0
Outkast-Hey Ya!,Speakerboxxx/The Love Below,album,0.727,0.974,4.0,-2.261,0.0664,0.103,0.000532,0.174,0.965,79.526,235213.0
Daddy Yankee-Ella Me Levanto,El Cartel: The Big Boss,album,0.76,0.9,5.0,-4.782,0.0668,0.0715,0.0,0.221,0.761,100.046,209493.0
Ricardo Arjona-Acompáñame a Estar Solo,Adentro,album,0.505,0.617,5.0,-5.548,0.0328,0.183,1.54e-06,0.189,0.237,172.882,272573.0
DVRST-SHE IS HYPERACTIVE,SHE IS HYPERACTIVE,single,0.613,0.835,6.0,-4.651,0.112,0.0752,0.0237,0.164,0.426,174.022,137931.0
Silk Sonic-Blast Off,An Evening With Silk Sonic,album,0.482,0.548,11.0,-9.946,0.0373,0.0363,2.28e-06,0.3,0.346,76.017,284870.0
Kordhell-Scopin,Scopin,single,0.809,0.972,8.0,-1.653,0.0616,0.065,0.12,0.0311,0.641,98.013,101633.0
Black Eyed Peas-Just Can’t Get Enough,The Beginning,album,0.659,0.628,0.0,-8.685,0.179,0.186,0.0,0.105,0.262,94.05,219427.0
AC/DC-Highway to Hell,Highway to Hell,album,0.574,0.913,6.0,-4.793,0.133,0.061,0.00158,0.156,0.423,115.728,208400.0
Ricardo Arjona-Pingüinos en la Cama,Adentro,album,0.737,0.518,4.0,-6.736,0.0405,0.115,0.000102,0.0964,0.33,128.031,228107.0
Farruko-Patio de la Cárcel - Tangos,Quejíos de un Maleante,album,0.788,0.814,9.0,-3.822,0.217,0.562,0.0,0.208,0.665,97.982,202098.0
Oscar Maydon-Paradise,GXLE 3,album,0.692,0.585,5.0,-9.181,0.0273,0.159,0.0,0.169,0.848,104.959,206000.0
Aventura-Dile al Amor,The Last,album,0.825,0.605,11.0,-9.71,0.0376,0.0764,0.0,0.314,0.944,124.005,229360.0
Yuvan Shankar Raja-Chiru Chiru,Awaara (Original Motion Picture Soundtrack),single,0.722,0.496,7.0,-7.554,0.0327,0.223,0.000507,0.103,0.645,92.007,284467.0
Die drei ???-Teil 23 - Das Geheimnis der Geisterinsel,Das Geheimnis der Geisterinsel,album,0.518,0.93,1.0,-6.246,0.858,0.404,0.0,0.884,0.241,63.653,180008.0
INTERWORLD-METAMORPHOSIS 2 - Sped Up,METAMORPHOSIS 2 (Sped Up),single,0.511,0.919,1.0,-7.15,0.0554,0.00489,0.788,0.127,0.151,140.067,102857.0
Oasis-Supersonic - Remastered,Definitely Maybe (Deluxe Edition Remastered),album,0.359,0.913,9.0,-2.865,0.0391,6.31e-05,0.0121,0.0954,0.589,104.058,283787.0
Deftones-Rosemary,Koi No Yokan,album,0.285,0.613,5.0,-6.412,0.0421,0.0185,0.1,0.114,0.0772,126.628,413347.0
Ludacris-Stand Up,Chicken - N - Beer,album,0.751,0.84,6.0,-4.855,0.349,0.367,0.0,0.0916,0.801,99.057,213760.0
Eminem-Sing For The Moment,The Eminem Show,album,0.668,0.824,5.0,-4.164,0.137,0.0017,3.05e-06,0.0426,0.185,163.961,339547.0
Ricardo Arjona-La Mujer Que No Soñé,Solo,album,0.62,0.497,0.0,-7.443,0.027,0.558,6.68e-06,0.251,0.427,140.207,218760.0
Plan B-Guatauba,Guatauba XXX,compilation,0.804,0.745,4.0,-5.963,0.229,0.00849,0.000942,0.0378,0.635,183.985,162400.0
Dr. Dre-What's The Difference,2001,album,0.772,0.821,11.0,-0.14,0.25,0.223,0.0,0.148,0.77,91.921,244200.0
Eden Muñoz-Chale,Chale,single,0.551,0.436,8.0,-8.029,0.0428,0.395,0.0,0.0719,0.862,188.651,170745.0
d4vd-Take Me To The Sun,Take Me To The Sun,single,0.446,0.734,6.0,-9.75,0.0374,8.24e-06,0.0492,0.564,0.545,178.182,166996.0
Oasis-Don't Look Back In Anger - Remastered,(What's The Story) Morning Glory? (Deluxe Remastered Edition),album,0.328,0.936,0.0,-3.254,0.0628,0.0665,2.61e-06,0.165,0.31,162.97,289560.0
Shreya Ghoshal-Samjhawan,Samjhawan,single,0.651,0.482,4.0,-8.666,0.0281,0.293,0.0,0.0811,0.517,106.993,269185.0
Deftones-Sextape,Diamond Eyes,album,0.367,0.634,5.0,-6.475,0.027,0.000824,0.0759,0.116,0.0964,89.981,241533.0
System Of A Down-Chop Suey!,Toxicity,album,0.417,0.934,7.0,-3.908,0.119,0.000278,0.0015,0.132,0.287,127.066,210240.0
Black Eyed Peas-Where Is The Love?,Elephunk,album,0.834,0.699,5.0,-3.222,0.178,0.111,0.0,0.131,0.809,94.086,272533.0
50 Cent-P.I.M.P.,Get Rich Or Die Tryin',album,0.7,0.758,10.0,-3.012,0.342,0.0444,1.3e-05,0.0401,0.889,78.693,249467.0
DVRST-Close Eyes,Close Eyes,single,0.784,0.572,0.0,-9.853,0.0573,0.0748,0.843,0.139,0.209,96.181,132346.0
Shreya Ghoshal-Saibo,Shor in the City (Original Motion Picture Soundtrack),album,0.619,0.429,2.0,-7.867,0.028,0.738,1.35e-05,0.136,0.545,90.058,195253.0
Bon Jovi-Runaway,Bon Jovi,album,0.475,0.899,9.0,-4.321,0.0637,0.00375,1.91e-05,0.14,0.603,152.445,230667.0
Alejandro Sanz-Mi soledad y yo,Alejandro Sanz 3,album,0.281,0.534,8.0,-7.045,0.0333,0.163,1.05e-05,0.12,0.217,78.77,299840.0
Chris Brown-Under The Influence (Body Language),Under The Influence,single,0.62,0.62,1.0,-6.322,0.0375,0.0388,0.000213,0.129,0.459,144.835,148751.0
Pink Floyd-Wish You Were Here,Wish You Were Here,album,0.481,0.262,7.0,-15.73,0.0414,0.735,0.0114,0.832,0.375,122.861,334744.0
Nate Dogg-Keep It G.A.N.G.S.T.A. (feat. Lil' Mo & Xzibit),Music and Me,album,0.818,0.433,5.0,-6.398,0.209,0.0939,0.0,0.0967,0.677,90.096,245027.0
Usher-DJ Got Us Fallin' In Love (feat. Pitbull),Raymond v Raymond (Expanded Edition),album,0.663,0.861,7.0,-3.398,0.109,0.0338,0.0,0.082,0.654,119.963,220800.0
Red Hot Chili Peppers-Under the Bridge,Blood Sugar Sex Magik (Deluxe Edition),album,0.559,0.345,4.0,-13.496,0.0459,0.0576,0.000105,0.141,0.458,84.581,264307.0
Chris Brown-No Guidance (feat. Drake),Indigo,album,0.696,0.454,1.0,-6.756,0.153,0.123,0.0,0.155,0.136,92.928,260640.0
U2-Vertigo,How To Dismantle An Atomic Bomb,album,0.416,0.819,9.0,-3.974,0.0613,0.000138,0.00108,0.147,0.632,140.083,193520.0
Alka Yagnik-Ladki Badi Anjani Hai,Kuch Kuch Hota Hai,album,0.637,0.774,7.0,-9.327,0.056,0.522,0.0001,0.0901,0.731,121.108,381707.0
"Stevie Wonder-Signed, Sealed, Delivered (I'm Yours)","Signed, Sealed And Delivered",album,0.675,0.597,5.0,-11.329,0.0337,0.0534,0.0,0.0986,0.828,108.875,161160.0
AC/DC-Dirty Deeds Done Dirt Cheap,Dirty Deeds Done Dirt Cheap,album,0.668,0.906,11.0,-4.881,0.17,0.214,0.00245,0.135,0.507,135.653,231933.0
Eagles-Peaceful Easy Feeling - 2013 Remaster,Eagles (2013 Remaster),album,0.568,0.634,4.0,-12.336,0.0282,0.494,0.00281,0.252,0.866,142.686,257963.0
The Notorious B.I.G.-Hypnotize - 2014 Remaster,Life After Death (2014 Remastered Edition),album,0.901,0.697,9.0,-3.439,0.28,0.145,0.0,0.287,0.67,93.941,229827.0
David Bowie-Space Oddity - 2015 Remaster,David Bowie (aka Space Oddity) [2015 Remaster],album,0.31,0.403,0.0,-13.664,0.0326,0.0726,9.27e-05,0.139,0.466,134.48,318027.0
David Bowie-Rebel Rebel - 2016 Remaster,Diamond Dogs (2016 Remaster),album,0.635,0.686,9.0,-15.648,0.053,0.209,0.0176,0.282,0.464,125.988,274747.0
Ludacris-Act A Fool,The Source Presents Hip Hop Hits Vol. 7,compilation,0.568,0.894,0.0,-3.301,0.332,0.152,0.0,0.209,0.778,109.939,272320.0
Eagles-Tequila Sunrise - 2013 Remaster,Desperado (2013 Remaster),album,0.632,0.397,7.0,-12.855,0.0265,0.536,0.0421,0.106,0.731,110.578,173057.0
Marc Anthony-Tu Amor Me Hace Bien - Salsa Version,Valio La Pena,album,0.691,0.658,0.0,-6.496,0.0359,0.398,4.58e-05,0.112,0.617,97.68,300160.0
MF DOOM-Hoe Cakes,MM...FOOD,album,0.511,0.613,1.0,-6.371,0.321,0.0987,0.0,0.144,0.95,92.184,234147.0
SICK LEGEND-SUMMER TIME SADNESS HARDSTYLE,SUMMER TIME SADNESS HARDSTYLE,single,0.49,0.824,1.0,-6.326,0.158,0.0888,1.48e-05,0.363,0.32,166.837,104910.0
Green Day-American Idiot,American Idiot,album,0.38,0.988,1.0,-2.042,0.0639,2.64e-05,7.86e-05,0.368,0.769,186.113,176346.0
Marc Anthony-De Vuelta Pa' La Vuelta,De Vuelta Pa' La Vuelta,single,0.665,0.94,5.0,-3.606,0.0553,0.434,0.0,0.0914,0.752,93.725,231593.0
Pharrell Williams-Hit Different,Hit Different,single,0.679,0.516,0.0,-6.371,0.0452,0.199,0.0,0.0965,0.716,120.074,202008.0
Yuvan Shankar Raja-Venmegam,Yaaradi Nee Mohini (Original Motion Picture Soundtrack),album,0.803,0.426,3.0,-11.54,0.0742,0.418,2.23e-05,0.11,0.556,114.945,274853.0
Hans Zimmer-Time,Inception (Music from the Motion Picture),album,0.286,0.0968,7.0,-16.806,0.0323,0.178,0.696,0.0861,0.0395,62.881,275556.0
Nate Dogg-Nobody Does It Better,The Prodigal Son (Digitally Remastered),album,0.736,0.517,0.0,-9.775,0.053,0.416,0.0,0.138,0.116,92.048,270427.0
Ludacris-Money Maker,Release Therapy,album,0.551,0.598,1.0,-6.79,0.27,0.15,0.0,0.299,0.612,78.756,230613.0
David Bowie-Ziggy Stardust - 2012 Remaster,The Rise and Fall of Ziggy Stardust and the Spiders from Mars (2012 Remaster),album,0.515,0.554,7.0,-11.616,0.0784,0.0478,0.0,0.219,0.509,80.146,193880.0
Beyoncé-ENERGY (feat. Beam),RENAISSANCE,album,0.903,0.519,1.0,-9.151,0.26,0.281,0.000106,0.155,0.587,114.991,116727.0
Linkin Park-Numb / Encore,Numb / Encore: MTV Ultimate Mash-Ups Presents Collision Course,single,0.687,0.793,2.0,-4.254,0.166,0.0603,0.0,0.582,0.751,107.045,205733.0
Whitney Houston-Higher Love,Golden Hour,album,0.693,0.678,8.0,-7.159,0.0324,0.0151,5.71e-06,0.101,0.404,103.952,228267.0
Red Hot Chili Peppers-Otherside,Californication (Deluxe Edition),album,0.458,0.795,0.0,-3.265,0.0574,0.00316,0.000202,0.0756,0.513,123.229,255373.0
Yuvan Shankar Raja-High On Love,"High On Love (From ""Pyaar Prema Kaadhal"" Original Motion Picture Soundtrack)",single,0.627,0.779,4.0,-4.944,0.0392,0.214,9.34e-06,0.112,0.619,149.929,240169.0
Pritam-Kabira,Yeh Jawaani Hai Deewani,album,0.59,0.555,2.0,-6.861,0.0271,0.481,0.0,0.192,0.191,84.027,223460.0
AC/DC-Shoot to Thrill,Back In Black,album,0.457,0.904,2.0,-5.303,0.0747,0.000239,0.0879,0.396,0.48,141.038,317427.0
Radiohead-Just,The Bends,album,0.291,0.767,7.0,-6.913,0.0862,0.000401,0.012,0.0763,0.359,175.702,234800.0
Juanes-La Camisa Negra,Mi Sangre,album,0.751,0.731,6.0,-4.419,0.0308,0.0838,0.0,0.0556,0.973,97.007,216707.0
Mariah Carey-Without You,Music Box,album,0.576,0.526,6.0,-8.524,0.0325,0.323,2.01e-06,0.0548,0.147,122.06,213667.0
Bob Marley & The Wailers-Jamming,Exodus,album,0.935,0.479,11.0,-10.981,0.306,0.107,5.25e-05,0.118,0.773,123.644,211000.0
DVRST-Dream Space - Sped Up,Dream Space (Sped Up),single,0.756,0.706,9.0,-5.765,0.155,0.0395,0.00178,0.609,0.345,130.016,142447.0
Outkast-Rosa Parks,Aquemini,album,0.792,0.701,6.0,-7.198,0.283,0.105,0.0,0.761,0.251,103.89,324373.0
Camilo-Tattoo - Remix with Camilo,Afrodisíaco,album,0.721,0.637,9.0,-5.134,0.286,0.0406,0.0,0.0525,0.691,193.922,222680.0
Silk Sonic-After Last Night (with Thundercat & Bootsy Collins),An Evening With Silk Sonic,album,0.651,0.703,0.0,-8.958,0.0816,0.0297,0.0,0.0608,0.647,140.051,249444.0
Green Day-21 Guns,21st Century Breakdown,album,0.268,0.742,5.0,-4.939,0.0355,0.0518,0.0,0.626,0.416,159.779,321093.0
Eden Muñoz-Te Vale Madre,Te Vale Madre,single,0.56,0.583,9.0,-4.713,0.0291,0.614,0.0,0.263,0.823,150.115,151600.0
Tory Lanez-I LIKE,I LIKE,single,0.744,0.448,4.0,-10.426,0.291,0.365,0.0,0.194,0.279,118.027,133521.0
T-Pain-Turn All the Lights On (feat. Ne-Yo),Revolver (Expanded Edition),album,0.699,0.805,6.0,-3.05,0.0595,0.0383,0.0,0.502,0.722,127.009,216440.0
Tz da Coronel-Vitória Dobrada,Vitória Dobrada,single,0.647,0.642,3.0,-5.869,0.0838,0.573,0.0,0.218,0.691,154.988,154839.0
Ana Castela-Reverse,Reverse,single,0.76,0.768,11.0,-3.915,0.102,0.233,0.0,0.0893,0.907,147.835,120405.0
Alicia Keys-If I Ain't Got You,The Diary Of Alicia Keys,album,0.609,0.444,7.0,-9.129,0.106,0.603,6.86e-06,0.104,0.166,118.402,228707.0
Nate Dogg-I Got Love (feat. Nate Dogg),I Got Love (feat. Nate Dogg),single,0.849,0.955,1.0,-1.862,0.153,0.286,0.000862,0.0604,0.545,122.984,159024.0
Pink Floyd-The Great Gig in the Sky,The Dark Side of the Moon,album,0.274,0.217,5.0,-13.814,0.0345,0.767,0.896,0.0832,0.181,116.334,283872.0
Chris Brown-Nostálgico,Nostálgico,single,0.734,0.846,9.0,-3.425,0.0489,0.166,1.74e-06,0.235,0.604,98.026,209884.0
Nate Dogg-Your Wife (feat. Dr. Dre),Music and Me,album,0.859,0.342,7.0,-5.789,0.117,0.0127,0.00373,0.056,0.395,97.08,219493.0
INTERWORLD-FALLEN,FALLEN,single,0.637,0.689,8.0,-7.755,0.0705,0.278,0.385,0.121,0.154,135.061,156755.0
The Cure-Just like Heaven,"Kiss Me, Kiss Me, Kiss Me",album,0.43,0.971,9.0,-3.845,0.0524,0.0271,2.16e-05,0.185,0.764,151.219,212000.0
Camilo-El Mismo Aire - con Pablo Alborán,El Mismo Aire (con Pablo Alborán),single,0.483,0.492,0.0,-6.591,0.295,0.603,0.0,0.323,0.66,144.511,188213.0
Juanes-506,SI AYER FUERA HOY,album,0.543,0.876,0.0,-4.889,0.0494,0.00811,0.0,0.338,0.637,142.995,180552.0
U2-I Still Haven't Found What I'm Looking For,The Joshua Tree (Super Deluxe),album,0.564,0.774,1.0,-9.424,0.0368,0.0135,0.00191,0.0861,0.657,100.894,277477.0
Jhené Aiko-While We're Young,Trip,album,0.649,0.791,2.0,-6.013,0.193,0.104,1.97e-06,0.108,0.811,128.023,236160.0
"Johann Sebastian Bach-Violin Concerto No. 1 in A minor, BWV 1041: I. (Allegro moderato)",J.S. Bach: Violin Concertos Nos. 1 & 2; Partita No. 2,album,0.499,0.351,9.0,-11.509,0.0448,0.951,9.94e-05,0.118,0.616,90.664,235947.0
Dr. Dre-Still D.R.E.,2001,album,0.816,0.775,11.0,-3.323,0.234,0.16,0.00031,0.0543,0.527,93.431,270587.0
"Alejandro Sanz-Te lo agradezco, pero no (feat. Shakira)",El tren de los momentos,album,0.76,0.689,2.0,-5.967,0.102,0.56,0.0,0.0662,0.699,149.993,273373.0
SICK LEGEND-MIDDLE OF THE NIGHT - HARDSTYLE REMIX,MIDDLE OF THE NIGHT - HARDSTYLE REMIX,single,0.292,0.692,2.0,-7.198,0.0376,0.000118,0.000354,0.382,0.0544,185.467,175147.0
Eagles-Take It Easy - 2013 Remaster,Eagles (2013 Remaster),album,0.575,0.67,7.0,-10.39,0.0318,0.343,4.95e-06,0.129,0.74,139.191,211578.0
Daft Punk-Instant Crush (feat. Julian Casablancas),Random Access Memories,album,0.775,0.585,10.0,-9.516,0.0271,0.0422,0.619,0.077,0.518,109.942,337560.0
The Notorious B.I.G.-Suicidal Thoughts - 2005 Remaster,Ready to Die (The Remaster; 2015 Remaster),album,0.604,0.501,5.0,-10.171,0.425,0.466,9.09e-06,0.091,0.0956,78.61,170213.0
MGMT-Congratulations,Congratulations,album,0.761,0.637,7.0,-8.169,0.0268,0.439,0.0082,0.102,0.656,125.115,235387.0
Beyoncé-Crazy In Love (feat. Jay-Z),Dangerously In Love,album,0.646,0.77,2.0,-6.596,0.226,0.00249,0.0,0.0715,0.681,99.165,236133.0
U2-Sweetest Thing,The Joshua Tree (Super Deluxe),album,0.524,0.641,0.0,-8.967,0.0497,0.0437,2.78e-05,0.159,0.482,141.65,184543.0
Eminem-Without Me,The Eminem Show,album,0.908,0.669,7.0,-2.827,0.0738,0.00286,0.0,0.237,0.662,112.238,290320.0
Dr. Dre-The Next Episode,2001,album,0.922,0.909,10.0,-2.429,0.27,0.0281,0.0,0.0856,0.309,95.295,161507.0
Hans Zimmer-First Step,Interstellar (Original Motion Picture Soundtrack) [Expanded Edition],album,0.163,0.084,9.0,-19.007,0.0329,0.433,0.95,0.102,0.0345,71.028,107767.0
Coldplay-My Universe,Music Of The Spheres,album,0.573,0.711,1.0,-6.268,0.0406,0.0114,0.0,0.328,0.47,105.006,226198.0
Mari Fernandez-Quando Tem Sentimento,Quando Tem Sentimento,album,0.449,0.833,0.0,-4.142,0.0374,0.446,0.0,0.0922,0.702,149.009,188558.0
Oscar Maydon-Falso,Falso,single,0.641,0.805,6.0,-6.611,0.0312,0.101,0.0,0.344,0.675,96.037,234189.0
Eminem-Love The Way You Lie,Recovery,album,0.749,0.925,10.0,-5.034,0.227,0.241,0.0,0.52,0.641,86.989,263373.0
DVRST-Always Want Me,Always Want Me,single,0.73,0.775,1.0,-8.159,0.213,0.082,0.0438,0.189,0.351,127.98,130333.0
Pearl Jam-Yellow Ledbetter,Jeremy,single,0.504,0.354,4.0,-11.3,0.0339,0.29,4.71e-06,0.157,0.292,140.87,303587.0
Alejandro Fernández-Canta Corazón,A Corazón Abierto,album,0.724,0.715,10.0,-7.738,0.0504,0.425,0.0,0.0746,0.832,104.06,254600.0
Pink Floyd-Us and Them,The Dark Side of the Moon,album,0.357,0.302,2.0,-14.526,0.0303,0.862,0.559,0.634,0.135,72.518,469224.0
BoyWithUke-Understand,Serotonin Dreams,album,0.828,0.658,6.0,-6.19,0.14,0.81,1.06e-06,0.277,0.917,103.051,171947.0
Farruko-Fantasias,Fantasias,single,0.879,0.703,1.0,-4.219,0.0701,0.143,0.0,0.0569,0.788,94.004,199711.0
Plan B-Candy,Love And Sex,album,0.897,0.864,11.0,-3.735,0.147,0.252,0.0,0.517,0.542,95.981,207627.0
21 Savage-Knife Talk (with 21 Savage ft. Project Pat),Certified Lover Boy,album,0.849,0.424,5.0,-9.579,0.324,0.0635,0.0,0.0834,0.153,145.887,242966.0
Michael Jackson-Rock with You - Single Version,Off the Wall,album,0.808,0.535,1.0,-12.521,0.0353,0.179,9.91e-05,0.158,0.848,114.031,220627.0
Red Hot Chili Peppers-Can't Stop,By the Way (Deluxe Edition),album,0.618,0.938,9.0,-3.442,0.0456,0.0179,0.0,0.167,0.875,91.455,269000.0
Aerosmith-Rag Doll,Permanent Vacation,album,0.579,0.954,4.0,-3.947,0.0558,0.583,0.0,0.139,0.583,93.448,265693.0
Jhené Aiko-Never Call Me,Trip,album,0.48,0.309,2.0,-10.238,0.225,0.874,1.28e-06,0.101,0.131,99.136,270547.0
Tory Lanez-Lady Of Namek,Alone At Prom,album,0.676,0.659,11.0,-5.123,0.0476,0.194,0.0,0.283,0.595,134.985,193994.0
Linkin Park-One Step Closer,Hybrid Theory (Bonus Edition),album,0.492,0.969,9.0,-4.419,0.0491,0.0014,1.32e-06,0.0787,0.538,95.136,157333.0
Luis Miguel-La Incondicional,Busca Una Mujer,album,0.374,0.727,10.0,-4.352,0.0309,0.237,0.0,0.134,0.283,155.127,257027.0
BoyWithUke-Sick of U (with Oliver Tree),Sick of U,single,0.676,0.814,0.0,-3.213,0.0585,0.277,0.0,0.0953,0.601,92.554,168676.0
ENHYPEN-FEVER,BORDER : CARNIVAL,single,0.6,0.713,6.0,-5.079,0.0592,0.0642,0.0,0.142,0.471,72.999,172107.0
PinkPantheress-Picture in my mind,Picture in my mind,single,0.73,0.645,2.0,-6.506,0.348,0.587,0.0,0.0937,0.772,128.519,176931.0
Stevie Wonder-Sir Duke,Songs In The Key Of Life,album,0.588,0.568,6.0,-9.766,0.0672,0.16,0.0,0.0792,0.952,106.938,232760.0
"Aerosmith-I Don't Want To Miss A Thing - From ""Armageddon"" Soundtrack",I Don't Want To Miss A Thing EP,single,0.39,0.649,2.0,-5.163,0.0345,0.172,0.0,0.216,0.144,121.161,299723.0
Beyoncé-Drunk in Love (feat. Jay-Z),BEYONCÉ [Platinum Edition],album,0.583,0.621,5.0,-6.902,0.0479,0.00972,0.00106,0.181,0.399,140.036,323480.0
Bee Gees-More Than A Woman - SG's Paradise Edit,More Than A Woman (SG's Paradise Edit),single,0.679,0.762,10.0,-4.253,0.0316,0.00469,0.23,0.0446,0.511,105.407,357936.0
Mariah Carey-Hero,Music Box,album,0.501,0.378,4.0,-9.37,0.029,0.735,0.0,0.119,0.178,119.987,257733.0
System Of A Down-Violent Pornography,Mezmerize,album,0.459,0.958,6.0,-2.333,0.0877,0.0283,0.0,0.108,0.586,142.707,211333.0
Outkast-B.O.B. - Bombs Over Baghdad,Stankonia,album,0.746,0.978,9.0,-5.324,0.0978,0.0555,4.11e-05,0.026,0.653,153.809,304227.0
Jack Johnson-Gone,On And On,album,0.816,0.338,11.0,-11.989,0.0471,0.832,0.00104,0.119,0.756,97.027,130013.0
Slipknot-Unsainted,We Are Not Your Kind,album,0.427,0.946,7.0,-2.188,0.0469,0.000118,0.0253,0.0604,0.237,101.305,260773.0
The Offspring-The Kids Aren't Alright,Americana,album,0.523,0.943,1.0,-4.203,0.0337,0.00704,3.81e-05,0.0579,0.766,99.607,180160.0
INTERWORLD-METAMORPHOSIS - Sped Up,METAMORPHOSIS (Sped Up),single,0.679,0.69,11.0,-10.582,0.0732,0.472,0.904,0.181,0.136,112.478,110936.0
T-Pain-I'm Sprung,Rappa Ternt Sanga (Expanded Edition),album,0.728,0.327,0.0,-11.596,0.0999,0.0948,0.0,0.103,0.195,100.0,231040.0
d4vd-NEVER AGAIN,NEVER AGAIN,single,0.418,0.37,2.0,-10.701,0.0362,0.913,0.00267,0.219,0.232,132.755,101632.0
Alicia Keys-Fallin',Songs In A Minor,album,0.652,0.609,11.0,-7.519,0.037,0.263,0.00101,0.233,0.482,95.986,210200.0
Daft Punk-Veridis Quo,Discovery,album,0.605,0.687,9.0,-13.928,0.045,0.479,0.949,0.104,0.12,106.896,345187.0
Alicia Keys-Underdog,ALICIA,album,0.657,0.726,0.0,-4.74,0.0458,0.542,0.0,0.137,0.282,90.105,204400.0
John Mayer-XO,XO,single,0.431,0.377,2.0,-9.753,0.0288,0.749,0.0,0.211,0.353,173.67,213627.0
Michael Jackson-They Don't Care About Us,"HIStory - PAST, PRESENT AND FUTURE - BOOK I",album,0.859,0.905,0.0,-5.539,0.129,0.205,0.00837,0.322,0.731,89.946,284160.0
Daddy Yankee-Gasolina,Barrio Fino (Bonus Track Version),album,0.852,0.797,0.0,-6.543,0.0614,0.322,2.69e-06,0.0845,0.741,96.008,192600.0
David Bowie-Heroes - 2017 Remaster,"""Heroes"" (2017 Remaster)",album,0.489,0.758,7.0,-6.491,0.0297,0.000678,0.49,0.092,0.435,112.113,371413.0
Usher-Confessions Part II,Confessions (Expanded Edition),album,0.845,0.467,1.0,-7.674,0.138,0.0586,0.0,0.0694,0.702,138.007,211200.0
Black Eyed Peas-Pump It,Monkey Business,album,0.649,0.931,1.0,-3.15,0.181,0.0093,0.0,0.751,0.744,153.645,213067.0
Muse-Psycho,Drones,album,0.555,0.883,2.0,-3.426,0.0341,0.00114,0.041,0.868,0.507,125.02,316718.0
MF DOOM-Doomsday,Operation: Doomsday (Complete),album,0.856,0.84,6.0,-7.736,0.334,0.0973,0.0,0.0773,0.792,95.416,298053.0
Green Day-Basket Case,Dookie,album,0.442,0.943,3.0,-3.205,0.0602,0.00293,8.71e-06,0.091,0.781,85.064,181533.0
Tory Lanez-Say It,I Told You,album,0.546,0.529,11.0,-10.511,0.0583,0.0862,6.5e-06,0.124,0.247,107.331,237787.0
Chris Brown-With You,Exclusive (Expanded Edition),album,0.662,0.693,3.0,-4.298,0.0698,0.134,0.0,0.145,0.655,86.009,252120.0
Eden Muñoz-Mientes Tan Bien,Consejos Gratis,album,0.748,0.41,7.0,-9.899,0.045,0.645,0.00438,0.201,0.84,140.165,232179.0
A.R. Rahman-Enna Sona,OK Jaanu (Original Motion Picture Soundtrack),album,0.717,0.416,7.0,-9.875,0.0303,0.635,1.43e-06,0.0976,0.381,100.026,213632.0
Alejandro Sanz-Himno A La Alegría,Himno A La Alegría,single,0.304,0.328,2.0,-10.311,0.0351,0.56,0.0,0.116,0.243,119.675,307474.0
"Johann Sebastian Bach-Unaccompanied Cello Suite No. 1 in G major, BWV 1007: I. Prélude",Six Evolutions - Bach: Cello Suites,album,0.326,0.0993,7.0,-22.496,0.072,0.988,0.916,0.108,0.417,137.274,150973.0
Gorillaz-Feel Good Inc.,Demon Days,album,0.818,0.705,6.0,-6.679,0.177,0.00836,0.00233,0.613,0.772,138.559,222640.0
The Offspring-Pretty Fly (For A White Guy),Americana,album,0.723,0.895,11.0,-3.707,0.102,0.088,0.0,0.0717,0.963,143.373,188667.0
Nate Dogg-Music & Me,Music and Me,album,0.905,0.414,8.0,-8.112,0.0615,0.105,0.000366,0.0914,0.758,99.133,240627.0
Tory Lanez-The Color Violet,Alone At Prom,album,0.645,0.534,6.0,-10.8,0.0479,0.157,0.0,0.0863,0.463,105.02,226467.0
"Bee Gees-How Deep Is Your Love - From ""Saturday Night Fever"" Soundtrack",How Can You Mend A Broken Heart,album,0.594,0.5,5.0,-5.586,0.0255,0.076,9.86e-05,0.184,0.537,104.996,241093.0
BoyWithUke-LoveSick,Faded,single,0.864,0.535,9.0,-8.959,0.257,0.794,0.0,0.113,0.842,112.491,146153.0
Enrique Iglesias-El Perdedor,SEX AND LOVE (Deluxe),album,0.487,0.478,8.0,-5.91,0.0536,0.704,0.0,0.121,0.288,137.799,191427.0
T-Pain-Booty Wurk (One Cheek At a Time) (feat. Joey Galaxy),Happy Hour: The Greatest Hits,compilation,0.786,0.689,1.0,-6.113,0.315,0.00931,1.14e-06,0.214,0.874,157.936,235307.0
PinkPantheress-I must apologise,to hell with it,album,0.616,0.856,9.0,-6.098,0.0457,0.516,0.0652,0.245,0.75,157.109,108373.0
Pritam-Raabta,Agent Vinod,album,0.657,0.581,0.0,-8.108,0.0298,0.699,1.82e-05,0.116,0.323,118.037,243578.0
Ludacris-What's Your Fantasy (Featuring Shawna),Back For The First Time,album,0.915,0.79,6.0,-3.186,0.207,0.16,0.0,0.112,0.967,140.095,275907.0
Korn-Coming Undone,See You On the Other Side,album,0.687,0.677,2.0,-4.172,0.0508,0.000643,0.000137,0.0564,0.545,75.052,199773.0
Camilo-Aeropuerto,De Adentro Pa Afuera,album,0.69,0.58,0.0,-4.395,0.199,0.0328,0.0,0.328,0.708,197.635,177627.0
Green Day-Brain Stew,Insomniac,album,0.559,0.543,1.0,-5.429,0.302,0.00133,2e-05,0.0577,0.337,75.958,193000.0
Madonna-Hung Up,Confessions on a Dance Floor,album,0.649,0.647,9.0,-7.695,0.0452,0.0039,0.161,0.0686,0.405,125.02,337733.0
Daft Punk-Lose Yourself to Dance (feat. Pharrell Williams),Random Access Memories,album,0.832,0.659,10.0,-7.828,0.057,0.0839,0.00114,0.0753,0.674,100.163,353893.0
Farruko-Si Se Da - Remix,Si Se da Remix,single,0.817,0.672,11.0,-5.612,0.299,0.441,0.0,0.13,0.774,93.999,332240.0
Ana Castela-Pipoco,Pipoco,single,0.774,0.742,8.0,-4.178,0.0766,0.473,0.000472,0.342,0.736,134.991,194023.0
Rosa Linn-SNAP - Acoustic,SNAP PACK,single,0.49,0.378,0.0,-4.644,0.0379,0.55,0.0,0.101,0.114,74.21,208066.0
Alka Yagnik-Kuch Kuch Hota Hai,Kuch Kuch Hota Hai,album,0.547,0.554,7.0,-11.165,0.0374,0.602,0.000155,0.0735,0.848,91.386,297867.0
Billy Joel-Piano Man,Piano Man (Legacy Edition),album,0.331,0.55,0.0,-6.483,0.0272,0.605,3.96e-06,0.192,0.429,177.734,339000.0
Pharrell Williams-Down In Atlanta,Down In Atlanta,single,0.851,0.819,7.0,-5.173,0.212,0.337,0.000153,0.0658,0.903,83.154,164041.0
Whitney Houston-I Wanna Dance with Somebody (Who Loves Me),Whitney,album,0.709,0.824,1.0,-8.824,0.0453,0.207,0.000307,0.0888,0.867,118.818,291293.0
Maná-Te Lloré Un Río,Te Lloré Un Río,single,0.84,0.638,1.0,-7.003,0.0324,0.278,0.000146,0.173,0.807,118.005,230811.0
"Johann Sebastian Bach-Cello Suite No. 1 in G Major, BWV 1007: I. Prélude",Bach: Unaccompanied Cello Suites (Remastered),album,0.257,0.109,7.0,-21.356,0.0597,0.9,0.867,0.0762,0.307,75.02,151480.0
Pink Floyd-Time,The Dark Side of the Moon,album,0.359,0.48,9.0,-11.79,0.0841,0.521,0.0043,0.178,0.355,120.285,413947.0
Enrique Iglesias-Hero,Escape,album,0.581,0.651,7.0,-5.617,0.0392,0.143,1.05e-05,0.107,0.146,151.959,264600.0
Gorillaz-Cracker Island (feat. Thundercat),Cracker Island (feat. Thundercat),single,0.741,0.913,2.0,-3.34,0.0465,0.00343,0.103,0.325,0.643,120.012,213750.0
Enrique Iglesias-DUELE EL CORAZON (feat. Wisin),FINAL (Vol.1),album,0.72,0.909,8.0,-3.258,0.0952,0.0904,0.0,0.137,0.877,91.022,199693.0
Camilo-KESI - Remix,KESI (Remix),single,0.871,0.815,4.0,-4.439,0.0477,0.127,6.18e-06,0.094,0.823,122.959,176575.0
Pink Floyd-Hey You,The Wall,album,0.587,0.302,0.0,-14.976,0.0293,0.223,0.00216,0.128,0.19,112.46,278441.0
21 Savage-Jimmy Cooks (feat. 21 Savage),"Honestly, Nevermind",album,0.529,0.673,0.0,-4.711,0.175,0.000307,2.41e-06,0.093,0.366,165.921,218365.0
blink-182-Stay Together For The Kids,Take Off Your Pants And Jacket,album,0.519,0.78,2.0,-4.939,0.0356,0.00165,2.14e-05,0.156,0.166,145.125,239333.0
Jack Johnson-Banana Pancakes,In Between Dreams,album,0.816,0.375,7.0,-8.053,0.0996,0.607,8.66e-06,0.0933,0.615,114.303,191907.0
The Cure-The Lovecats,Japanese Whispers,compilation,0.748,0.569,9.0,-12.975,0.0752,0.459,1.21e-06,0.364,0.967,91.833,220093.0
Chris Brown-Wet The Bed (feat. Ludacris),F.A.M.E. (Expanded Edition),album,0.58,0.66,6.0,-7.405,0.0429,0.0166,0.0,0.174,0.411,123.801,266307.0
Camilo-Color Esperanza 2020,Color Esperanza 2020,single,0.591,0.785,9.0,-7.768,0.161,0.161,0.0,0.126,0.785,106.002,217547.0
Mari Fernandez-Comunicação Falhou - Ao Vivo,Ao Vivo em Fortaleza,album,0.612,0.882,5.0,-2.66,0.0501,0.416,0.0,0.676,0.793,145.974,180411.0
Luis Miguel-No Sé Tú,Romance,album,0.389,0.443,10.0,-8.546,0.0304,0.571,0.00178,0.114,0.0888,76.54,229853.0
JAY-Z-Gotta Have It,Watch The Throne (Deluxe),album,0.74,0.574,4.0,-6.938,0.245,0.411,0.0,0.262,0.33,149.762,140747.0
Muse-Plug in Baby,Origin of Symmetry,album,0.408,0.965,2.0,-4.232,0.05,6.94e-06,0.000402,0.11,0.349,136.018,218000.0
The Rolling Stones-Angie,Goats Head Soup (Remastered 2009),album,0.429,0.554,9.0,-6.128,0.0291,0.67,0.000152,0.105,0.407,136.302,272000.0
Christina Aguilera-Feel This Moment (feat. Christina Aguilera),Global Warming: Meltdown (Deluxe Version),album,0.673,0.758,7.0,-3.632,0.158,0.039,0.0,0.341,0.542,135.956,229507.0
Ana Castela-Bombonzinho - Ao Vivo,Bombonzinho (Ao Vivo),single,0.651,0.947,1.0,-3.669,0.0539,0.305,0.0,0.92,0.722,158.046,154702.0
Die drei ???-Teil 10 - Das Geheimnis der Geisterinsel,Das Geheimnis der Geisterinsel,album,0.415,0.743,1.0,-9.428,0.836,0.181,0.0,0.339,0.376,175.024,180008.0
Michael Jackson-Beat It,Thriller,album,0.776,0.711,3.0,-9.03,0.0473,0.0242,0.000353,0.234,0.901,138.728,258400.0
Whitney Houston-How Will I Know,"I Wanna Dance With Somebody (The Movie: Whitney New, Classic and Reimagined)",album,0.758,0.683,6.0,-5.465,0.0399,0.153,1.54e-06,0.242,0.663,119.001,213295.0
Stevie Wonder-Part-Time Lover,In Square Circle,album,0.662,0.624,10.0,-13.606,0.0417,0.165,0.0,0.0674,0.961,174.513,252560.0
blink-182-EDGING,EDGING,single,0.606,0.905,5.0,-3.117,0.0518,0.0044,0.0,0.151,0.706,143.952,151533.0
Nate Dogg-Shake That (Remix),Eminem Presents The Re-Up,compilation,0.945,0.701,8.0,-3.749,0.158,0.0872,3.32e-06,0.147,0.617,107.036,179560.0
Jhené Aiko-Blue Dream,Souled Out (Deluxe),album,0.586,0.404,9.0,-11.94,0.0494,0.506,0.165,0.0821,0.369,133.901,217027.0
"Hans Zimmer-This Land - From ""The Lion King""/Score",The Lion King,compilation,0.145,0.174,7.0,-19.155,0.0396,0.516,0.633,0.0784,0.132,100.089,175400.0
Radiohead-Weird Fishes/ Arpeggi,In Rainbows,album,0.531,0.61,11.0,-8.025,0.0387,0.772,0.756,0.0908,0.199,152.958,318187.0
Alejandro Fernández-Como Quien Pierde una Estrella,Que Seas Muy Feliz,album,0.439,0.35,10.0,-11.088,0.0302,0.642,6.4e-05,0.115,0.568,163.113,213733.0
Alejandro Sanz-Corazón partío,Más,album,0.648,0.846,0.0,-6.731,0.0424,0.199,4.23e-06,0.0803,0.815,160.075,343413.0
P!nk-What About Us,Beautiful Trauma,album,0.491,0.588,1.0,-6.177,0.0506,0.0281,2.01e-06,0.0906,0.193,113.608,269600.0
Bob Marley & The Wailers-Could You Be Loved,Uprising,album,0.916,0.72,0.0,-8.548,0.1,0.36,0.00016,0.0958,0.76,103.312,237000.0
Bon Jovi-Bed Of Roses,Keep The Faith,album,0.309,0.596,5.0,-5.599,0.0293,0.101,0.0,0.21,0.161,164.587,394400.0
Kordhell-Murder In My Mind - Sped Up,Murder In My Mind (Sped Up),single,0.598,0.994,2.0,-0.89,0.404,0.00364,0.0617,0.397,0.151,151.135,115200.0
Jhené Aiko-P*$$Y Fairy (OTW),P*$$Y Fairy (OTW),single,0.572,0.519,2.0,-7.092,0.212,0.536,0.0,0.102,0.35,128.331,181860.0