Artist,Track,Album,Album_type,Danceability,Energy,Key,Loudness,Speechiness,Acousticness,Instrumentalness,Liveness,Valence,Tempo,Duration_ms,Title,Channel,Views,Likes,Comments,Licensed,official_video,Stream
blink-182,All The Small Things,Enema Of The State,album,0.434,0.897,0.0,-4.918,0.0488,0.0103,0.0,0.612,0.684,148.726,167067.0,blink-182 - All The Small Things (Official Music Video),blink182VEVO,332704458.0,1581923.0,60906.0,True,True,798081462.0
blink-182,I Miss You,blink-182,album,0.664,0.781,11.0,-6.547,0.0339,0.00103,5.33e-06,0.0867,0.593,110.0,227240.0,blink-182 - I Miss You (Official Video),blink182VEVO,351164165.0,1840581.0,94913.0,True,True,
blink-182,What's My Age Again?,Enema Of The State,album,0.391,0.951,6.0,-7.419,0.0692,0.0126,0.000378,0.0878,0.468,157.66,148360.0,blink-182 - What's My Age Again? (Official Music Video),blink182VEVO,91222822.0,498740.0,28347.0,True,True,521711460.0
blink-182,First Date,Take Off Your Pants And Jacket,album,0.579,0.928,0.0,-4.344,0.0411,0.000715,0.0,0.18,0.882,95.594,171533.0,blink-182 - First Date (Official Video),blink182VEVO,199905842.0,914915.0,34692.0,True,True,324986783.0
blink-182,Adam's Song,Enema Of The State,album,0.52,0.775,0.0,-5.803,0.0348,0.034,0.0,0.364,0.382,136.028,249627.0,blink-182 - Adam's Song,blink182VEVO,146038465.0,596518.0,40763.0,True,True,243561772.0
blink-182,Dammit,Dude Ranch,album,0.426,0.972,0.0,-5.122,0.0954,0.0017,0.0,0.171,0.341,111.221,165373.0,blink-182 - Dammit,blink182VEVO,77978075.0,297202.0,19357.0,True,True,219251033.0
blink-182,The Rock Show,Take Off Your Pants And Jacket,album,0.41,0.959,9.0,-4.563,0.0869,0.000324,0.0,0.0766,0.83,193.155,171600.0,blink-182 - The Rock Show,blink182VEVO,81675630.0,292705.0,13654.0,True,True,179613789.0
blink-182,Feeling This,blink-182,album,0.411,0.962,4.0,-5.952,0.0917,0.103,0.0,0.529,0.622,173.143,172646.0,blink-182 - Feeling This (Official Video),blink182VEVO,68581920.0,264005.0,15058.0,True,True,138444397.0
blink-182,Stay Together For The Kids,Take Off Your Pants And Jacket,album,0.519,0.78,2.0,-4.939,0.0356,0.00165,2.14e-05,0.156,0.166,145.125,239333.0,blink-182 - Stay Together For The Kids,blink182VEVO,89303151.0,398587.0,20026.0,True,True,105326686.0
blink-182,EDGING,EDGING,single,0.606,0.905,5.0,-3.117,0.0518,0.0044,0.0,0.151,0.706,143.952,151533.0,blink-182 - EDGING (Official Video),blink182VEVO,13377823.0,308826.0,23907.0,True,True,23876669.0
U2,With Or Without You - Remastered,The Joshua Tree (Super Deluxe),album,0.54,0.429,2.0,-11.822,0.0285,0.000202,0.355,0.141,0.113,110.171,295516.0,U2 - With Or Without You (Official Music Video),U2VEVO,112720876.0,762547.0,18001.0,True,True,803376048.0
U2,I Still Haven't Found What I'm Looking For,The Joshua Tree (Super Deluxe),album,0.564,0.774,1.0,-9.424,0.0368,0.0135,0.00191,0.0861,0.657,100.894,277477.0,U2 - I Still Haven't Found What I'm Looking For (Official Music Video),U2VEVO,169626279.0,891840.0,22678.0,True,True,531487905.0
U2,One,Achtung Baby (Deluxe Edition),album,0.392,0.534,0.0,-8.793,0.0369,0.245,0.00104,0.155,0.325,181.305,276187.0,U2 - One (Official Music Video),U2VEVO,144625593.0,617689.0,20280.0,True,True,447961684.0
U2,Beautiful Day,All That You Can't Leave Behind,album,0.539,0.926,2.0,-6.495,0.0499,0.014,0.00136,0.36,0.454,136.279,246400.0,U2 - Beautiful Day (Official Music Video),U2VEVO,177102206.0,685207.0,22085.0,True,True,434312667.0
U2,Sunday Bloody Sunday - Remastered 2008,War (Remastered),album,0.543,0.944,6.0,-7.495,0.0543,0.402,0.000564,0.0373,0.735,101.174,279440.0,Sunday Bloody Sunday (Remastered 2008),U2 - Topic,963144.0,19714.0,72.0,True,True,312372765.0
U2,Pride (In The Name Of Love) - Remastered 2009,The Unforgettable Fire (Remastered),album,0.458,0.843,4.0,-7.201,0.0316,0.00135,0.000296,0.778,0.713,105.701,228427.0,U2 - Pride (In The Name Of Love) (Official Music Video),U2VEVO,97311333.0,402933.0,14189.0,True,True,
U2,Where The Streets Have No Name - Remastered,The Joshua Tree (Super Deluxe),album,0.49,0.724,2.0,-9.581,0.0366,0.00976,0.0046,0.159,0.292,125.812,337506.0,U2 - Where The Streets Have No Name (Official Music Video),U2VEVO,60858124.0,218869.0,12747.0,True,True,141713043.0
U2,Vertigo,How To Dismantle An Atomic Bomb,album,0.416,0.819,9.0,-3.974,0.0613,0.000138,0.00108,0.147,0.632,140.083,193520.0,U2 - Vertigo (Official Music Video),U2VEVO,65513552.0,222605.0,9964.0,True,True,108148330.0
U2,Sweetest Thing,The Joshua Tree (Super Deluxe),album,0.524,0.641,0.0,-8.967,0.0497,0.0437,2.78e-05,0.159,0.482,141.65,184543.0,U2 - Sweetest Thing (Official Music Video),U2VEVO,58474426.0,171485.0,6114.0,True,True,106597387.0
U2,Pride (In The Name Of Love) - Songs Of Surrender,Pride (In The Name Of Love) [Songs Of Surrender],single,0.551,0.378,4.0,-8.398,0.0248,0.223,0.038,0.176,0.242,106.004,237743.0,U2 - Pride (In The Name Of Love) (Songs Of Surrender / Lyric Video),U2VEVO,280321.0,7373.0,1041.0,True,True,1646179.0
Tory Lanez,"WHATS POPPIN (feat. DaBaby, Tory Lanez & Lil Wayne) - Remix","WHATS POPPIN (feat. DaBaby, Tory Lanez & Lil Wayne) [Remix]",single,0.904,0.723,11.0,-5.224,0.26,0.0631,0.0,0.185,0.835,145.013,227478.0,"Jack Harlow - WHATS POPPIN feat. Dababy, Tory Lanez, & Lil Wayne [Official Video]",Jack Harlow,256025742.0,2437220.0,70659.0,True,True,638746688.0
Tory Lanez,Say It,I Told You,album,0.546,0.529,11.0,-10.511,0.0583,0.0862,6.5e-06,0.124,0.247,107.331,237787.0,Tory Lanez - Say It,ToryLanezVEVO,294691541.0,2004619.0,51673.0,True,True,
Tory Lanez,Broke In A Minute,The New Toronto 3,album,0.929,0.7,0.0,-5.595,0.0906,0.144,0.0,0.349,0.802,120.009,132024.0,Tory Lanez - Broke In A Minute *Directed & Edited by Tory Lanez*,Tory Lanez,30154731.0,518074.0,17267.0,False,True,273237961.0
Tory Lanez,The Take (feat. Chris Brown),Chixtape 5,album,0.464,0.547,7.0,-8.137,0.339,0.0511,0.0,0.155,0.423,67.003,221492.0,Tory Lanez - The Take (Feat. Chris Brown) (Official Audio),Tory Lanez,58687130.0,705272.0,7076.0,False,True,256262137.0
Tory Lanez,The Color Violet,Alone At Prom,album,0.645,0.534,6.0,-10.8,0.0479,0.157,0.0,0.0863,0.463,105.02,226467.0,Tory Lanez - The Color Violet [Official Music Video],Teo Productions,192177.0,2672.0,38.0,False,False,208337920.0
Tory Lanez,In For It,In For It,single,0.383,0.531,5.0,-7.814,0.0741,0.0753,0.000102,0.108,0.0375,105.971,293307.0,Tory Lanez - Sorry 4 What ? // LV BELT (Official Video),Tory Lanez,1516174.0,29277.0,1631.0,True,True,76686049.0
Tory Lanez,Lady Of Namek,Alone At Prom,album,0.676,0.659,11.0,-5.123,0.0476,0.194,0.0,0.283,0.595,134.985,193994.0,Tory Lanez - Lady Of Namek [Official Music Video],Tory Lanez,17773546.0,170898.0,9500.0,True,True,53989958.0
Tory Lanez,And This is Just The Intro,PLAYBOY,album,0.53,0.517,5.0,-9.253,0.399,0.387,0.0,0.176,0.381,137.554,326813.0,Tory Lanez - And This Is Just The Intro [Official Music Video],Tory Lanez,9379911.0,92424.0,2748.0,True,True,48972127.0
Tory Lanez,Lavender Sunflower,Alone At Prom,album,0.607,0.735,4.0,-6.065,0.095,0.253,0.0,0.11,0.964,88.894,151967.0,Tory Lanez - Lavender Sunflower (Music Video),Silky Boi,13642.0,278.0,5.0,False,False,44638153.0
Tory Lanez,I LIKE,I LIKE,single,0.744,0.448,4.0,-10.426,0.291,0.365,0.0,0.194,0.279,118.027,133521.0,Tory Lanez - I LIKE [Official Music Video] FARGO FRIDAYS,Tory Lanez,1985424.0,53729.0,2503.0,True,True,17960938.0
The Rolling Stones,"Paint It, Black",Aftermath,album,0.464,0.795,1.0,-9.267,0.0926,0.0493,0.00244,0.399,0.612,158.691,202267.0,"The Rolling Stones - Paint It, Black (Official Lyric Video)",ABKCOVEVO,434986145.0,3050582.0,87518.0,True,True,834723073.0
The Rolling Stones,(I Can't Get No) Satisfaction - Mono Version,Out Of Our Heads,album,0.723,0.863,2.0,-7.89,0.0338,0.0383,0.0317,0.128,0.931,136.302,222813.0,The Rolling Stones - (I Can't Get No) Satisfaction (Official Lyric Video),ABKCOVEVO,142710738.0,943127.0,15095.0,True,True,561632246.0
The Rolling Stones,Start Me Up - Remastered 2009,Tattoo You (2009 Re-Mastered),album,0.631,0.932,5.0,-4.142,0.0354,0.0436,0.137,0.0918,0.971,122.429,213067.0,The Rolling Stones - Start Me Up - Official Promo,The Rolling Stones,60003095.0,365496.0,13142.0,False,True,472974502.0
The Rolling Stones,Gimme Shelter,Let It Bleed,album,0.634,0.63,1.0,-8.277,0.031,0.447,0.039,0.17,0.489,118.628,270773.0,The Rolling Stones - Gimme Shelter (Official Lyric Video),ABKCOVEVO,96605037.0,469835.0,21727.0,True,True,470944917.0
The Rolling Stones,Sympathy For The Devil - 50th Anniversary Edition,Beggars Banquet (50th Anniversary Edition),album,0.702,0.668,9.0,-9.237,0.214,0.518,0.0,0.0588,0.561,116.063,378147.0,The Rolling Stones - Sympathy For The Devil (Official Video) [4K],ABKCOVEVO,50887107.0,292770.0,13871.0,True,True,465192981.0
The Rolling Stones,Beast Of Burden - Remastered 1994,Some Girls,album,0.783,0.878,1.0,-3.864,0.0308,0.39,0.000778,0.0426,0.885,100.626,265173.0,Beast Of Burden (Remastered 1994),The Rolling Stones - Topic,22589323.0,239167.0,646.0,True,True,318262316.0
The Rolling Stones,Angie,Goats Head Soup (Remastered 2009),album,0.429,0.554,9.0,-6.128,0.0291,0.67,0.000152,0.105,0.407,136.302,272000.0,The Rolling Stones - Angie - OFFICIAL PROMO (Version 1),The Rolling Stones,62281290.0,373853.0,11423.0,False,True,282086014.0
The Rolling Stones,Wild Horses - 2009 Mix,Sticky Fingers (Remastered),album,0.432,0.389,7.0,-6.517,0.0255,0.687,0.0107,0.0788,0.158,139.506,341773.0,Wild Horses (2009 Mix),The Rolling Stones - Topic,5082767.0,62311.0,194.0,True,True,
The Rolling Stones,Miss You - Remastered,Some Girls,album,0.795,0.71,9.0,-4.746,0.0392,0.443,0.0215,0.344,0.845,109.689,288667.0,The Rolling Stones - Miss You - OFFICIAL PROMO,The Rolling Stones,15303624.0,107900.0,3628.0,False,True,154402021.0
The Rolling Stones,You Can't Always Get What You Want,Let It Bleed,album,0.32,0.62,0.0,-9.686,0.0594,0.64,6.36e-05,0.253,0.472,86.327,448720.0,The Rolling Stones - You Can’t Always Get What You Want (Official Video) [4K],ABKCOVEVO,19965898.0,273817.0,9590.0,True,True,149203954.0
System Of A Down,Chop Suey!,Toxicity,album,0.417,0.934,7.0,-3.908,0.119,0.000278,0.0015,0.132,0.287,127.066,210240.0,System Of A Down - Chop Suey! (Official HD Video),systemofadownVEVO,1232003777.0,7083485.0,329548.0,True,True,949503301.0
System Of A Down,Toxicity,Toxicity,album,0.413,0.873,8.0,-4.151,0.0536,0.000264,0.00249,0.204,0.48,116.68,218933.0,System Of A Down - Toxicity (Official HD Video),systemofadownVEVO,736827328.0,3961603.0,93489.0,True,True,628447295.0
System Of A Down,B.Y.O.B.,Mezmerize,album,0.538,0.981,1.0,-2.688,0.14,0.00662,0.0,0.219,0.711,101.414,255467.0,System Of A Down - B.Y.O.B. (Official HD Video),systemofadownVEVO,418146594.0,2399598.0,92234.0,True,True,441264205.0
System Of A Down,Lonely Day,Hypnotize,album,0.47,0.796,8.0,-3.277,0.0336,0.362,1.1e-06,0.133,0.215,113.108,167907.0,System Of A Down - Lonely Day (Official HD Video),systemofadownVEVO,320886690.0,1974713.0,55529.0,True,True,347276552.0
System Of A Down,Aerials,Toxicity,album,0.364,0.922,0.0,-4.217,0.0567,0.000915,0.0346,0.0697,0.227,79.342,235053.0,System Of A Down - Aerials (Official HD Video),systemofadownVEVO,391073429.0,2007787.0,59023.0,True,True,340999078.0
System Of A Down,Hypnotize,Hypnotize,album,0.274,0.92,6.0,-4.096,0.0489,0.0303,0.000412,0.115,0.0397,154.016,189440.0,System Of A Down - Hypnotize (Official HD Video),systemofadownVEVO,186246163.0,802891.0,29715.0,True,True,
System Of A Down,Sugar,System Of A Down,album,0.451,0.889,1.0,-2.693,0.261,0.00167,0.00215,0.258,0.586,131.073,153800.0,System Of A Down - Sugar (Official HD Video),systemofadownVEVO,128056329.0,757083.0,31832.0,True,True,
System Of A Down,Violent Pornography,Mezmerize,album,0.459,0.958,6.0,-2.333,0.0877,0.0283,0.0,0.108,0.586,142.707,211333.0,Violent Pornography - System of a Down (Music Video),cassidymav,572234.0,3690.0,246.0,False,False,146971757.0
System Of A Down,Prison Song,Toxicity,album,0.493,0.974,1.0,-3.252,0.135,0.0202,8.31e-05,0.182,0.354,99.647,201160.0,System Of A Down - Prison Song (Music Video),Cesar Huchim,89046.0,1581.0,63.0,False,False,101333051.0
System Of A Down,Spiders,System Of A Down,album,0.46,0.54,5.0,-5.132,0.0381,0.0324,0.0168,0.326,0.0506,137.855,215440.0,System Of A Down - Spiders (Official HD Video),systemofadownVEVO,116004946.0,554702.0,18696.0,True,True,90938235.0
Slipknot,Duality,Vol. 3: The Subliminal Verses,album,0.354,0.982,4.0,-3.026,0.168,0.000237,0.000294,0.204,0.194,143.772,252613.0,Slipknot - Duality [OFFICIAL VIDEO] [HD],Slipknot,356487151.0,2211238.0,87719.0,True,True,525198814.0
Slipknot,Psychosocial,All Hope Is Gone (10th Anniversary),album,0.568,0.981,2.0,-3.889,0.0887,0.00269,0.00275,0.0243,0.307,135.146,284120.0,Slipknot - Psychosocial [OFFICIAL VIDEO] [HD],Slipknot,472423591.0,3598519.0,160857.0,True,True,440543539.0
Slipknot,Before I Forget,Vol. 3: The Subliminal Verses,album,0.291,0.974,6.0,-2.997,0.171,0.0177,5.44e-06,0.886,0.348,134.724,278600.0,Slipknot - Before I Forget [OFFICIAL VIDEO] [HD],Slipknot,249436786.0,1421839.0,42357.0,True,True,383553771.0
Slipknot,Wait and Bleed,Slipknot,album,0.382,0.996,7.0,-4.119,0.104,0.00208,0.0,0.417,0.327,93.345,147840.0,Slipknot - Wait And Bleed [OFFICIAL VIDEO] [HD],Slipknot,132263461.0,696184.0,30426.0,True,True,297647780.0
Slipknot,The Devil in I,.5: The Gray Chapter (Special Edition),album,0.398,0.939,9.0,-2.865,0.0648,0.00591,0.000881,0.357,0.235,92.027,342821.0,Slipknot - The Devil In I [OFFICIAL VIDEO],Slipknot,382685788.0,2607369.0,105721.0,True,True,289911594.0
Slipknot,Snuff,All Hope Is Gone (10th Anniversary),album,0.544,0.69,6.0,-5.723,0.0425,0.012,0.0095,0.0615,0.219,123.962,276147.0,Slipknot - Snuff [OFFICIAL VIDEO] [HD],Slipknot,151293970.0,1215219.0,48701.0,True,True,265277606.0
Slipknot,Unsainted,We Are Not Your Kind,album,0.427,0.946,7.0,-2.188,0.0469,0.000118,0.0253,0.0604,0.237,101.305,260773.0,Slipknot - Unsainted [OFFICIAL VIDEO],Slipknot,131946894.0,1634462.0,85175.0,True,True,228741006.0
Slipknot,"Vermilion, Pt. 2",Vol. 3: The Subliminal Verses,album,0.589,0.442,4.0,-8.517,0.0291,0.334,0.000424,0.0987,0.0904,122.688,224320.0,Slipknot - Vermilion Pt. 2 [OFFICIAL VIDEO] [HD],Slipknot,72085231.0,531060.0,18176.0,True,True,120556550.0
Slipknot,Custer,.5: The Gray Chapter (Special Edition),album,0.407,0.98,7.0,-1.58,0.107,0.00174,0.000112,0.119,0.537,131.066,254467.0,Slipknot - Custer (LIVE),Slipknot,26386968.0,255982.0,8371.0,True,True,112251097.0
Slipknot,The Dying Song (Time To Sing),"The End, So Far",album,0.516,0.991,11.0,-2.587,0.126,0.000467,4.66e-05,0.327,0.402,95.017,203587.0,Slipknot - The Dying Song (Time To Sing),Slipknot,20236075.0,611649.0,30343.0,True,True,24596630.0
Shreya Ghoshal,Pal,Pal,single,0.51,0.502,7.0,-7.016,0.0325,0.71,0.0,0.0708,0.321,133.885,247286.0,Pal - Female Version - Best Lyric Video|Shreya Ghoshal| Varun & Rhea|Javed Mohsin,SonyMusicIndiaVEVO,79273746.0,671799.0,17862.0,True,True,100903028.0
Shreya Ghoshal,Saibo,Shor in the City (Original Motion Picture Soundtrack),album,0.619,0.429,2.0,-7.867,0.028,0.738,1.35e-05,0.136,0.545,90.058,195253.0,"Saibo Full Video - Shor In The City|Radhika Apte,Tusshar|Shreya Ghoshal,Tochi Raina",SonyMusicIndiaVEVO,66364441.0,632208.0,8408.0,True,True,91740940.0
Shreya Ghoshal,Samjhawan,Samjhawan,single,0.651,0.482,4.0,-8.666,0.0281,0.293,0.0,0.0811,0.517,106.993,269185.0,Samjhawan | Shreya Ghoshal | MTVBeats,Shreya Ghoshal Fanpage,502800.0,15379.0,436.0,False,False,84959335.0
Shreya Ghoshal,Param Sundari,Mimi (Original Motion Picture Soundtrack),album,0.815,0.761,4.0,-7.162,0.144,0.192,0.0,0.0272,0.82,121.999,200219.0,"Param Sundari -Official Video | Mimi | Kriti Sanon, Pankaj Tripathi | @ARRahman| Shreya |Amitabh",Sony Music India,435786754.0,4077182.0,159031.0,True,True,78684300.0
Shreya Ghoshal,Main Agar Kahoon,Soulful Sonu Nigam Specials,compilation,0.533,0.436,5.0,-7.521,0.0276,0.234,3.17e-06,0.46,0.371,146.868,308158.0,"LYRICAL: Main Agar Kahoon | Om Shanti Om | Shahrukh Khan,Deepika Padukone | Sonu Nigam,Shreya Ghosal",T-Series,131716526.0,1124402.0,20864.0,True,True,49993575.0
Shreya Ghoshal,Munbe Vaa,Silunu Oru Kadhal,album,0.609,0.759,10.0,-9.422,0.0336,0.245,2.84e-05,0.207,0.802,141.126,356942.0,Munbe Vaa - Shreya Ghoshal Live at EXPO2020 Dubai,BToS Productions,808247.0,16354.0,596.0,False,False,46214786.0
Shreya Ghoshal,Hasi - Female Version,Hamari Adhuri Kahani (Original Motion Picture Soundtrack),album,0.52,0.485,4.0,-6.438,0.0269,0.927,0.000466,0.159,0.407,143.901,192187.0,Hasi - Female Version - Hamari Adhuri Kahani|Official Bollywood Lyrics|Shreya Ghoshal,LyricGuruVEVO,12680162.0,126015.0,1582.0,True,True,42953279.0
Shreya Ghoshal,Piya O Re Piya,Tere Naal Love Ho Gaya (Original Motion Picture Soundtrack),album,0.442,0.574,2.0,-6.394,0.0828,0.273,0.0,0.094,0.308,167.857,292747.0,Piya O Re Piya By Shreya Ghoshal ❤️,Shreya Ghoshal Songs,7876.0,259.0,14.0,False,False,32957897.0
Shreya Ghoshal,Rasiya,Brahmastra (Original Motion Picture Soundtrack),album,0.54,0.796,4.0,-7.538,0.0521,0.371,0.00165,0.11,0.636,78.99,265063.0,Rasiya - Brahmāstra | Amitabh B | Ranbir Kapoor | Alia Bhatt | Pritam | Amitabh | Tushar | Shreya,Sony Music India,33160840.0,481325.0,50693.0,True,True,28781713.0
Shreya Ghoshal,Tujh Mein Rab Dikhta Hai - Ii,Rab Ne Bana Di Jodi (Original),album,0.334,0.3,2.0,-12.359,0.0377,0.863,1.62e-06,0.195,0.158,147.076,101799.0,Tujhme Rab Dikhta Hai by Shreya Ghoshal live at Sony Project Resound Concert,KEGE ENTERTAINMENT,4548435.0,96196.0,1724.0,False,False,25942155.0
Red Hot Chili Peppers,Under the Bridge,Blood Sugar Sex Magik (Deluxe Edition),album,0.559,0.345,4.0,-13.496,0.0459,0.0576,0.000105,0.141,0.458,84.581,264307.0,Red Hot Chili Peppers - Under The Bridge [Official Music Video],Red Hot Chili Peppers,246687714.0,1213572.0,32761.0,True,True,1061750522.0
Red Hot Chili Peppers,Californication,Californication (Deluxe Edition),album,0.592,0.767,9.0,-2.788,0.027,0.0021,0.00165,0.127,0.328,96.483,329733.0,Red Hot Chili Peppers - Californication (Official Music Video) [HD UPGRADE],Red Hot Chili Peppers,1018811259.0,4394471.0,121452.0,True,True,1055738398.0
Red Hot Chili Peppers,Can't Stop,By the Way (Deluxe Edition),album,0.618,0.938,9.0,-3.442,0.0456,0.0179,0.0,0.167,0.875,91.455,269000.0,Red Hot Chili Peppers - Can't Stop [Official Music Video],Red Hot Chili Peppers,336635759.0,1740224.0,32573.0,True,True,866464951.0
Red Hot Chili Peppers,Snow (Hey Oh),Stadium Arcadium,album,0.427,0.9,11.0,-3.674,0.0499,0.116,1.75e-05,0.119,0.599,104.655,334667.0,Red Hot Chili Peppers - Snow (Hey Oh) (Official Music Video),Red Hot Chili Peppers,320871237.0,1272266.0,37004.0,True,True,860722316.0
Red Hot Chili Peppers,Otherside,Californication (Deluxe Edition),album,0.458,0.795,0.0,-3.265,0.0574,0.00316,0.000202,0.0756,0.513,123.229,255373.0,Red Hot Chili Peppers - Otherside [Official Music Video],Red Hot Chili Peppers,673528656.0,3140356.0,60091.0,True,True,732774515.0
Red Hot Chili Peppers,Scar Tissue,Californication (Deluxe Edition),album,0.595,0.717,0.0,-4.803,0.0295,0.0779,0.00274,0.108,0.547,88.969,215907.0,Red Hot Chili Peppers - Scar Tissue [Official Music Video],Red Hot Chili Peppers,435121530.0,1890900.0,37069.0,True,True,
Red Hot Chili Peppers,Dani California,Stadium Arcadium,album,0.556,0.913,0.0,-2.36,0.0437,0.0193,8.59e-06,0.346,0.73,96.184,282160.0,Red Hot Chili Peppers - Dani California [Official Music Video],Red Hot Chili Peppers,324228662.0,1456622.0,49461.0,True,True,550067391.0
Red Hot Chili Peppers,Dark Necessities,The Getaway,album,0.7,0.742,5.0,-6.777,0.0716,0.0722,0.0199,0.11,0.197,91.959,302000.0,Red Hot Chili Peppers - Dark Necessities [Official Music Video],Red Hot Chili Peppers,440037964.0,2094182.0,56516.0,True,True,385677873.0
Red Hot Chili Peppers,By the Way,By the Way (Deluxe Edition),album,0.451,0.97,0.0,-4.938,0.107,0.0264,0.00355,0.102,0.198,122.444,216933.0,Red Hot Chili Peppers - By The Way [Official Music Video],Red Hot Chili Peppers,179005296.0,784717.0,20084.0,True,True,
Red Hot Chili Peppers,Give It Away,Blood Sugar Sex Magik (Deluxe Edition),album,0.666,0.936,7.0,-9.919,0.0476,0.00244,0.086,0.153,0.776,91.577,282907.0,Red Hot Chili Peppers - Give It Away [Official Music Video],Red Hot Chili Peppers,86637926.0,434837.0,16029.0,True,True,301947159.0
Radiohead,Creep,Pablo Honey,album,0.515,0.43,7.0,-9.935,0.0372,0.0097,0.000133,0.129,0.104,91.844,238640.0,Radiohead - Creep,Radiohead,763497849.0,4777393.0,147276.0,True,True,1101854725.0
Radiohead,Karma Police,OK Computer,album,0.36,0.501,7.0,-9.129,0.0258,0.0638,9.32e-05,0.172,0.324,74.807,264067.0,Radiohead - Karma Police,Radiohead,89246405.0,593396.0,17682.0,True,True,382823305.0
Radiohead,No Surprises,OK Computer,album,0.255,0.393,5.0,-10.654,0.0278,0.0577,0.00361,0.113,0.118,76.426,229120.0,Radiohead - No Surprises,Radiohead,167847274.0,1274934.0,40034.0,True,True,379349681.0
Radiohead,High and Dry,The Bends,album,0.419,0.383,4.0,-11.782,0.0256,0.0724,0.0176,0.0896,0.35,87.568,257480.0,Radiohead -  High & Dry -  American Version [OFFICIAL MUSIC VIDEO],Justice Elan Wenzloff,80290.0,2133.0,238.0,False,False,291096318.0
Radiohead,Fake Plastic Trees,The Bends,album,0.463,0.229,2.0,-12.592,0.0297,0.167,0.0997,0.202,0.135,73.543,290707.0,Radiohead - Fake Plastic Trees,Radiohead,61340263.0,398951.0,15400.0,True,True,219867047.0
Radiohead,Exit Music (For A Film),OK Computer,album,0.293,0.276,4.0,-11.357,0.0349,0.224,0.122,0.167,0.195,121.603,267187.0,Exit Music (For A Film),Radiohead - Topic,10644157.0,171322.0,1669.0,True,True,146857863.0
Radiohead,Weird Fishes/ Arpeggi,In Rainbows,album,0.531,0.61,11.0,-8.025,0.0387,0.772,0.756,0.0908,0.199,152.958,318187.0,Radiohead - Weird Fishes -  by Tobias Stretch,Radiohead,15335499.0,125774.0,4852.0,False,True,121688699.0
Radiohead,Just,The Bends,album,0.291,0.767,7.0,-6.913,0.0862,0.000401,0.012,0.0763,0.359,175.702,234800.0,Radiohead - Just,Radiohead,15041854.0,146328.0,6899.0,True,True,88945336.0
Radiohead,Nude,In Rainbows,album,0.516,0.342,4.0,-9.785,0.0342,0.832,0.579,0.0857,0.167,128.378,255387.0,Radiohead - Nude,Radiohead,12205514.0,124486.0,4536.0,True,True,86388469.0
Radiohead,Jigsaw Falling Into Place,In Rainbows,album,0.462,0.832,11.0,-6.085,0.0479,0.108,0.00416,0.0741,0.807,165.653,248893.0,Radiohead - Jigsaw Falling Into Place,Radiohead,26398730.0,180969.0,8010.0,True,True,79367881.0
Pritam,Kesariya,Brahmastra (Original Motion Picture Soundtrack),album,0.577,0.574,0.0,-6.525,0.0278,0.572,0.0,0.1,0.436,94.009,268165.0,Kesariya - Brahmāstra | Ranbir Kapoor | Alia Bhatt | Pritam | Arijit Singh | Amitabh Bhattacharya,Sony Music India,404999375.0,5394887.0,156860.0,True,True,
Pritam,Shayad,Love Aaj Kal (Original Motion Picture Soundtrack),album,0.483,0.468,8.0,-7.642,0.0341,0.784,0.0,0.152,0.319,135.875,247941.0,Shayad | Lockdown Version | Pritam | Arijit,Pritam,9928703.0,282832.0,12531.0,False,True,196665486.0
Pritam,Khairiyat,Chhichhore,album,0.534,0.481,0.0,-9.016,0.0412,0.697,0.0,0.142,0.293,124.914,280282.0,"Full Song: KHAIRIYAT (BONUS TRACK) | CHHICHHORE | Sushant, Shraddha | Pritam, Amitabh B|Arijit Singh",T-Series,878651534.0,6735409.0,247220.0,True,True,141640304.0
Pritam,Kalank (Title Track),Kalank (Original Motion Picture Soundtrack),album,0.57,0.55,10.0,-8.343,0.035,0.524,3.73e-05,0.0921,0.435,117.999,311186.0,Kalank Title Track - Full Video | Madhuri Sonakshi Alia Sanjay Aditya Varun | Arijit | Pritam,Zee Music Company,73814491.0,722644.0,15817.0,True,True,114548526.0
Pritam,Kabira,Yeh Jawaani Hai Deewani,album,0.59,0.555,2.0,-6.861,0.0271,0.481,0.0,0.192,0.191,84.027,223460.0,"""Kabira Full Song"" Yeh Jawaani Hai Deewani | Pritam | Ranbir Kapoor, Deepika Padukone",T-Series,368043095.0,2156715.0,38383.0,True,True,106694938.0
Pritam,Tum Se Hi,Jab We Met,album,0.609,0.538,6.0,-7.842,0.0273,0.328,0.0,0.125,0.608,130.015,321225.0,"Full Video: Tum Se Hi | Jab We Met | Kareena Kapoor, Shahid Kapoor | Mohit Chauhan | Pritam",T-Series,65425800.0,605862.0,12977.0,True,True,105143682.0
Pritam,Tera Hone Laga Hoon,Ajab Prem Ki Ghazab Kahani (Original Motion Picture Soundtrack),album,0.684,0.771,8.0,-5.353,0.0307,0.548,0.0,0.112,0.539,119.982,299827.0,"Tera Hone Laga Hoon Lyrical - Ajab Prem Ki Ghazab Kahani | Atif Aslam | Ranbir, Katrina K | Pritam",Tips Official,349523411.0,2224745.0,56143.0,True,True,
Pritam,Bhool Bhulaiyaa 2 Title Track,Bhool Bhulaiyaa 2,album,0.857,0.893,0.0,-2.87,0.0422,0.0663,0.0,0.0335,0.845,108.022,211667.0,"Bhool Bhulaiyaa 2 (Title Track) Kartik A, Kiara A, Tabu |Pritam, Tanishk, Neeraj, Anees B, Bhushan K",T-Series,240651292.0,2291965.0,83981.0,True,True,75285958.0
Pritam,Raabta,Agent Vinod,album,0.657,0.581,0.0,-8.108,0.0298,0.699,1.82e-05,0.116,0.323,118.037,243578.0,"Raabta (Kehte Hain Khuda) Agent Vinod Full Song Video | Saif Ali Khan, Kareena Kapoor | Pritam",T-Series,13619357.0,100178.0,2351.0,True,True,74341580.0
Pritam,Deva Deva,Brahmastra (Original Motion Picture Soundtrack),album,0.539,0.729,0.0,-7.588,0.0412,0.627,0.000941,0.128,0.435,112.074,279107.0,Deva Deva - Brahmāstra | Amitabh B | Ranbir Kapoor | Alia Bhatt | Pritam | Arijit | Amitabh | Jonita,Sony Music India,84218237.0,923122.0,54428.0,True,True,60032339.0
Pink Floyd,Wish You Were Here,Wish You Were Here,album,0.481,0.262,7.0,-15.73,0.0414,0.735,0.0114,0.832,0.375,122.861,334744.0,Pink floyd - Wish you were here (Original version),Parsifal Climacus,328482.0,5849.0,230.0,False,False,557368632.0
Pink Floyd,"Another Brick in the Wall, Pt. 2",The Wall,album,0.693,0.394,0.0,-15.882,0.0428,0.0782,0.000694,0.247,0.721,104.114,238747.0,"Pink Floyd - Another Brick In The Wall, Part Two (Official Music Video)",Pink Floyd,42252469.0,405995.0,7172.0,True,True,
Pink Floyd,The Great Gig in the Sky,The Dark Side of the Moon,album,0.274,0.217,5.0,-13.814,0.0345,0.767,0.896,0.0832,0.181,116.334,283872.0,Pink Floyd - The Great Gig In The Sky (PULSE Restored & Re-Edited),Pink Floyd,7433876.0,83454.0,4099.0,True,True,
Pink Floyd,Comfortably Numb,The Wall,album,0.472,0.366,11.0,-12.595,0.0286,0.15,0.312,0.0837,0.171,127.163,382297.0,Comfortably Numb - Pink Floyd - The Wall - 4K Remastered,PinkFloyd4K,474581.0,7571.0,446.0,False,False,
Pink Floyd,Money,The Dark Side of the Moon,album,0.468,0.536,11.0,-10.422,0.144,0.024,0.00199,0.269,0.785,126.256,382834.0,Pink Floyd - Money (Official Music Video),Pink Floyd,27865859.0,217345.0,5603.0,True,True,
Pink Floyd,Breathe (In the Air),The Dark Side of the Moon,album,0.431,0.373,11.0,-15.142,0.0346,0.389,0.728,0.143,0.253,128.153,169535.0,Pink Floyd - Breathe (In The Air) [Live in HD],Pink Floyd,486448.0,8034.0,238.0,True,True,
Pink Floyd,Time,The Dark Side of the Moon,album,0.359,0.48,9.0,-11.79,0.0841,0.521,0.0043,0.178,0.355,120.285,413947.0,Time - Pink Floyd - Music Video [HQ],Good Old Music,101194.0,1643.0,53.0,False,False,
Pink Floyd,Hey You,The Wall,album,0.587,0.302,0.0,-14.976,0.0293,0.223,0.00216,0.128,0.19,112.46,278441.0,Pink Floyd-Hey You {Music Video},mic floyd,6305982.0,46296.0,1746.0,False,False,
Pink Floyd,Brain Damage,The Dark Side of the Moon,album,0.324,0.265,2.0,-13.398,0.0302,0.0732,0.341,0.366,0.208,133.568,226667.0,Brain Damage / Eclipse - Pink Floyd - Music Video [HQ],Good Old Music,33552.0,,56.0,False,False,
Pink Floyd,Us and Them,The Dark Side of the Moon,album,0.357,0.302,2.0,-14.526,0.0303,0.862,0.559,0.634,0.135,72.518,469224.0,Pink Floyd - Us And Them (Official Video),ElMuroPinkFloyd,147200.0,2914.0,197.0,False,False,
Pharrell Williams,"Happy - From ""Despicable Me 2""",G I R L,album,0.647,0.822,5.0,-4.662,0.183,0.219,0.0,0.0908,0.962,160.019,232720.0,Pharrell Williams - Happy (from Despicable Me 2) [Ballroom Version],PharrellWilliamsVEVO,128396799.0,718507.0,14157.0,True,True,1143833476.0
Pharrell Williams,"Feels (feat. Pharrell Williams, Katy Perry & Big Sean)",Funk Wav Bounces Vol.1,album,0.893,0.745,11.0,-3.105,0.0571,0.0642,0.0,0.0943,0.872,101.018,223413.0,"Calvin Harris - Feels (Official Video) ft. Pharrell Williams, Katy Perry, Big Sean",CalvinHarrisVEVO,673495248.0,4097957.0,105475.0,True,True,981287133.0
Pharrell Williams,Neon Guts (feat. Pharrell Williams),Luv Is Rage 2,album,0.859,0.563,1.0,-6.635,0.112,0.0541,0.0,0.0685,0.412,119.934,258789.0,Lil Uzi Vert - Neon Guts feat. Pharrell Williams [Official Visualizer],LIL UZI VERT,35793144.0,431472.0,11252.0,True,True,219355874.0
Pharrell Williams,Hit Different,Hit Different,single,0.679,0.516,0.0,-6.371,0.0452,0.199,0.0,0.0965,0.716,120.074,202008.0,SZA - Hit Different (Official Video) ft. Ty Dolla $ign,SZAVEVO,121559320.0,1081676.0,36266.0,True,True,198332490.0
Pharrell Williams,Frontin' (feat. Jay-Z) - Club Mix,The Neptunes Present... Clones,album,0.894,0.404,9.0,-5.913,0.13,0.453,1.57e-06,0.0801,0.759,102.009,236507.0,Pharrell - Frontin' (Official HD Video) ft. Jay-Z,PharrellWilliamsVEVO,59095041.0,433116.0,13530.0,True,True,114177468.0
Pharrell Williams,Just A Cloud Away,Just A Cloud Away,single,0.89,0.46,2.0,-8.155,0.0359,0.432,0.0,0.11,0.677,112.555,176078.0,Just A Cloud Away,Pharrell Williams - Topic,2672481.0,63065.0,75.0,True,True,105629259.0
Pharrell Williams,Cash In Cash Out,Cash In Cash Out,single,0.877,0.56,7.0,-3.751,0.0596,0.00721,1.45e-06,0.0839,0.154,119.971,216136.0,"Pharrell Williams - Cash In Cash Out (Official Video) ft. 21 Savage, Tyler, The Creator",PharrellWilliamsVEVO,20392451.0,560857.0,16545.0,True,True,104603335.0
Pharrell Williams,"Stay With Me (with Justin Timberlake, Halsey & Pharrell)",Funk Wav Bounces Vol. 2,album,0.81,0.733,9.0,-6.338,0.0444,0.276,6.73e-06,0.288,0.9,125.975,229283.0,"Calvin Harris - Stay With Me (Official Video) ft Justin Timberlake, Halsey & Pharrell",CalvinHarrisVEVO,26641550.0,315368.0,9132.0,True,True,99934776.0
Pharrell Williams,JUGGERNAUT (feat. Lil Uzi Vert & Pharrell Williams),CALL ME IF YOU GET LOST,album,0.827,0.571,11.0,-7.949,0.366,0.0195,0.0,0.166,0.62,142.034,146419.0,"Tyler, The Creator - JUGGERNAUT (Official Video)","Tyler, The Creator",11408003.0,477302.0,12628.0,False,True,99577335.0
Pharrell Williams,Down In Atlanta,Down In Atlanta,single,0.851,0.819,7.0,-5.173,0.212,0.337,0.000153,0.0658,0.903,83.154,164041.0,"Pharrell Williams, Travis Scott - Down In Atlanta (Official Lyric Video)",PharrellWilliamsVEVO,3658044.0,88925.0,2271.0,True,True,42006396.0
P!nk,Just Give Me a Reason (feat. Nate Ruess),The Truth About Love,album,0.778,0.547,2.0,-7.273,0.0489,0.346,0.000302,0.132,0.441,95.002,242733.0,P!nk - Just Give Me A Reason ft. Nate Ruess,PinkVEVO,1518313784.0,6420621.0,166423.0,True,True,995490565.0
P!nk,What About Us,Beautiful Trauma,album,0.491,0.588,1.0,-6.177,0.0506,0.0281,2.01e-06,0.0906,0.193,113.608,269600.0,P!NK - What About Us (Official Video),PinkVEVO,339837769.0,1819636.0,38357.0,True,True,662431775.0
P!nk,Raise Your Glass,Raise Your Glass,single,0.7,0.709,7.0,-5.006,0.0838,0.0048,0.0,0.029,0.624,122.019,202960.0,P!nk - Raise Your Glass (Official Video),PinkVEVO,237232986.0,1026177.0,47667.0,True,True,502735560.0
P!nk,Try,The Truth About Love,album,0.674,0.628,2.0,-7.079,0.03,0.00144,0.0,0.0944,0.552,103.998,247907.0,P!nk - Try (Official Video),PinkVEVO,534286492.0,2554163.0,78435.0,True,True,476783121.0
P!nk,So What,Funhouse (Expanded Edition),album,0.534,0.87,11.0,-3.078,0.0425,0.000334,0.0,0.241,0.462,126.019,215160.0,P!nk - So What (Official Video),PinkVEVO,432775314.0,2187945.0,60960.0,True,True,471672024.0
P!nk,Cover Me In Sunshine,All I Know So Far: Setlist,album,0.473,0.592,5.0,-6.859,0.138,0.0528,0.0,0.131,0.292,159.7,138573.0,"P!NK, Willow Sage Hart - Cover Me In Sunshine (Official Video)",PinkVEVO,80575503.0,948515.0,24233.0,True,True,346097538.0
P!nk,Who Knew,I'm Not Dead,album,0.688,0.734,9.0,-4.569,0.0274,0.00462,0.0,0.0756,0.46,140.004,208493.0,P!nk - Who Knew (Official Video),PinkVEVO,168736063.0,611231.0,20095.0,True,True,219363750.0
P!nk,True Love (feat. Lily Allen),The Truth About Love,album,0.457,0.823,9.0,-4.76,0.311,0.00144,0.0,0.108,0.578,192.205,230733.0,P!nk - True Love (Official Video) ft. Lily Allen,PinkVEVO,149977268.0,938718.0,31361.0,True,True,170002964.0
P!nk,Never Gonna Not Dance Again,Never Gonna Not Dance Again,single,0.668,0.802,5.0,-4.005,0.0917,0.0273,0.0,0.163,0.769,113.796,225789.0,P!NK - Never Gonna Not Dance Again (Official Video),PinkVEVO,10941241.0,216805.0,7540.0,True,True,34361626.0
P!nk,TRUSTFALL,TRUSTFALL,single,0.636,0.888,8.0,-3.889,0.0945,0.00162,0.000216,0.147,0.25,122.032,237200.0,P!NK - TRUSTFALL (Official Video),PinkVEVO,3309247.0,146755.0,5707.0,True,True,2790105.0
Oasis,Wonderwall - Remastered,(What's The Story) Morning Glory? (Deluxe Remastered Edition),album,0.375,0.893,2.0,-4.097,0.0406,0.000509,0.0,0.187,0.434,174.323,258773.0,Oasis - Wonderwall (Official HD Remastered Video),OasisVEVO,5920778.0,94047.0,2828.0,True,True,1568357013.0
Oasis,Champagne Supernova - Remastered,(What's The Story) Morning Glory? (Deluxe Remastered Edition),album,0.293,0.817,2.0,-3.786,0.039,0.458,0.0509,0.355,0.138,150.249,451320.0,Oasis - Champagne Supernova (Official HD Remastered Video),Oasis,7602328.0,43830.0,2150.0,True,True,310236960.0
Oasis,Stop Crying Your Heart Out,Heathen Chemistry,album,0.331,0.558,2.0,-5.506,0.031,0.0689,1.96e-06,0.124,0.0985,150.19,303120.0,Oasis - Stop Crying Your Heart Out (Official Video),Oasis,40670355.0,280372.0,146.0,True,True,222997016.0
Oasis,Live Forever - Remastered,Definitely Maybe (Deluxe Edition Remastered),album,0.286,0.822,9.0,-3.366,0.0381,2.31e-05,1.31e-05,0.353,0.19,90.96,276667.0,Oasis - Live Forever (Official HD Remastered Video),OasisVEVO,41433735.0,209073.0,7626.0,True,True,196083015.0
Oasis,Supersonic - Remastered,Definitely Maybe (Deluxe Edition Remastered),album,0.359,0.913,9.0,-2.865,0.0391,6.31e-05,0.0121,0.0954,0.589,104.058,283787.0,Oasis - Supersonic (Official HD Remastered Video),OasisVEVO,62494588.0,267021.0,11268.0,True,True,120315940.0
Oasis,She's Electric - Remastered,(What's The Story) Morning Glory? (Deluxe Remastered Edition),album,0.484,0.905,9.0,-3.506,0.0481,0.146,1.13e-06,0.24,0.486,125.414,220920.0,Oasis - She's Electric (Official Lyric Video),OasisVEVO,7313387.0,67141.0,2865.0,True,True,98442003.0
Oasis,Songbird,Heathen Chemistry,album,0.491,0.561,2.0,-6.396,0.0279,0.274,2.16e-06,0.23,0.543,134.881,127600.0,Oasis - Songbird (Official Video),Oasis,10810618.0,50735.0,65.0,True,True,42404903.0
Oasis,Don't Look Back In Anger - Remastered,(What's The Story) Morning Glory? (Deluxe Remastered Edition),album,0.328,0.936,0.0,-3.254,0.0628,0.0665,2.61e-06,0.165,0.31,162.97,289560.0,Oasis - Don't Look Back In Anger (Official HD Remastered Video),OasisVEVO,5216690.0,82027.0,3101.0,True,True,
Oasis,Half The World Away - Remastered,Definitely Maybe (Deluxe Edition Remastered),album,0.433,0.458,0.0,-8.666,0.0328,0.305,0.0,0.0863,0.23,115.213,267333.0,Oasis - Half The World Away (Official Lyric Video),OasisVEVO,17748202.0,94151.0,4359.0,True,True,
Oasis,Stand By Me - Remastered,Be Here Now (Deluxe Remastered Edition),album,0.194,0.825,7.0,-2.605,0.041,0.0864,0.00284,0.182,0.35,169.974,355867.0,Oasis - Stand By Me (Official HD Video),OasisVEVO,1097539.0,16688.0,677.0,True,True,
Nate Dogg,Party We Will Throw Now!,Party We Will Throw Now! - Single,single,0.934,0.562,4.0,-4.609,0.24,0.0476,1.31e-06,0.0608,0.712,96.792,209413.0,"Warren G ""Party We Will Throw Now"" Ft. Nate Dogg & The Game | Official Music Video",Dash Radio,37353144.0,314682.0,4339.0,False,False,97613307.0
Nate Dogg,I Got Love,Music and Me,album,0.912,0.416,10.0,-5.943,0.164,0.437,0.306,0.09,0.677,90.013,236227.0,Nate Dogg - I Got Love (Official Video) [Explicit],UPROXX Video,8077133.0,111121.0,1509.0,True,True,53098241.0
Nate Dogg,Music & Me,Music and Me,album,0.905,0.414,8.0,-8.112,0.0615,0.105,0.000366,0.0914,0.758,99.133,240627.0,Nate Dogg - Music and me,radoxo,50038923.0,284168.0,7811.0,False,False,
Nate Dogg,So Fly - J. Period Remix,A Tribute to the King of G-Funk (Deluxe Version),album,0.604,0.601,0.0,-6.837,0.398,0.177,0.0,0.405,0.829,82.261,185813.0,So Fly (J. Period Remix),Nate Dogg - Topic,230534.0,4634.0,0.0,True,True,41273101.0
Nate Dogg,I Got Love (feat. Nate Dogg),I Got Love (feat. Nate Dogg),single,0.849,0.955,1.0,-1.862,0.153,0.286,0.000862,0.0604,0.545,122.984,159024.0,Nate Dogg - I Got Love (Official Video) [Explicit],UPROXX Video,8077133.0,111121.0,1509.0,True,True,
Nate Dogg,Nobody Does It Better,The Prodigal Son (Digitally Remastered),album,0.736,0.517,0.0,-9.775,0.053,0.416,0.0,0.138,0.116,92.048,270427.0,Nate Dogg feat. Warren G - Nobody Does It Better,Urbanvids,85998.0,1886.0,77.0,False,False,33117711.0
Nate Dogg,Shake That (Remix),Eminem Presents The Re-Up,compilation,0.945,0.701,8.0,-3.749,0.158,0.0872,3.32e-06,0.147,0.617,107.036,179560.0,Eminem - Shake That (Official Music Video) ft. Nate Dogg,EminemVEVO,164632766.0,1354860.0,33743.0,True,True,32805017.0
Nate Dogg,Keep It G.A.N.G.S.T.A. (feat. Lil' Mo & Xzibit),Music and Me,album,0.818,0.433,5.0,-6.398,0.209,0.0939,0.0,0.0967,0.677,90.096,245027.0,Nate Dogg - Keep It G.A.N.G.S.T.A  (Feat. Lil Mo & Xzibit),Classic Hip-Hop Archive,196434.0,1678.0,57.0,False,False,11303566.0
Nate Dogg,Your Wife (feat. Dr. Dre),Music and Me,album,0.859,0.342,7.0,-5.789,0.117,0.0127,0.00373,0.056,0.395,97.08,219493.0,Nate Dogg - Your wife feat Dr Dre,radoxo,5428329.0,37435.0,692.0,False,False,10372883.0
Nate Dogg,Ain't No Fun (feat. Snoop Dogg & Warren G) - J. Period Remix,A Tribute to the King of G-Funk (Deluxe Version),album,0.858,0.683,5.0,-7.058,0.114,0.12,1.78e-06,0.4,0.779,100.238,94973.0,"Snoop Dogg - Ain't No Fun feat. Nate Dogg, Warren G, Kurupt",Iron POWER,15845590.0,154812.0,3393.0,False,False,4643075.0
Muse,Uprising,The Resistance,album,0.602,0.905,2.0,-4.046,0.0775,0.000202,0.064,0.117,0.411,128.019,304840.0,Muse - Uprising [Official Video],Muse,249689138.0,1391854.0,65543.0,True,True,496116359.0
Muse,Supermassive Black Hole,Black Holes and Revelations,album,0.668,0.921,7.0,-3.727,0.0439,0.0492,0.00517,0.0877,0.782,120.0,212440.0,Muse - Supermassive Black Hole [Official Music Video],Muse,65115769.0,368298.0,26853.0,True,True,407737878.0
Muse,Starlight,Black Holes and Revelations,album,0.55,0.874,4.0,-4.046,0.0321,0.000436,1.02e-05,0.206,0.318,121.61,240213.0,Muse - Starlight [Official Music Video],Muse,172296428.0,814237.0,29034.0,True,True,316493449.0
Muse,Madness,The 2nd Law,album,0.502,0.417,10.0,-7.665,0.0718,0.127,0.00419,0.106,0.218,180.301,281040.0,Muse - Madness,Muse,162282411.0,833060.0,38802.0,True,True,264508776.0
Muse,Psycho,Drones,album,0.555,0.883,2.0,-3.426,0.0341,0.00114,0.041,0.868,0.507,125.02,316718.0,Muse - Psycho [Official Lyric Video],Muse,77060302.0,604210.0,22593.0,True,True,
Muse,Hysteria,Absolution,album,0.412,0.92,9.0,-4.852,0.0575,0.000456,0.0026,0.11,0.455,93.162,227440.0,Muse - Hysteria [Official Music Video],Muse,101176337.0,488937.0,15957.0,True,True,201041577.0
Muse,Knights of Cydonia,Black Holes and Revelations,album,0.366,0.963,11.0,-5.301,0.142,0.000273,0.0122,0.115,0.211,137.114,366213.0,Muse - Knights Of Cydonia  (Video),Muse,45980398.0,254648.0,16380.0,True,True,188191094.0
Muse,Time is Running Out,Absolution,album,0.585,0.842,9.0,-5.883,0.0556,0.00242,0.00686,0.0866,0.428,118.211,237040.0,Muse - Time Is Running Out (video),Muse,77040741.0,415034.0,8809.0,True,True,173292941.0
Muse,Undisclosed Desires,The Resistance,album,0.683,0.585,8.0,-6.76,0.0323,0.00819,0.0162,0.0797,0.641,115.997,235000.0,Muse - Undisclosed Desires,Muse,111069898.0,484356.0,20481.0,True,True,152135034.0
Muse,Plug in Baby,Origin of Symmetry,album,0.408,0.965,2.0,-4.232,0.05,6.94e-06,0.000402,0.11,0.349,136.018,218000.0,Muse - Plug In Baby (Official Video),Muse,38420858.0,214006.0,10189.0,True,True,123322561.0
Michael Jackson,Billie Jean,Thriller,album,0.932,0.457,11.0,-9.62,0.0541,0.0173,0.0436,0.0414,0.884,117.002,294227.0,Michael Jackson - Billie Jean (Official Video),michaeljacksonVEVO,1300732161.0,9523245.0,508425.0,True,True,1302677366.0
Michael Jackson,Beat It,Thriller,album,0.776,0.711,3.0,-9.03,0.0473,0.0242,0.000353,0.234,0.901,138.728,258400.0,Michael Jackson - Beat It (Official 4K Video),michaeljacksonVEVO,905692299.0,6656468.0,259358.0,True,True,826832314.0
Michael Jackson,Smooth Criminal - 2012 Remaster,Bad (Remastered),album,0.853,0.981,8.0,-3.947,0.0751,0.247,0.468,0.306,0.595,118.193,257760.0,Michael Jackson - Smooth Criminal (Single Version) HD,vman,84652754.0,672624.0,25952.0,False,False,
Michael Jackson,Don't Stop 'Til You Get Enough,Off the Wall,album,0.878,0.821,11.0,-9.875,0.089,0.126,0.0461,0.183,0.947,118.881,365467.0,Michael Jackson - Don’t Stop 'Til You Get Enough (Official Video),michaeljacksonVEVO,349102050.0,2254295.0,89160.0,True,True,389644450.0
Michael Jackson,The Way You Make Me Feel - 2012 Remaster,Bad (Remastered),album,0.877,0.854,1.0,-4.523,0.147,0.0544,5.5e-05,0.144,0.54,114.472,298120.0,Michael Jackson - The Way You Make Me Feel (Official Video),michaeljacksonVEVO,436325398.0,2515830.0,94765.0,True,True,349629692.0
Michael Jackson,Rock with You - Single Version,Off the Wall,album,0.808,0.535,1.0,-12.521,0.0353,0.179,9.91e-05,0.158,0.848,114.031,220627.0,Michael Jackson - Rock With You (Official Video),michaeljacksonVEVO,301845823.0,2269865.0,87490.0,True,True,346137424.0
Michael Jackson,Love Never Felt So Good,XSCAPE,album,0.775,0.719,7.0,-6.212,0.0435,0.132,1.79e-06,0.0662,0.712,117.513,246027.0,"Michael Jackson, Justin Timberlake - Love Never Felt So Good (Official Video)",michaeljacksonVEVO,343328494.0,2121502.0,53821.0,True,True,280500270.0
Michael Jackson,They Don't Care About Us,"HIStory - PAST, PRESENT AND FUTURE - BOOK I",album,0.859,0.905,0.0,-5.539,0.129,0.205,0.00837,0.322,0.731,89.946,284160.0,Michael Jackson - They Don’t Care About Us (Brazil Version) (Official Video),michaeljacksonVEVO,978680025.0,8312571.0,335112.0,True,True,256361972.0
Michael Jackson,Remember the Time,Dangerous,album,0.831,0.921,5.0,-2.383,0.0582,0.153,0.00224,0.305,0.795,108.002,239227.0,Michael Jackson - Remember The Time (Official Video),michaeljacksonVEVO,504057332.0,3085718.0,127080.0,True,True,224254298.0
Michael Jackson,Chicago,XSCAPE,album,0.608,0.756,7.0,-2.675,0.176,0.0784,0.0,0.187,0.55,176.086,245507.0,Michael Jackson - Chicago,MJ4481,545655.0,7314.0,386.0,False,False,103974637.0
Metallica,Whiskey In The Jar,"Garage, Inc.",album,0.511,0.972,10.0,-3.751,0.0413,5.36e-06,0.00101,0.19,0.532,132.97,304893.0,Metallica - Whiskey In The Jar (Official Music Video),Warner Records Vault,107553434.0,429797.0,12074.0,False,False,327681785.0
Metallica,Lux Æterna,Lux Æterna,single,0.386,0.996,11.0,-2.96,0.0754,1.15e-05,0.000836,0.116,0.188,130.573,205680.0,Metallica: Lux Æterna (Official Music Video),Metallica,14937918.0,473751.0,46230.0,True,True,20061385.0
Metallica,Screaming Suicide,Screaming Suicide,single,0.425,0.972,4.0,-3.448,0.045,2.42e-05,0.0202,0.239,0.282,101.125,330453.0,Metallica: Screaming Suicide (Official Music Video),Metallica,4317758.0,217109.0,17225.0,True,True,3905429.0
Metallica,Enter Sandman (Remastered),Metallica (Remastered),album,0.566,0.834,6.0,-8.412,0.0298,0.00277,0.008,0.0625,0.621,123.296,331560.0,Metallica: Enter Sandman (Official Music Video),Metallica,573553706.0,2828795.0,81335.0,True,True,
Metallica,Nothing Else Matters (Remastered),Metallica (Remastered),album,0.547,0.394,4.0,-9.793,0.0262,0.0522,6.4e-06,0.0795,0.17,142.37,388733.0,Metallica: Nothing Else Matters (Official Music Video),Metallica,1209806093.0,5127599.0,135946.0,True,True,
Metallica,Master of Puppets (Remastered),Master of Puppets (Remastered Deluxe Box Set),album,0.539,0.828,4.0,-9.108,0.035,0.00067,0.421,0.154,0.562,105.25,515387.0,Master of Puppets (Remastered),Metallica - Topic,20762910.0,293409.0,1703.0,True,True,
Metallica,The Unforgiven (Remastered),Metallica (Remastered),album,0.531,0.583,7.0,-9.47,0.0256,0.0184,0.00624,0.255,0.207,139.503,387160.0,Metallica - The Unforgiven (Official Music Video),Warner Records Vault,426125708.0,1781690.0,46392.0,False,False,
Metallica,One (Remastered),...And Justice for All (Remastered Deluxe Box Set),album,0.438,0.687,7.0,-9.15,0.0619,0.000668,0.0801,0.42,0.426,103.01,446146.0,Metallica - One (Official Music Video) [Remastered in HD],"No Music, No Life !",524.0,18.0,1.0,False,False,
Metallica,For Whom The Bell Tolls (Remastered),Ride The Lightning (Deluxe Remaster),album,0.512,0.86,0.0,-6.145,0.0703,0.00631,0.00528,0.0652,0.258,117.909,309973.0,For Whom The Bell Tolls (Remastered),Metallica - Topic,23666398.0,274106.0,667.0,True,True,
Metallica,Sad But True (Remastered),Metallica (Remastered),album,0.624,0.876,7.0,-6.005,0.0342,0.000926,0.00164,0.0561,0.453,89.24,324600.0,Metallica: Sad But True (Official Music Video),Metallica,72737062.0,418124.0,15110.0,True,True,
Mariah Carey,All I Want for Christmas Is You,Merry Christmas,album,0.336,0.627,7.0,-7.463,0.0384,0.164,0.0,0.0708,0.35,150.273,241107.0,Mariah Carey - All I Want For Christmas Is You (Official Video),MariahCareyVEVO,753218999.0,3874002.0,249083.0,True,True,1437977604.0
Mariah Carey,We Belong Together,The Emancipation of Mimi,album,0.837,0.462,0.0,-7.89,0.0601,0.0339,0.0,0.09,0.762,139.986,201400.0,Mariah Carey - We Belong Together (Official Music Video),MariahCareyVEVO,557340303.0,2207817.0,78714.0,True,True,431793600.0
Mariah Carey,Always Be My Baby,Daydream,album,0.65,0.531,4.0,-8.335,0.0364,0.457,0.0,0.249,0.487,78.946,258133.0,Mariah Carey - Always Be My Baby (Official Music Video),MariahCareyVEVO,306941658.0,1298739.0,43433.0,True,True,301955185.0
Mariah Carey,Fantasy,Daydream,album,0.669,0.727,7.0,-7.588,0.0353,0.139,0.0,0.123,0.807,102.322,243493.0,Mariah Carey - Fantasy (Official 4K Video),MariahCareyVEVO,104948400.0,697101.0,27832.0,True,True,257187137.0
Mariah Carey,Obsessed,Memoirs of an imperfect Angel,album,0.742,0.468,10.0,-5.557,0.0625,0.0465,0.0,0.826,0.369,86.443,242200.0,Mariah Carey - Obsessed (Official Music Video),MariahCareyVEVO,204281507.0,1613939.0,116298.0,True,True,231493779.0
Mariah Carey,I Know What You Want (feat. Flipmode Squad),It Ain't Safe No More. . .,album,0.648,0.759,6.0,-4.315,0.306,0.0142,0.0,0.648,0.518,85.996,324307.0,"Busta Rhymes, Mariah Carey - I Know What You Want (Official HD Video) ft. Flipmode Squad",BustaRhymesVEVO,295026099.0,2212835.0,32922.0,True,True,227592322.0
Mariah Carey,Christmas (Baby Please Come Home),Merry Christmas,album,0.561,0.782,3.0,-7.444,0.0317,0.022,0.0,0.109,0.704,127.148,153240.0,Mariah Carey - Christmas (Baby Please Come Home) (Official Audio),MariahCareyVEVO,17209207.0,57286.0,1925.0,True,True,226569574.0
Mariah Carey,Hero,Music Box,album,0.501,0.378,4.0,-9.37,0.029,0.735,0.0,0.119,0.178,119.987,257733.0,Mariah Carey - Hero (Official HD Video),MariahCareyVEVO,339244228.0,1304247.0,43998.0,True,True,218020440.0
Mariah Carey,Without You,Music Box,album,0.576,0.526,6.0,-8.524,0.0325,0.323,2.01e-06,0.0548,0.147,122.06,213667.0,Mariah Carey - Without You (Live Video Version),MariahCareyVEVO,379787199.0,1814454.0,64494.0,True,True,194107435.0
Mariah Carey,O Holy Night,Merry Christmas,album,0.368,0.505,4.0,-7.208,0.0285,0.367,6.63e-06,0.154,0.192,173.977,266933.0,Mariah Carey - O Holy Night (Official HD Video),MariahCareyVEVO,106246436.0,578830.0,34527.0,True,True,102088157.0
Luis Miguel,Ahora Te Puedes Marchar,Soy Como Quiero Ser,album,0.78,0.877,6.0,-3.683,0.0427,0.148,2.36e-06,0.0627,0.909,133.263,191973.0,"Luis Miguel - ""Ahora te puedes marchar"" (Video Oficial)",Warner Music México,562212517.0,2366696.0,61907.0,True,True,473691093.0
Luis Miguel,La Incondicional,Busca Una Mujer,album,0.374,0.727,10.0,-4.352,0.0309,0.237,0.0,0.134,0.283,155.127,257027.0,"Luis Miguel - ""La Incondicional"" (Video Oficial)",Warner Music México,157325196.0,604843.0,20964.0,True,True,392257514.0
Luis Miguel,Hasta Que Me Olvides,Aries,album,0.641,0.593,3.0,-7.884,0.0264,0.46,0.0,0.169,0.437,119.828,281000.0,"Luis Miguel - ""Hasta Que Me Olvides"" (Vídeo Oficial)",Luis Bibián Oficial,1006758.0,13068.0,1056.0,False,False,303652374.0
Luis Miguel,Culpable O No - Miénteme Como Siempre,Busca Una Mujer,album,0.54,0.367,0.0,-14.238,0.0277,0.0367,0.0,0.0433,0.252,70.276,237240.0,Luis Miguel - Culpable o No (Miénteme Como Siempre) 1988,Manquín Vintage Videos,375491.0,4708.0,234.0,False,False,268107480.0
Luis Miguel,Por Debajo De La Mesa,Romances,album,0.401,0.499,0.0,-7.643,0.0272,0.217,0.0,0.149,0.262,144.276,184080.0,"Luis Miguel - ""Por Debajo de la Mesa"" (Video Oficial)",Warner Music México,117161559.0,372824.0,11354.0,True,True,235730264.0
Luis Miguel,La Media Vuelta,Segundo Romance,album,0.631,0.683,7.0,-8.788,0.0344,0.291,0.0,0.0994,0.708,97.959,161040.0,"Luis Miguel - ""La Media Vuelta"" (Video Oficial)",Warner Music México,130543675.0,344687.0,11739.0,True,True,229810217.0
Luis Miguel,Tengo Todo Excepto a Ti,20 Años,album,0.542,0.665,0.0,-8.121,0.0297,0.522,0.0,0.177,0.417,147.977,272827.0,"Luis Miguel - ""Tengo Todo Excepto A Ti"" (Video Oficial)",Warner Music México,47486131.0,183468.0,7981.0,True,True,
Luis Miguel,No Sé Tú,Romance,album,0.389,0.443,10.0,-8.546,0.0304,0.571,0.00178,0.114,0.0888,76.54,229853.0,"Luis Miguel - ""No Sé Tú"" (Video Oficial)",Warner Music México,140665690.0,411448.0,15387.0,True,True,172275945.0
Luis Miguel,Sabor a Mi,Romances,album,0.663,0.579,10.0,-6.982,0.0269,0.645,0.0,0.189,0.48,89.929,185040.0,Luis Miguel - Sabor A Mi (Video Con Letra),Warner Music México,9656892.0,62146.0,758.0,True,True,127896578.0
Luis Miguel,La bikina - En vivo,Vivo,album,0.389,0.71,5.0,-6.265,0.0351,0.161,0.0,0.918,0.666,160.397,179040.0,"Luis Miguel - ""La Bikina"" (Video Oficial)",Warner Music México,207911622.0,556658.0,24537.0,True,True,106123325.0
Ludovico Einaudi,Nuvole Bianche,Una Mattina,album,0.191,0.0582,8.0,-25.398,0.0578,0.961,0.89,0.0941,0.0454,132.614,357707.0,Ludovico Einaudi - Nuvole Bianche (Official Music Video),LudovicoEinaudiVEVO,12422512.0,114821.0,4830.0,True,True,312614767.0
Ludovico Einaudi,Experience,In A Time Lapse,album,0.447,0.449,2.0,-10.634,0.0376,0.934,0.961,0.0697,0.036,92.468,315427.0,Ludovico Einaudi - Experience,LudovicoEinaudiVEVO,55189657.0,1276626.0,32926.0,True,True,304049897.0
Ludovico Einaudi,Una Mattina,Una Mattina,album,0.231,0.0297,2.0,-31.544,0.0579,0.991,0.878,0.0742,0.07,131.413,203800.0,Ludovico Einaudi - Una Mattina,Beatriz,18827869.0,185950.0,3358.0,False,False,177586576.0
Ludovico Einaudi,Primavera,Divenire (Deluxe Edition),album,0.231,0.206,0.0,-13.593,0.0332,0.965,0.856,0.17,0.136,141.628,442400.0,Ludovico Einaudi - Primavera,LudovicoLove,4092349.0,60810.0,1654.0,False,False,85582447.0
Ludovico Einaudi,Natural Light,Underwater,album,0.218,0.00352,1.0,-39.627,0.0515,0.992,0.951,0.139,0.192,68.61,335542.0,Ludovico Einaudi - Natural Light (Performance Video),LudovicoEinaudiVEVO,653911.0,12247.0,409.0,True,True,31987794.0
Ludovico Einaudi,Luminous,Underwater,album,0.307,0.00229,1.0,-34.977,0.0519,0.992,0.931,0.098,0.281,67.775,283280.0,Ludovico Einaudi – Luminous (Performance Video),Ludovico Einaudi,602647.0,14581.0,417.0,False,True,
Ludovico Einaudi,Wind Song,Underwater,album,0.339,0.00572,11.0,-32.309,0.0378,0.986,0.923,0.103,0.0616,72.7,198650.0,Ludovico Einaudi - Wind Song (Performance Video),LudovicoEinaudiVEVO,703698.0,18068.0,389.0,True,True,
Ludovico Einaudi,Rolling Like A Ball,Underwater,album,0.208,0.012,8.0,-29.933,0.0422,0.987,0.919,0.1,0.0391,175.159,257217.0,Ludovico Einaudi - Rolling Like A Ball (Performance Video),LudovicoEinaudiVEVO,473964.0,10849.0,425.0,True,True,13213932.0
Ludovico Einaudi,Temple White,Underwater,album,0.303,0.00958,8.0,-28.556,0.054,0.991,0.953,0.109,0.212,72.204,264845.0,Ludovico Einaudi - Temple White (Performance Video),LudovicoEinaudiVEVO,768901.0,13389.0,445.0,True,True,
Ludovico Einaudi,The Tree,Moments of Peace,album,0.316,0.00329,5.0,-38.901,0.0482,0.994,0.957,0.0933,0.415,90.804,199167.0,Ludovico Einaudi - The Tree,LudovicoEinaudiVEVO,241537.0,5145.0,235.0,True,True,3368451.0
Linkin Park,In the End,Hybrid Theory (Bonus Edition),album,0.556,0.864,3.0,-5.87,0.0584,0.00958,0.0,0.209,0.4,105.143,216880.0,In The End [Official HD Music Video] - Linkin Park,Linkin Park,1487186392.0,10183387.0,409471.0,True,True,1444841705.0
Linkin Park,Numb,Meteora,album,0.496,0.863,9.0,-4.153,0.0381,0.0046,0.0,0.639,0.243,110.018,185587.0,Numb [Official Music Video] - Linkin Park,Linkin Park,1928733776.0,12341722.0,550921.0,True,True,1195213410.0
Linkin Park,Numb / Encore,Numb / Encore: MTV Ultimate Mash-Ups Presents Collision Course,single,0.687,0.793,2.0,-4.254,0.166,0.0603,0.0,0.582,0.751,107.045,205733.0,Numb/Encore [Live] - Linkin Park & Jay Z,Linkin Park,44436981.0,226771.0,9260.0,True,True,778880225.0
Linkin Park,What I've Done,Minutes to Midnight,album,0.623,0.93,5.0,-5.285,0.0324,0.0141,1.64e-06,0.138,0.287,120.119,205613.0,What I've Done [Official Music Video] - Linkin Park,Linkin Park,587927093.0,3370635.0,148741.0,True,True,589294152.0
Linkin Park,One Step Closer,Hybrid Theory (Bonus Edition),album,0.492,0.969,9.0,-4.419,0.0491,0.0014,1.32e-06,0.0787,0.538,95.136,157333.0,One Step Closer [Official HD Music Video] - Linkin Park,Linkin Park,154808291.0,1102031.0,33750.0,True,True,447287242.0
Linkin Park,Faint,Meteora,album,0.554,0.978,4.0,-3.554,0.131,0.111,0.0,0.0731,0.594,135.095,162600.0,Faint [Official Music Video] - Linkin Park,Linkin Park,378323695.0,2061834.0,65731.0,True,True,413355749.0
Linkin Park,Crawling,Hybrid Theory (Bonus Edition),album,0.58,0.702,4.0,-5.565,0.0337,0.0466,3.2e-06,0.536,0.299,105.076,208960.0,Crawling [Official HD Music Video] - Linkin Park,Linkin Park,374506972.0,2197293.0,96490.0,True,True,391929621.0
Linkin Park,Bleed It Out,Minutes to Midnight,album,0.529,0.967,1.0,-3.647,0.0508,0.114,0.0,0.61,0.596,140.127,166373.0,Bleed It Out [Official Music Video] - Linkin Park,Linkin Park,135176149.0,762715.0,27609.0,True,True,388331061.0
Linkin Park,BURN IT DOWN,LIVING THINGS,album,0.585,0.972,9.0,-4.45,0.0534,0.0143,0.0,0.0707,0.585,110.006,230253.0,BURN IT DOWN [Official Music Video] - Linkin Park,Linkin Park,353135986.0,2534190.0,113567.0,True,True,368132993.0
Linkin Park,Papercut,Hybrid Theory (Bonus Edition),album,0.524,0.939,9.0,-3.994,0.113,0.00022,0.0,0.623,0.661,150.184,184867.0,Papercut [Official HD Music Video] - Linkin Park,Linkin Park,240834555.0,1400306.0,50003.0,True,True,
Kanye West,Stronger,Graduation,album,0.617,0.717,10.0,-7.858,0.153,0.00564,0.0,0.408,0.49,103.992,311867.0,Kanye West - Stronger,KanyeWestVEVO,432609094.0,2878369.0,156021.0,True,True,1123296395.0
Kanye West,Ni**as In Paris,Watch The Throne (Deluxe),album,0.789,0.858,1.0,-5.542,0.311,0.127,0.0,0.349,0.775,140.022,219333.0,Jay-Z & Kanye West - Ni**as In Paris (Explicit),KanyeWestVEVO,374189685.0,2521768.0,103200.0,True,True,1054470731.0
Kanye West,Gold Digger,Late Registration,album,0.629,0.696,1.0,-5.572,0.348,0.0195,0.0,0.0554,0.623,93.034,207627.0,Kanye West - Gold Digger ft. Jamie Foxx,KanyeWestVEVO,323806093.0,1797312.0,71502.0,True,True,853381478.0
Kanye West,Heartless,808s & Heartbreak,album,0.79,0.647,10.0,-5.983,0.136,0.0515,0.0,0.248,0.654,87.999,211000.0,Kanye West - Heartless,KanyeWestVEVO,200458945.0,1310078.0,63150.0,True,True,720756420.0
Kanye West,Father Stretch My Hands Pt. 1,The Life Of Pablo,album,0.724,0.573,7.0,-4.113,0.0549,0.118,0.0,0.538,0.438,113.088,135920.0,Father Stretch My Hands Pt. 1,Kanye West - Topic,47207589.0,587832.0,6406.0,True,True,
Kanye West,Bound 2,Yeezus,album,0.367,0.665,1.0,-2.821,0.0465,0.145,0.0,0.113,0.31,148.913,229147.0,Kanye West - Bound 2 (Explicit),KanyeWestVEVO,105206228.0,1105989.0,129255.0,True,True,578115634.0
Kanye West,Flashing Lights,Graduation,album,0.639,0.628,6.0,-7.578,0.0399,0.0381,0.0,0.386,0.43,90.482,237507.0,Kanye West - Flashing Lights ft. Dwele,KanyeWestVEVO,123256878.0,959510.0,35828.0,True,True,543286408.0
Kanye West,Homecoming,Graduation,album,0.667,0.747,1.0,-7.059,0.189,0.337,0.0,0.115,0.918,86.917,203493.0,Kanye West - Homecoming,KanyeWestVEVO,101552405.0,540229.0,25030.0,True,True,379099876.0
Kanye West,Violent Crimes,ye,album,0.669,0.419,1.0,-6.724,0.522,0.376,0.0,0.187,0.0397,109.813,215320.0,Kanye West - Violent Crimes (Music Video),Ray Moore Jr.,343239.0,10149.0,398.0,False,False,335460654.0
Kanye West,I Wonder,Graduation,album,0.542,0.466,0.0,-8.665,0.0831,0.141,0.000445,0.125,0.124,191.385,243440.0,I Wonder,Kanye West - Topic,13652003.0,161439.0,692.0,True,True,
JAY-Z,Ni**as In Paris,Watch The Throne (Deluxe),album,0.789,0.858,1.0,-5.542,0.311,0.127,0.0,0.349,0.775,140.022,219333.0,Jay-Z & Kanye West - Ni**as In Paris (Explicit),KanyeWestVEVO,374189685.0,2521768.0,103200.0,True,True,1054470731.0
JAY-Z,Numb / Encore,Numb / Encore: MTV Ultimate Mash-Ups Presents Collision Course,single,0.687,0.793,2.0,-4.254,0.166,0.0603,0.0,0.582,0.751,107.045,205733.0,Numb/Encore - Linkin Park ft. Jay Z (Unofficial Music Video),Neil Collins,47752493.0,219401.0,4024.0,False,False,778880225.0
JAY-Z,Empire State Of Mind,The Blueprint 3,album,0.491,0.956,11.0,-1.538,0.392,0.0295,0.0,0.46,0.811,173.585,276920.0,JAY-Z - Empire State Of Mind ft. Alicia Keys,JayZVEVO,95231588.0,833985.0,11631.0,True,True,678424384.0
JAY-Z,Run This Town,The Blueprint 3,album,0.632,0.924,1.0,-1.802,0.29,0.281,0.0,0.263,0.441,86.844,267520.0,Jay z ft Rihanna and Kanye west - Run this town,Kayser926,17001975.0,138161.0,5585.0,False,False,296375103.0
JAY-Z,No Church In The Wild,Watch The Throne (Deluxe),album,0.654,0.75,8.0,-7.509,0.105,0.246,0.0178,0.167,0.557,92.78,272507.0,"Jay-Z & Kanye West - No Church In The Wild ft. Frank Ocean, The-Dream",KanyeWestVEVO,106953199.0,826069.0,53502.0,True,True,293182456.0
JAY-Z,Otis,Watch The Throne (Deluxe),album,0.754,0.631,7.0,-4.751,0.307,0.552,0.0,0.5,0.432,94.577,178213.0,"JAY Z, Kanye West - Otis ft. Otis Redding",KanyeWestVEVO,224971063.0,1192658.0,94999.0,True,True,170592836.0
JAY-Z,Gotta Have It,Watch The Throne (Deluxe),album,0.74,0.574,4.0,-6.938,0.245,0.411,0.0,0.262,0.33,149.762,140747.0,"Jay-Z x Kanye West ""Gotta Have It"" Music Video",Sebastian Sdaigui,681129.0,6477.0,291.0,False,False,128273029.0
JAY-Z,03' Bonnie & Clyde,The Blueprint 2: The Gift & The Curse,album,0.759,0.678,9.0,-5.148,0.314,0.23,0.0,0.15,0.327,89.64,205560.0,JAY-Z - '03 Bonnie & Clyde ft. Beyoncé Knowles,JayZVEVO,22824654.0,278099.0,5625.0,True,True,115228530.0
JAY-Z,Love All (with JAY-Z),Certified Lover Boy,album,0.73,0.576,2.0,-5.442,0.287,0.354,3.59e-05,0.15,0.155,92.131,228461.0,"Drake ft. JAY-Z ""Love All"" (Music Video)",RAPTRAX,7101653.0,51843.0,1182.0,False,False,114490460.0
JAY-Z,4:44,4:44,album,0.261,0.852,9.0,-4.965,0.158,0.139,4.26e-05,0.477,0.431,177.997,284493.0,JAY-Z - 4:44,JayZVEVO,25189646.0,272421.0,11734.0,True,True,73726722.0
Hans Zimmer,Time,Inception (Music from the Motion Picture),album,0.286,0.0968,7.0,-16.806,0.0323,0.178,0.696,0.0861,0.0395,62.881,275556.0,Hans Zimmer - Time (Official Audio),WaterTower Music,2253213.0,32073.0,982.0,True,True,274717861.0
Hans Zimmer,Cornfield Chase,Interstellar (Original Motion Picture Soundtrack) [Expanded Edition],album,0.18,0.226,9.0,-16.457,0.042,0.951,0.982,0.0998,0.048,94.079,126960.0,Hans Zimmer - Cornfield Chase,Jazzy J,24110.0,505.0,12.0,False,False,184183799.0
Hans Zimmer,Day One (Interstellar Theme),Interstellar (Original Motion Picture Soundtrack) [Expanded Edition],album,0.311,0.0173,9.0,-27.788,0.0348,0.927,0.964,0.0727,0.0658,95.985,199423.0,Hans Zimmer - Day One (Interstellar Soundtrack),Jennyni20 (Epic Music),1914243.0,18952.0,715.0,False,False,99255767.0
Hans Zimmer,Mountains,Interstellar (Original Motion Picture Soundtrack) [Expanded Edition],album,0.304,0.0585,9.0,-16.949,0.0351,0.59,0.928,0.0982,0.0371,119.975,219093.0,Hans Zimmer - Mountains (Interstellar Soundtrack),Jennyni20 (Epic Music),17641271.0,174881.0,12574.0,False,False,67756753.0
Hans Zimmer,S.T.A.Y.,Interstellar (Original Motion Picture Soundtrack) [Expanded Edition],album,0.0793,0.0301,5.0,-30.777,0.0425,0.933,0.929,0.0741,0.0256,191.413,383513.0,,,,,,,,58728084.0
Hans Zimmer,"This Land - From ""The Lion King""/Score",The Lion King,compilation,0.145,0.174,7.0,-19.155,0.0396,0.516,0.633,0.0784,0.132,100.089,175400.0,Hans Zimmer - Lion King - This Land,xMOPEx,1460405.0,12277.0,537.0,False,False,58570028.0
Hans Zimmer,Chevaliers De Sangreal - From The Da Vinci Code Original Motion Picture Soundtrack,The Da Vinci Code,album,0.169,0.222,7.0,-15.954,0.0356,0.528,0.964,0.107,0.0397,110.877,247400.0,"ᴴᴰ Hans Zimmer - Chevaliers de Sangreal ALL VERSIONS (The Da Vinci Code), (Angels & Demons)",NotLessOrEqual,12702181.0,66885.0,2792.0,False,False,55582162.0
Hans Zimmer,First Step,Interstellar (Original Motion Picture Soundtrack) [Expanded Edition],album,0.163,0.084,9.0,-19.007,0.0329,0.433,0.95,0.102,0.0345,71.028,107767.0,"Hans Zimmer - First Step (Original soundtrack ""Interstellar"" - Main Theme) Special Music Video 2019",WM Travel to Waters by VideoWolf,9613.0,201.0,119.0,False,False,23482064.0
Hans Zimmer,Main Titles (You’ve Been Called Back to Top Gun),Top Gun: Maverick (Music From The Motion Picture),album,0.493,0.302,5.0,-12.478,0.0289,0.0404,0.834,0.107,0.157,107.425,150667.0,"Harold Faltermeyer, Lady Gaga, Hans Zimmer, & Lorne Balfe – Main Titles",Interscope Records,1825118.0,19078.0,620.0,False,False,20954709.0
Hans Zimmer,Top Gun Anthem,Top Gun: Maverick (Music From The Motion Picture),album,0.448,0.336,2.0,-13.124,0.0322,0.00145,0.838,0.0661,0.0364,107.351,148933.0,"Harold Faltermeyer, Lady Gaga, Hans Zimmer, & Lorne Balfe – Top Gun Anthem",Interscope Records,2542697.0,34153.0,1422.0,False,False,
Green Day,Basket Case,Dookie,album,0.442,0.943,3.0,-3.205,0.0602,0.00293,8.71e-06,0.091,0.781,85.064,181533.0,Green Day - Basket Case [Official Music Video],Green Day,306195825.0,1783994.0,62926.0,True,True,778937392.0
Green Day,American Idiot,American Idiot,album,0.38,0.988,1.0,-2.042,0.0639,2.64e-05,7.86e-05,0.368,0.769,186.113,176346.0,Green Day - American Idiot [Official Music Video],Green Day,223477721.0,1599727.0,65058.0,True,True,706697133.0
Green Day,Wake Me up When September Ends,American Idiot,album,0.546,0.814,7.0,-5.146,0.0314,0.023,0.0,0.0972,0.146,104.98,285653.0,Green Day - Wake Me Up When September Ends [Official Music Video],Green Day,204329776.0,1636380.0,108818.0,True,True,572329705.0
Green Day,Boulevard of Broken Dreams,Greatest Hits: God's Favorite Band,compilation,0.496,0.682,8.0,-4.095,0.0294,0.00552,2.94e-05,0.0589,0.474,167.06,262333.0,Green Day - Boulevard Of Broken Dreams [Official Music Video],Green Day,694614010.0,5750425.0,166526.0,True,True,551065028.0
Green Day,Good Riddance (Time of Your Life),Nimrod,album,0.475,0.432,7.0,-7.844,0.0302,0.183,0.0,0.161,0.648,94.605,153467.0,Green Day - Good Riddance (Time of Your Life) [Official Music Video] [4K UPGRADE],Green Day,86982693.0,569250.0,30161.0,True,True,493904399.0
Green Day,21 Guns,21st Century Breakdown,album,0.268,0.742,5.0,-4.939,0.0355,0.0518,0.0,0.626,0.416,159.779,321093.0,Green Day - 21 Guns [Official Music Video],Green Day,470464081.0,2920109.0,124685.0,True,True,470768474.0
Green Day,When I Come Around,Dookie,album,0.531,0.909,11.0,-4.236,0.034,0.0175,0.0,0.231,0.814,97.546,178000.0,Green Day - When I Come Around [Official Music Video],Green Day,110891049.0,588715.0,22284.0,True,True,373991248.0
Green Day,Holiday / Boulevard of Broken Dreams,American Idiot,album,0.29,0.827,8.0,-3.451,0.0362,0.000659,2.55e-06,0.301,0.45,167.086,493400.0,Green Day - Holiday/Boulevard Of Broken Dreams (Video),Beto Cruz,168152.0,3045.0,182.0,False,False,352299012.0
Green Day,Holiday,Greatest Hits: God's Favorite Band,compilation,0.552,0.89,8.0,-3.409,0.0342,0.000143,0.0,0.888,0.716,146.525,232680.0,Green Day - Holiday [Official Music Video],Green Day,118437958.0,851013.0,22129.0,True,True,215950182.0
Green Day,Brain Stew,Insomniac,album,0.559,0.543,1.0,-5.429,0.302,0.00133,2e-05,0.0577,0.337,75.958,193000.0,Green Day - Brain Stew/Jaded [Official Music Video],Green Day,29134130.0,300946.0,15066.0,True,True,137134525.0
Gorillaz,Feel Good Inc.,Demon Days,album,0.818,0.705,6.0,-6.679,0.177,0.00836,0.00233,0.613,0.772,138.559,222640.0,Gorillaz - Feel Good Inc. (Official Video),Gorillaz,693555221.0,6220896.0,169907.0,True,True,1040234854.0
Gorillaz,Clint Eastwood,Gorillaz,album,0.663,0.694,10.0,-8.627,0.171,0.0253,0.0,0.0698,0.525,167.953,340920.0,Gorillaz - Clint Eastwood (Official Video),Gorillaz,618480958.0,6197318.0,155930.0,True,True,617259738.0
Gorillaz,On Melancholy Hill,Plastic Beach,album,0.689,0.739,2.0,-5.81,0.026,1.51e-05,0.509,0.064,0.578,120.423,233867.0,Gorillaz - On Melancholy Hill (Official Video),Gorillaz,211754952.0,1788577.0,55229.0,True,True,434663559.0
Gorillaz,DARE,Demon Days,album,0.76,0.891,11.0,-5.852,0.0372,0.0229,0.0869,0.298,0.966,120.264,245000.0,Gorillaz - DARE (Official Video),Gorillaz,259021161.0,1844658.0,72008.0,True,True,323850327.0
Gorillaz,Rhinestone Eyes,Plastic Beach,album,0.676,0.703,8.0,-5.815,0.0302,0.0869,0.000687,0.0463,0.852,92.761,200173.0,Gorillaz - Rhinestone Eyes [Storyboard Film] (Official Music Video),Gorillaz,72011645.0,1079128.0,31003.0,True,True,
Gorillaz,Dirty Harry,Demon Days,album,0.625,0.877,10.0,-7.176,0.162,0.0315,0.0811,0.672,0.865,192.296,230426.0,Gorillaz - Dirty Harry (Official Video),Gorillaz,154761056.0,1386920.0,39240.0,True,True,191074713.0
Gorillaz,She's My Collar (feat. Kali Uchis),Humanz (Deluxe),album,0.726,0.815,11.0,-5.886,0.0313,0.00799,0.081,0.112,0.462,140.158,209560.0,Gorillaz - She's My Collar [HQ],SalvaMuñox,1010982.0,17675.0,260.0,False,False,159605929.0
Gorillaz,New Gold (feat. Tame Impala and Bootie Brown),New Gold (feat. Tame Impala and Bootie Brown),single,0.695,0.923,1.0,-3.93,0.0522,0.0425,0.0469,0.116,0.551,108.014,215150.0,Gorillaz - New Gold ft. Tame Impala & Bootie Brown (Official Visualiser),Gorillaz,8435055.0,282142.0,7399.0,True,True,63063467.0
Gorillaz,Cracker Island (feat. Thundercat),Cracker Island (feat. Thundercat),single,0.741,0.913,2.0,-3.34,0.0465,0.00343,0.103,0.325,0.643,120.012,213750.0,Gorillaz - Cracker Island ft. Thundercat (Official Video),Gorillaz,24459820.0,739527.0,20296.0,True,True,42671901.0
Gorillaz,New Gold (feat. Tame Impala and Bootie Brown) - Dom Dolla Remix,New Gold (feat. Tame Impala and Bootie Brown) [Dom Dolla Remix],single,0.716,0.897,4.0,-7.185,0.0629,0.012,0.262,0.325,0.358,127.03,274142.0,"Gorillaz - New Gold ft. Tame Impala, Bootie Brown (Dom Dolla Remix) (Official Live Video)",Dom Dolla,451996.0,11686.0,241.0,False,True,10666154.0
Farruko,Pepas,La 167,album,0.762,0.766,7.0,-3.955,0.0343,0.00776,6.98e-05,0.128,0.442,130.001,287120.0,Farruko - Pepas (Official Video),FARRUKOVEVO,518925108.0,4581525.0,91974.0,True,True,1174282383.0
Farruko,Calma - Remix,MUNAY,album,0.826,0.764,11.0,-4.341,0.0522,0.337,0.0,0.161,0.761,126.9,237627.0,"Pedro Capó, Farruko - Calma (Remix - Official Video)",capoVEVO,2661002503.0,12824730.0,365438.0,True,True,1048932845.0
Farruko,Diles,Diles,single,0.813,0.56,2.0,-5.904,0.0618,0.108,0.0,0.268,0.287,118.033,286041.0,"Diles - Bad Bunny, Ozuna, Farruko, Arcangel, Ñengo Flow",Hear This Music,986386304.0,3786939.0,81763.0,True,True,628424773.0
Farruko,Fantasias,Fantasias,single,0.879,0.703,1.0,-4.219,0.0701,0.143,0.0,0.0569,0.788,94.004,199711.0,Rauw Alejandro ❌ Farruko - Fantasías (Video Oficial),Rauw Alejandro,567182812.0,2193036.0,30404.0,True,True,569523901.0
Farruko,On My Way,World Of Walker,album,0.522,0.697,1.0,-5.288,0.103,0.0291,0.0,0.319,0.235,169.775,193959.0,"Alan Walker, Sabrina Carpenter & Farruko  - On My Way",Alan Walker,496745873.0,9294232.0,318569.0,True,True,529555988.0
Farruko,Si Se Da - Remix,Si Se da Remix,single,0.817,0.672,11.0,-5.612,0.299,0.441,0.0,0.13,0.774,93.999,332240.0,"Myke Towers, Farruko, Arcangel, Sech & Zion - Si Se Da Remix (Video Oficial)",Myke Towers,1202913849.0,3283909.0,54002.0,False,True,396374422.0
Farruko,Si Me Dices Que Sí,Si Me Dices Que Sí,single,0.578,0.634,8.0,-5.979,0.333,0.00473,0.0,0.132,0.216,183.89,211652.0,"Reik, Farruko, Camilo - Si Me Dices Que Sí",reikVEVO,129179970.0,897239.0,13226.0,True,True,290126900.0
Farruko,Passion Whine,Farruko Presents Los Menores,album,0.756,0.689,10.0,-3.87,0.0648,0.327,0.0,0.0586,0.782,162.006,213312.0,Farruko - Passion Whine ft. Sean Paul (Official Video),FARRUKOVEVO,528082104.0,1592808.0,25210.0,True,True,195678858.0
Farruko,Color Esperanza 2020,Color Esperanza 2020,single,0.591,0.785,9.0,-7.768,0.161,0.161,0.0,0.126,0.785,106.002,217547.0,Color Esperanza 2020 - Various Artists (Official Video),Latin Waves,24706293.0,557112.0,17598.0,False,False,89466323.0
Farruko,Patio de la Cárcel - Tangos,Quejíos de un Maleante,album,0.788,0.814,9.0,-3.822,0.217,0.562,0.0,0.208,0.665,97.982,202098.0,"Omar Montes, Farruko - Patio de la Cárcel (Tangos - Official Video)",OmarMontesVEVO,10487689.0,86026.0,1945.0,True,True,13182610.0
Eminem,Till I Collapse,The Eminem Show,album,0.548,0.847,1.0,-3.237,0.186,0.0622,0.0,0.0816,0.1,171.447,297787.0,Eminem - Till I Collapse Feat. Nate Dogg [OFFICIAL MUSIC VIDEO],Mydełko,1931315.0,18992.0,291.0,False,False,1548871694.0
Eminem,Without Me,The Eminem Show,album,0.908,0.669,7.0,-2.827,0.0738,0.00286,0.0,0.237,0.662,112.238,290320.0,Eminem - Without Me (Official Music Video),EminemVEVO,1590485349.0,11469490.0,341006.0,True,True,
Eminem,The Real Slim Shady,The Marshall Mathers LP,album,0.949,0.661,5.0,-4.244,0.0572,0.0302,0.0,0.0454,0.76,104.504,284200.0,Eminem - The Real Slim Shady (Official Video - Clean Version),EminemVEVO,777507160.0,6489755.0,169037.0,True,True,
Eminem,Love The Way You Lie,Recovery,album,0.749,0.925,10.0,-5.034,0.227,0.241,0.0,0.52,0.641,86.989,263373.0,Eminem - Love The Way You Lie ft. Rihanna,EminemVEVO,2539156924.0,12696568.0,599124.0,True,True,
Eminem,Godzilla (feat. Juice WRLD),Music To Be Murdered By,album,0.808,0.745,10.0,-5.26,0.342,0.145,0.0,0.292,0.829,165.995,210800.0,Eminem - Godzilla ft. Juice WRLD (Directed by Cole Bennett),Lyrical Lemonade,547039623.0,9287567.0,398333.0,False,False,1072650382.0
Eminem,Mockingbird,Encore (Deluxe Version),album,0.637,0.678,0.0,-3.798,0.266,0.209,0.0,0.156,0.254,84.039,250760.0,Eminem - Mockingbird [Official Music Video],EminemVEVO,719661717.0,5550929.0,205147.0,True,True,908006704.0
Eminem,Stan,The Marshall Mathers LP,album,0.78,0.768,6.0,-4.325,0.238,0.0371,2.34e-06,0.518,0.507,80.063,404107.0,Eminem - Stan (Long Version) ft. Dido,EminemVEVO,623027280.0,5152714.0,199113.0,True,True,799979337.0
Eminem,Not Afraid,Recovery,album,0.855,0.954,0.0,-1.19,0.264,0.529,0.0,0.205,0.668,114.635,248133.0,Eminem - Not Afraid,EminemVEVO,1727241246.0,11425215.0,872181.0,True,True,789922926.0
Eminem,Superman,The Eminem Show,album,0.802,0.755,4.0,-3.138,0.0564,0.0215,0.0,0.295,0.58,130.027,350320.0,Eminem - Superman (Clean Version) ft. Dina Rae,EminemVEVO,139257221.0,950561.0,35404.0,True,True,466021760.0
Eminem,Sing For The Moment,The Eminem Show,album,0.668,0.824,5.0,-4.164,0.137,0.0017,3.05e-06,0.0426,0.185,163.961,339547.0,Eminem - Sing For The Moment (Official Music Video),EminemVEVO,454015875.0,2471743.0,99418.0,True,True,
Dr. Dre,Still D.R.E.,2001,album,0.816,0.775,11.0,-3.323,0.234,0.16,0.00031,0.0543,0.527,93.431,270587.0,Dr. Dre - Still D.R.E. ft. Snoop Dogg,DrDreVEVO,1233860763.0,9629569.0,294499.0,True,True,1085977338.0
Dr. Dre,The Next Episode,2001,album,0.922,0.909,10.0,-2.429,0.27,0.0281,0.0,0.0856,0.309,95.295,161507.0,"Dr. Dre - The Next Episode (Official Music Video) ft. Snoop Dogg, Kurupt, Nate Dogg",DrDreVEVO,623064998.0,5614192.0,137453.0,True,True,754591572.0
Dr. Dre,Forgot About Dre,2001,album,0.924,0.74,8.0,-1.299,0.0774,0.0827,0.0,0.163,0.621,133.974,222293.0,"Eminem, Dr. Dre - Forgot About Dre (Explicit) (Official Music Video) ft. Hittman",DrDreVEVO,201863792.0,1505962.0,53190.0,True,True,601201524.0
Dr. Dre,What's The Difference,2001,album,0.772,0.821,11.0,-0.14,0.25,0.223,0.0,0.148,0.77,91.921,244200.0,Dr. Dre - What's the Difference .ft. Eminem & X-Zibit [ Fan-Made Video ],RedDome1995,234983.0,1114.0,53.0,False,False,307494929.0
Dr. Dre,I Need A Doctor,I Need A Doctor,single,0.594,0.946,3.0,-4.521,0.452,0.0869,0.0,0.306,0.397,155.826,283733.0,"Dr. Dre - I Need A Doctor (Explicit) ft. Eminem, Skylar Grey",DrDreVEVO,482937774.0,2958284.0,240010.0,True,True,283879765.0
Dr. Dre,Xxplosive,2001,album,0.765,0.88,1.0,-4.361,0.116,0.176,1e-05,0.139,0.929,168.96,215200.0,Dr.Dre - Xxplosive,UrbanMusicSource,12036263.0,87956.0,1342.0,False,False,196936815.0
Dr. Dre,Keep Their Heads Ringin',Friday (Original Motion Picture Soundtrack),compilation,0.672,0.777,9.0,-4.238,0.0956,0.0379,0.00141,0.159,0.238,90.575,305573.0,Dr. Dre - Keep Their Heads Ringin' (Official Video) [Explicit],UPROXX Video,7735120.0,84144.0,2156.0,False,False,122828295.0
Dr. Dre,Kush - Main,Kush,single,0.444,0.866,7.0,-6.217,0.111,0.000622,4.72e-05,0.105,0.375,94.968,235120.0,"Dr. Dre - Kush ft. Snoop Dogg, Akon",DrDreVEVO,194414043.0,968198.0,61187.0,True,True,118973790.0
Dr. Dre,The Watcher,2001,album,0.939,0.486,7.0,-3.488,0.207,0.172,0.0,0.264,0.517,97.582,206547.0,Dr. Dre - The Watcher (Dirty/Explicit Music Video) Remastered 1080p,Rap Smoke,1192.0,22.0,0.0,False,False,85334262.0
Dr. Dre,Gospel (with Eminem),Gospel (with Eminem),single,0.919,0.869,1.0,-4.441,0.232,0.103,1.2e-05,0.166,0.655,117.03,210027.0,"Dr. Dre, Eminem - Gospel (Official Video) GTA ONLINE Soundtrack",The Good Life,34499.0,649.0,31.0,False,False,
Don Toliver,"Lemonade (feat. Gunna, Don Toliver & NAV)",B4 The Storm,album,0.8,0.658,1.0,-6.142,0.079,0.25,0.0,0.111,0.462,140.042,195429.0,"Internet Money - Lemonade ft. Don Toliver, Gunna & Nav (Directed by Cole Bennett)",Lyrical Lemonade,188678850.0,2671691.0,66140.0,False,False,1142825569.0
Don Toliver,No Idea,Heaven Or Hell,album,0.652,0.631,6.0,-5.718,0.0893,0.524,0.000579,0.165,0.35,127.998,154424.0,Don Toliver - No Idea [Official Music Video],Don Toliver,284033349.0,3473758.0,55136.0,True,True,682479132.0
Don Toliver,After Party,Heaven Or Hell,album,0.629,0.692,5.0,-8.045,0.0376,0.00981,0.331,0.603,0.453,162.948,167916.0,Don Toliver - After Party [Official Music Video],Don Toliver,78483083.0,1082398.0,22200.0,True,True,
Don Toliver,Cardigan,Heaven Or Hell,album,0.747,0.497,4.0,-6.542,0.0401,0.248,0.0,0.138,0.0663,142.046,158709.0,Don Toliver - Cardigan [Official Music Video],Don Toliver,24139842.0,343353.0,6184.0,True,True,171091255.0
Don Toliver,Mystery Lady,Studying Abroad: Extended Stay,album,0.747,0.494,3.0,-7.957,0.141,0.393,0.0,0.0982,0.624,76.006,228453.0,"Masego, Don Toliver - Mystery Lady",MasegoVEVO,31440593.0,542757.0,10632.0,True,True,141369736.0
Don Toliver,Honest (feat. Don Toliver),Honest,single,0.81,0.655,8.0,-6.779,0.0698,0.127,8.16e-05,0.105,0.809,150.002,193322.0,Justin Bieber - Honest ft. Don Toliver,JustinBieberVEVO,30608215.0,567407.0,30951.0,True,True,92010224.0
Don Toliver,Drugs N Hella Melodies (feat. Kali Uchis),Life of a DON,album,0.56,0.707,1.0,-6.863,0.07,0.264,0.000268,0.108,0.341,147.0,198058.0,Don Toliver - Drugs N Hella Melodies (feat. Kali Uchis) [Official Music Video],Don Toliver,19221097.0,390046.0,7678.0,True,True,
Don Toliver,Scrape It Off (feat. Lil Uzi Vert & Don Toliver),It's Almost Dry,album,0.594,0.679,7.0,-3.702,0.345,0.484,7.83e-06,0.114,0.66,106.726,152613.0,Pusha T - Scrape It Off The Top ft. Lil Uzi Vert & Don Toliver (Visualizer),PUSHA T,712131.0,13233.0,505.0,False,False,50148408.0
Don Toliver,Used (feat. Don Toliver),SOS,album,0.733,0.685,10.0,-6.228,0.0533,0.363,0.000238,0.333,0.837,150.073,146947.0,SZA - Used (Lyric Video) ft. Don Toliver,SZAVEVO,904204.0,11866.0,131.0,True,True,49105411.0
Don Toliver,Do It Right,Do It Right,single,0.662,0.515,5.0,-6.867,0.199,0.458,0.0,0.163,0.386,69.808,174474.0,Don Toliver - Do It Right (Music Video),Don Toliver,8818478.0,127447.0,24904.0,True,True,15859788.0
Disney,"All I Want - From ""High School Musical: The Musical: The Series""","All I Want (From ""High School Musical: The Musical: The Series"")",single,0.376,0.43,0.0,-6.585,0.0328,0.0902,0.0,0.0912,0.129,77.599,177323.0,Olivia Rodrigo - All I Want (From HSMTMTS | Alternate Video | Disney+),DisneyMusicVEVO,20369344.0,462099.0,6079.0,True,True,
Disney,I'll Make a Man Out of You,Mulan (Original Soundtrack),compilation,0.672,0.322,7.0,-17.669,0.0339,0.144,2.96e-05,0.074,0.496,113.852,201680.0,Mulan | I'll Make A Man Out Of You | Disney Sing-Along,Disney,154690126.0,807784.0,0.0,True,True,266083896.0
Disney,A Whole New World - Remastered 2022,Walt Disney Records The Legacy Collection: Aladdin,album,0.273,0.227,0.0,-15.742,0.0351,0.848,2.31e-06,0.102,0.142,129.272,160307.0,A Whole New World (Remastered 2022),Brad Kane - Topic,14170.0,141.0,0.0,True,True,244111564.0
Disney,Under the Sea,The Little Mermaid Special Edition,album,0.511,0.475,10.0,-14.667,0.161,0.708,0.0,0.105,0.819,98.957,195147.0,The Little Mermaid - Under the Sea (from The Little Mermaid) (Official Video),DisneyMusicVEVO,320120240.0,722050.0,0.0,True,True,
Disney,Part of Your World,The Little Mermaid Special Edition,album,0.274,0.144,5.0,-14.516,0.0482,0.92,0.000388,0.29,0.302,61.551,195493.0,"Jodi Benson - Part of Your World (Official Video From ""The Little Mermaid"")",DisneyMusicVEVO,239113558.0,801663.0,0.0,True,True,205824087.0
Disney,I Won't Say (I'm In Love),Hercules (Original Motion Picture Soundtrack),compilation,0.684,0.481,0.0,-10.305,0.0391,0.228,0.0,0.157,0.48,121.208,140227.0,Hercules - I wont say im in love (english) HD Quality,vmville,1548721.0,23313.0,0.0,False,False,193227242.0
Disney,Gotta Go My Own Way,High School Musical 2 (Original Soundtrack),compilation,0.555,0.692,9.0,-4.767,0.0277,0.0864,3.25e-05,0.232,0.313,88.995,222360.0,"Zac Efron, Vanessa Hudgens - Gotta Go My Own Way (From ""High School Musical 2"")",DisneyMusicVEVO,31222205.0,322458.0,11634.0,True,True,147021007.0
Disney,If Only,Descendants (Original TV Movie Soundtrack),compilation,0.477,0.6,7.0,-5.652,0.0324,0.271,0.0,0.112,0.29,152.062,229813.0,Dove Cameron - If Only (from Descendants) (Official Video),DisneyMusicVEVO,228093498.0,1681967.0,72180.0,True,True,121359658.0
Disney,Be Our Guest,Beauty And The Beast (Special Edition),compilation,0.435,0.391,2.0,-13.062,0.162,0.814,0.0,0.0885,0.583,73.531,224920.0,Beauty and the Beast - Be Our Guest [High Quality],disneysongsnet,47339991.0,105691.0,0.0,False,False,117809204.0
Disney,Zero To Hero,Hercules (Original Motion Picture Soundtrack),compilation,0.474,0.82,0.0,-7.699,0.243,0.493,0.0,0.0978,0.697,164.718,140573.0,Hercules | Zero to Hero | Lyric Video | Disney Sing Along,Disney,43190273.0,179776.0,0.0,True,True,101142300.0
Die drei ???,Teil 23 - Das Geheimnis der Geisterinsel,Das Geheimnis der Geisterinsel,album,0.518,0.93,1.0,-6.246,0.858,0.404,0.0,0.884,0.241,63.653,180008.0,Die drei Fragezeichen - Das Geheimnis der Geisterinsel,Serien Schätze de,21912.0,256.0,5.0,False,False,
Die drei ???,Teil 10 - Das Geheimnis der Geisterinsel,Das Geheimnis der Geisterinsel,album,0.415,0.743,1.0,-9.428,0.836,0.181,0.0,0.339,0.376,175.024,180008.0,Die drei Fragezeichen - Das Geheimnis der Geisterinsel,Serien Schätze de,21912.0,256.0,5.0,False,False,
Die drei ???,Teil 1 - Das Geheimnis der Geisterinsel,Das Geheimnis der Geisterinsel,album,0.509,0.744,7.0,-7.231,0.899,0.318,0.0,0.156,0.54,50.977,185263.0,Die drei Fragezeichen - Das Geheimnis der Geisterinsel,Serien Schätze de,21912.0,256.0,5.0,False,False,
Die drei ???,Teil 4 - Das Geheimnis der Geisterinsel,Das Geheimnis der Geisterinsel,album,0.572,0.769,1.0,-9.557,0.761,0.269,0.0,0.609,0.453,110.304,180006.0,Die drei Fragezeichen - Das Geheimnis der Geisterinsel,Serien Schätze de,21912.0,256.0,5.0,False,False,
Die drei ???,Teil 2 - Das Geheimnis der Geisterinsel,Das Geheimnis der Geisterinsel,album,0.54,0.62,4.0,-7.805,0.482,0.292,0.0,0.558,0.62,114.792,180010.0,Die drei Fragezeichen - Das Geheimnis der Geisterinsel,Serien Schätze de,21912.0,256.0,5.0,False,False,
Die drei ???,Teil 3 - Das Geheimnis der Geisterinsel,Das Geheimnis der Geisterinsel,album,0.584,0.482,1.0,-10.423,0.865,0.563,0.0,0.664,0.638,103.357,180006.0,Die drei Fragezeichen - Das Geheimnis der Geisterinsel,Serien Schätze de,21912.0,256.0,5.0,False,False,
Die drei ???,Teil 8 - Das Geheimnis der Geisterinsel,Das Geheimnis der Geisterinsel,album,0.58,0.481,1.0,-11.331,0.821,0.218,0.0,0.342,0.471,89.886,180006.0,Die drei Fragezeichen - Das Geheimnis der Geisterinsel,Serien Schätze de,21912.0,256.0,5.0,False,False,
Die drei ???,Teil 5 - Das Geheimnis der Geisterinsel,Das Geheimnis der Geisterinsel,album,0.574,0.55,1.0,-11.386,0.909,0.403,0.0,0.41,0.677,99.695,180010.0,Die drei Fragezeichen - Das Geheimnis der Geisterinsel,Serien Schätze de,21912.0,256.0,5.0,False,False,
Die drei ???,Teil 15 - Das Geheimnis der Geisterinsel,Das Geheimnis der Geisterinsel,album,0.464,0.564,7.0,-9.479,0.483,0.226,4.8e-06,0.668,0.307,100.66,180066.0,Die drei Fragezeichen - Das Geheimnis der Geisterinsel,Serien Schätze de,21912.0,256.0,5.0,False,False,
Die drei ???,Teil 7 - Das Geheimnis der Geisterinsel,Das Geheimnis der Geisterinsel,album,0.598,0.609,0.0,-10.712,0.706,0.181,0.0,0.477,0.433,120.177,180010.0,Die drei Fragezeichen - Das Geheimnis der Geisterinsel,Serien Schätze de,21912.0,256.0,5.0,False,False,
Deftones,Change (In the House of Flies),White Pony,album,0.269,0.853,7.0,-4.647,0.0854,0.000249,0.000246,0.118,0.179,141.581,299533.0,Deftones - Change (In The House Of Flies) [Official Music Video],Deftones,33943823.0,388244.0,12705.0,True,True,221006767.0
Deftones,My Own Summer (Shove It),Around the Fur,album,0.443,0.781,1.0,-4.277,0.0377,1.33e-05,0.205,0.166,0.372,71.841,214760.0,Deftones - My Own Summer (Official Music Video) [HD Remaster],Deftones,34336850.0,265625.0,9783.0,True,True,176388309.0
Deftones,Be Quiet and Drive (Far Away),Around the Fur,album,0.206,0.965,1.0,-5.116,0.079,9.91e-06,0.827,0.367,0.168,92.615,299867.0,Deftones - Be Quiet And Drive (Far Away) (Official Video) [HD Remaster],Deftones,36805017.0,318193.0,12114.0,True,True,
Deftones,Sextape,Diamond Eyes,album,0.367,0.634,5.0,-6.475,0.027,0.000824,0.0759,0.116,0.0964,89.981,241533.0,Deftones - Sextape [Official Music Video],Deftones,27042523.0,301823.0,11022.0,True,True,100152537.0
Deftones,Digital Bath,White Pony,album,0.338,0.859,4.0,-4.938,0.0824,0.00122,0.211,0.0936,0.504,92.966,255373.0,Deftones - Digital Bath [Official Music Video],Deftones,3807263.0,43899.0,1160.0,True,True,64987410.0
Deftones,Cherry Waves,Saturday Night Wrist,album,0.47,0.859,2.0,-3.663,0.0537,0.000362,0.00691,0.142,0.17,124.01,317707.0,Deftones - Cherry Waves (Unofficial Video),Deftribute,17205.0,497.0,40.0,False,False,60617517.0
Deftones,Rosemary,Koi No Yokan,album,0.285,0.613,5.0,-6.412,0.0421,0.0185,0.1,0.114,0.0772,126.628,413347.0,Rosemary live @ Rock Am Ring [5-10],Deftones.it,103341.0,3182.0,141.0,False,False,
Deftones,Mascara,Around the Fur,album,0.472,0.446,5.0,-7.416,0.0354,0.00273,0.0606,0.091,0.0456,77.562,225293.0,deftones - Mascara,SuperDeftoner,1317557.0,30269.0,498.0,False,False,42567093.0
Deftones,Around the Fur,Around the Fur,album,0.449,0.87,5.0,-4.241,0.112,1.94e-05,0.0411,0.0797,0.229,79.952,211733.0,Deftones - My Own Summer (Official Music Video) [HD Remaster],Deftones,34336850.0,265625.0,9783.0,True,True,36638392.0
Deftones,7 Words,Adrenaline,album,0.431,0.906,9.0,-6.13,0.0945,0.0001,0.0001,0.123,0.53,125.459,223893.0,Deftones - 7 Words [Official Music Video],Deftones,1233459.0,11311.0,527.0,True,True,31416260.0
David Bowie,Heroes - 2017 Remaster,"""Heroes"" (2017 Remaster)",album,0.489,0.758,7.0,-6.491,0.0297,0.000678,0.49,0.092,0.435,112.113,371413.0,David Bowie - Heroes (Official Video),David Bowie,29328667.0,356411.0,13610.0,True,True,398055023.0
David Bowie,Starman - 2012 Remaster,The Rise and Fall of Ziggy Stardust and the Spiders from Mars (2012 Remaster),album,0.486,0.449,5.0,-10.298,0.0267,0.166,2.23e-06,0.54,0.549,100.456,254293.0,Starman (2012 Remaster),David Bowie - Topic,36838035.0,438137.0,1885.0,True,True,344532624.0
David Bowie,Rebel Rebel - 2016 Remaster,Diamond Dogs (2016 Remaster),album,0.635,0.686,9.0,-15.648,0.053,0.209,0.0176,0.282,0.464,125.988,274747.0,David Bowie - Rebel Rebel • TopPop,TopPop,6078627.0,53197.0,1780.0,True,True,310269583.0
David Bowie,Space Oddity - 2015 Remaster,David Bowie (aka Space Oddity) [2015 Remaster],album,0.31,0.403,0.0,-13.664,0.0326,0.0726,9.27e-05,0.139,0.466,134.48,318027.0,David Bowie – Space Oddity (Official Video),David Bowie,109314906.0,954906.0,41700.0,True,True,309430985.0
David Bowie,Life on Mars? - 2015 Remaster,Hunky Dory (2015 Remaster),album,0.445,0.384,10.0,-14.642,0.0417,0.635,7.74e-05,0.0539,0.216,123.295,235987.0,David Bowie – Life On Mars? (Official Video),David Bowie,41462565.0,374784.0,19049.0,True,True,263426694.0
David Bowie,Let's Dance - 2018 Remaster,Let's Dance (2018 Remaster),album,0.654,0.743,10.0,-7.44,0.0605,0.0125,0.0272,0.153,0.632,114.846,457676.0,David Bowie - Let's Dance (Official Video),David Bowie,38558686.0,398788.0,10631.0,True,True,238006778.0
David Bowie,Moonage Daydream - 2012 Remaster,The Rise and Fall of Ziggy Stardust and the Spiders from Mars (2012 Remaster),album,0.56,0.605,11.0,-11.209,0.0348,0.0408,0.000162,0.0585,0.756,144.478,279693.0,Moonage Daydream (2012 Remaster),David Bowie - Topic,8640940.0,121706.0,934.0,True,True,176688422.0
David Bowie,Changes - 2015 Remaster,Hunky Dory (2015 Remaster),album,0.559,0.308,0.0,-11.75,0.0376,0.505,0.0,0.109,0.414,113.633,217747.0,David Bowie - Changes [Official Lyric Video],David Bowie,1755891.0,29636.0,914.0,True,True,155279152.0
David Bowie,Modern Love - 2018 Remaster,Let's Dance (2018 Remaster),album,0.358,0.938,0.0,-5.577,0.0483,0.00375,9.2e-06,0.117,0.944,182.836,288339.0,David Bowie - Modern Love (Official Video),David Bowie,24819682.0,204349.0,6477.0,True,True,142180837.0
David Bowie,Ziggy Stardust - 2012 Remaster,The Rise and Fall of Ziggy Stardust and the Spiders from Mars (2012 Remaster),album,0.515,0.554,7.0,-11.616,0.0784,0.0478,0.0,0.219,0.509,80.146,193880.0,Ziggy Stardust (2012 Remaster),David Bowie - Topic,5426092.0,87437.0,330.0,True,True,119712975.0
Daft Punk,Get Lucky (feat. Pharrell Williams & Nile Rodgers) - Radio Edit,Get Lucky (feat. Pharrell Williams & Nile Rodgers) [Radio Edit],single,0.794,0.811,6.0,-8.966,0.038,0.0426,1.07e-06,0.101,0.862,116.047,248413.0,Daft Punk - Get Lucky (Official Video) feat. Pharrell Williams and Nile Rodgers,convar HUN,32310867.0,956073.0,19646.0,False,False,844698895.0
Daft Punk,One More Time,Discovery,album,0.613,0.697,2.0,-8.618,0.133,0.0194,0.0,0.332,0.476,122.746,320357.0,Daft Punk - One More Time (Official Video),Daft Punk,432177586.0,2707992.0,110189.0,True,True,471747761.0
Daft Punk,Instant Crush (feat. Julian Casablancas),Random Access Memories,album,0.775,0.585,10.0,-9.516,0.0271,0.0422,0.619,0.077,0.518,109.942,337560.0,Daft Punk - Instant Crush (Video) ft. Julian Casablancas,DaftPunkVEVO,606828966.0,3111505.0,87115.0,True,True,460589724.0
Daft Punk,Get Lucky (feat. Pharrell Williams & Nile Rodgers),Random Access Memories,album,0.81,0.793,6.0,-9.404,0.0403,0.0378,1.77e-06,0.072,0.863,116.05,369627.0,Daft Punk - Get Lucky (Official Video) feat. Pharrell Williams and Nile Rodgers,convar HUN,32310867.0,956073.0,19646.0,False,False,400304719.0
Daft Punk,Around the World,Homework,album,0.956,0.795,7.0,-5.311,0.15,0.00356,0.889,0.0906,0.841,121.294,429533.0,Daft Punk - Around The World (Official Music Video Remastered),Daft Punk,38218353.0,466569.0,11904.0,True,True,293417547.0
Daft Punk,"Harder, Better, Faster, Stronger",Discovery,album,0.817,0.716,6.0,-8.898,0.144,0.0427,0.00263,0.358,0.692,123.474,224693.0,"Daft Punk - Harder, Better, Faster, Stronger (Official Video)",Daft Punk,121308880.0,1329678.0,70754.0,True,True,292668007.0
Daft Punk,Lose Yourself to Dance (feat. Pharrell Williams),Random Access Memories,album,0.832,0.659,10.0,-7.828,0.057,0.0839,0.00114,0.0753,0.674,100.163,353893.0,Daft Punk - Lose Yourself to Dance (Official Version),DaftPunkVEVO,195983803.0,1115598.0,37436.0,True,True,274711166.0
Daft Punk,Something About Us,Discovery,album,0.875,0.475,9.0,-12.673,0.0986,0.44,0.72,0.046,0.384,99.958,232667.0,Daft Punk - Something About Us (Official Video),Daft Punk,77464307.0,723914.0,23915.0,True,True,185381876.0
Daft Punk,Digital Love,Discovery,album,0.644,0.664,9.0,-8.398,0.0332,0.048,0.867,0.342,0.53,124.726,301373.0,Daft Punk - Digital Love (Official Video),Daft Punk,30079390.0,203063.0,8957.0,True,True,115484456.0
Daft Punk,Veridis Quo,Discovery,album,0.605,0.687,9.0,-13.928,0.045,0.479,0.949,0.104,0.12,106.896,345187.0,Daft Punk - Veridis Quo (Official Video),Daft Punk,23984070.0,216822.0,7260.0,True,True,90589464.0
Daddy Yankee,Despacito,VIDA,album,0.655,0.797,2.0,-4.787,0.153,0.198,0.0,0.067,0.839,177.928,229360.0,Luis Fonsi - Despacito ft. Daddy Yankee,LuisFonsiVEVO,8079646911.0,50788626.0,4252791.0,True,True,1506598267.0
Daddy Yankee,Con Calma,Con Calma,single,0.737,0.86,8.0,-2.652,0.0593,0.11,1.94e-06,0.0574,0.656,93.989,193227.0,Daddy Yankee & Snow - Con Calma (Video Oficial),Daddy Yankee,2626439287.0,13036596.0,384865.0,False,True,1170562263.0
Daddy Yankee,La Santa,YHLQMDLG,album,0.744,0.868,1.0,-4.524,0.047,0.0326,0.0,0.0822,0.586,93.037,206420.0,La Santa (official video) Daddy Yankee×Bad Bunny,Musica Official,10845.0,118.0,1.0,False,False,664205050.0
Daddy Yankee,Gasolina,Barrio Fino (Bonus Track Version),album,0.852,0.797,0.0,-6.543,0.0614,0.322,2.69e-06,0.0845,0.741,96.008,192600.0,Daddy Yankee | Gasolina (Video Oficial) [Full HD],Motonymous,23852149.0,380311.0,7976.0,False,False,536817412.0
Daddy Yankee,"Lo Que Pasó, Pasó",Barrio Fino (Bonus Track Version),album,0.819,0.741,8.0,-6.538,0.0412,0.104,0.0,0.283,0.84,97.014,210933.0,Daddy Yankee - Lo Que Paso Paso - Salud y Vida (Official Video HD),ElReyDeLosViewsDy,1559861.0,20775.0,238.0,False,False,315104207.0
Daddy Yankee,X ÚLTIMA VEZ,LEGENDADDY,album,0.812,0.855,7.0,-3.725,0.0554,0.0789,0.000167,0.108,0.573,90.04,192477.0,Daddy Yankee x Bad Bunny - X Última Vez (Official Video),Daddy Yankee,87084154.0,884924.0,16214.0,False,True,295869713.0
Daddy Yankee,Tu Príncipe,Barrio Fino (Bonus Track Version),album,0.77,0.804,4.0,-5.479,0.0623,0.16,1e-05,0.193,0.568,94.017,205520.0,Tu Principe - Daddy Yankee Ft  Zion & Lennox VIDEO 2011,Gianluca Vargas Gonzalez,39763039.0,135919.0,4338.0,False,False,
Daddy Yankee,Ella Me Levanto,El Cartel: The Big Boss,album,0.76,0.9,5.0,-4.782,0.0668,0.0715,0.0,0.221,0.761,100.046,209493.0,Ella Me Levanto  - Daddy Yankee (Official Video),DaddyYankee VEVO,864990.0,10360.0,193.0,False,False,201700378.0
Daddy Yankee,Llamado de Emergencia,Talento de Barrio,album,0.703,0.909,4.0,-4.456,0.0358,0.216,1.57e-06,0.162,0.777,97.982,239920.0,Daddy Yankee - Llamado De Emergencia,FranKoDs2010,3647171.0,32718.0,1675.0,False,False,197998077.0
Daddy Yankee,ULALA (OOH LA LA),ULALA (OOH LA LA),single,0.872,0.681,0.0,-4.348,0.11,0.0462,1.38e-05,0.129,0.481,96.986,188009.0,"Myke Towers , Daddy Yankee - ULALA (OOH LA-LA)",Myke Towers,9058435.0,227824.0,3837.0,False,True,42618413.0
Creedence Clearwater Revival,Have You Ever Seen The Rain,Pendulum (Expanded Edition),album,0.741,0.697,0.0,-7.028,0.0277,0.0664,2.28e-05,0.133,0.774,116.109,160133.0,Creedence Clearwater Revival - Have You Ever Seen The Rain (Official),CCRVEVO,299246333.0,2268246.0,33609.0,True,True,975300588.0
Creedence Clearwater Revival,Fortunate Son,Willy And The Poor Boys (Expanded Edition),album,0.64,0.663,0.0,-7.516,0.0374,0.201,0.00806,0.152,0.663,132.77,140773.0,Creedence Clearwater Revival - Fortunate Son (Official Music Video),CCRVEVO,93089677.0,746107.0,15702.0,True,True,904262158.0
Creedence Clearwater Revival,Bad Moon Rising,Green River (Expanded Edition),album,0.508,0.774,2.0,-5.973,0.0321,0.0586,4.87e-06,0.063,0.942,178.946,141600.0,Creedence Clearwater Revival - Bad Moon Rising (Official Lyric Video),CCRVEVO,51013150.0,280742.0,6094.0,True,True,568442546.0
Creedence Clearwater Revival,Down On The Corner,Willy And The Poor Boys (Expanded Edition),album,0.858,0.544,0.0,-9.289,0.0751,0.583,0.00109,0.0707,0.874,108.217,166280.0,Creedence Clearwater Revival - Down On The Corner (Official Lyric Video),CCRVEVO,29006667.0,139447.0,1647.0,True,True,303815108.0
Creedence Clearwater Revival,Proud Mary,Bayou Country (Expanded Edition),album,0.699,0.641,2.0,-7.564,0.0289,0.13,0.000218,0.0601,0.728,120.745,187213.0,Creedence Clearwater Revival - Proud Mary (CCR) (1969) HD 0815007,ForbiddenInGermany1,1700590.0,21228.0,503.0,False,False,
Creedence Clearwater Revival,Up Around The Bend,Cosmo's Factory,album,0.606,0.908,2.0,-5.736,0.037,0.00532,0.823,0.245,0.773,130.12,159173.0,Creedence Clearwater Revival - Up Around The Bend,Creedence Clearwater Revival,5546781.0,43760.0,725.0,False,True,211189899.0
Creedence Clearwater Revival,Lookin' Out My Back Door,Cosmo's Factory,album,0.773,0.756,10.0,-5.149,0.0388,0.159,0.00236,0.0805,0.912,105.322,152466.0,Creedence Clearwater Revival - Lookin' Out My Back Door,CCRVEVO,111018934.0,562192.0,14105.0,True,True,178387111.0
Creedence Clearwater Revival,Who'll Stop The Rain,Cosmo's Factory,album,0.627,0.873,7.0,-5.415,0.0311,0.00804,0.000583,0.0555,0.628,123.113,147279.0,Creedence Clearwater Revival -  Who'll Stop The Rain [Clip Archives] 1969,DiscoBar80,7921737.0,42678.0,1016.0,False,False,151656881.0
Creedence Clearwater Revival,Green River,Green River (Expanded Edition),album,0.702,0.772,9.0,-9.677,0.0277,0.0312,0.00837,0.0809,0.973,141.694,154120.0,Creedence Clearwater Revival - Green River (Official Lyric Video),CCRVEVO,66052065.0,331763.0,6044.0,True,True,128916089.0
Creedence Clearwater Revival,Born On The Bayou,Bayou Country (Expanded Edition),album,0.656,0.601,9.0,-7.734,0.0389,0.0553,0.0667,0.0974,0.576,117.296,315200.0,Creedence Clearwater Revival - Born On The Bayou (Official Lyric Video),CCRVEVO,21775206.0,100897.0,1792.0,True,True,
Coldplay,Something Just Like This,Memories...Do Not Open,album,0.617,0.635,11.0,-6.769,0.0317,0.0498,1.44e-05,0.164,0.446,103.019,247160.0,The Chainsmokers & Coldplay - Something Just Like This (Lyric),ChainsmokersVEVO,2118018686.0,10282499.0,270444.0,True,True,2030825694.0
Coldplay,Yellow,Parachutes,album,0.429,0.661,11.0,-7.227,0.0281,0.00239,0.000121,0.234,0.285,173.372,266773.0,Coldplay - Yellow (Official Video),Coldplay,832532409.0,4600933.0,118296.0,True,True,1483622308.0
Coldplay,The Scientist,A Rush of Blood to the Head,album,0.557,0.442,5.0,-7.224,0.0243,0.731,1.46e-05,0.11,0.213,146.277,309600.0,Coldplay - The Scientist (Official 4K Video),Coldplay,1082588109.0,5532787.0,124357.0,True,True,1465980600.0
Coldplay,Viva La Vida,Viva La Vida or Death and All His Friends,album,0.486,0.617,5.0,-7.115,0.0287,0.0954,3.23e-06,0.109,0.417,138.015,242373.0,Coldplay - Viva La Vida (Official Video),Coldplay,789581468.0,4370461.0,261790.0,True,True,1325575712.0
Coldplay,Fix You,X&Y,album,0.209,0.417,3.0,-8.74,0.0338,0.164,0.00196,0.113,0.124,138.178,295533.0,Coldplay - Fix You (Official Video),Coldplay,566239229.0,2962029.0,114460.0,True,True,1115171056.0
Coldplay,Hymn for the Weekend,A Head Full of Dreams,album,0.491,0.693,0.0,-6.487,0.0377,0.211,6.92e-06,0.325,0.412,90.027,258267.0,Coldplay - Hymn For The Weekend (Official Video),Coldplay,1828242112.0,13515772.0,377666.0,True,True,1049654852.0
Coldplay,A Sky Full of Stars,Ghost Stories,album,0.545,0.675,6.0,-6.474,0.0279,0.00617,0.00197,0.209,0.162,124.97,267867.0,Coldplay - A Sky Full Of Stars (Official Video),Coldplay,786404613.0,3741300.0,79974.0,True,True,1021782403.0
Coldplay,Paradise,Mylo Xyloto,album,0.449,0.585,5.0,-6.761,0.0268,0.0509,8.75e-05,0.0833,0.212,139.631,278719.0,Coldplay - Paradise (Official Video),Coldplay,1665814269.0,8497224.0,343020.0,True,True,927288329.0
Coldplay,My Universe,Music Of The Spheres,album,0.573,0.711,1.0,-6.268,0.0406,0.0114,0.0,0.328,0.47,105.006,226198.0,Coldplay X BTS - My Universe (Official Video),Coldplay,254655970.0,8867547.0,432726.0,True,True,883224238.0
Coldplay,Sparks,Parachutes,album,0.371,0.268,1.0,-10.506,0.0281,0.748,0.0517,0.104,0.165,102.617,227093.0,Sparks,Coldplay - Topic,73201019.0,787343.0,1637.0,True,True,475353044.0
Chris Brown,No Guidance (feat. Drake),Indigo,album,0.696,0.454,1.0,-6.756,0.153,0.123,0.0,0.155,0.136,92.928,260640.0,Chris Brown - No Guidance (Official Video) ft. Drake,ChrisBrownVEVO,445294846.0,3501617.0,121415.0,True,True,
Chris Brown,Under The Influence,Indigo (Extended),album,0.733,0.69,9.0,-5.529,0.0427,0.0635,1.18e-06,0.105,0.31,116.992,184613.0,Chris Brown - Under The Influence (Official Video),ChrisBrownVEVO,83793080.0,1357047.0,42849.0,True,True,646937556.0
Chris Brown,Go Crazy,Slime & B,album,0.755,0.578,0.0,-8.932,0.145,0.316,0.0,0.25,0.581,94.148,176960.0,"Chris Brown, Young Thug - Go Crazy (Official Video)",ChrisBrownVEVO,161055631.0,1813108.0,56309.0,True,True,581510489.0
Chris Brown,Nostálgico,Nostálgico,single,0.734,0.846,9.0,-3.425,0.0489,0.166,1.74e-06,0.235,0.604,98.026,209884.0,"Rvssian, Rauw Alejandro & Chris Brown — Nostálgico (Official Video)",Rvssian,89848525.0,873194.0,15899.0,False,True,381634599.0
Chris Brown,Forever,Forever,single,0.672,0.82,11.0,-4.456,0.0459,0.0368,0.000188,0.184,0.438,120.005,278573.0,Chris Brown - Forever (Official HD Video),ChrisBrownVEVO,310110524.0,1069833.0,54530.0,True,True,
Chris Brown,With You,Exclusive (Expanded Edition),album,0.662,0.693,3.0,-4.298,0.0698,0.134,0.0,0.145,0.655,86.009,252120.0,Chris Brown - With You (Official Video),ChrisBrownVEVO,595358298.0,2639677.0,96771.0,True,True,327435679.0
Chris Brown,Superhero (Heroes & Villains) [with Future & Chris Brown],HEROES & VILLAINS,album,0.526,0.606,5.0,-5.3,0.259,0.152,2.36e-06,0.194,0.492,116.622,182667.0,"Metro Boomin, Future, Chris Brown - Superhero (Heroes & Villains) (Visualizer)",MetroBoominVEVO,2242438.0,55241.0,1505.0,True,True,139674263.0
Chris Brown,Wet The Bed (feat. Ludacris),F.A.M.E. (Expanded Edition),album,0.58,0.66,6.0,-7.405,0.0429,0.0166,0.0,0.174,0.411,123.801,266307.0,Chris Brown - Wet the Bed (Official Audio) ft. Ludacris,ChrisBrownVEVO,62379960.0,432601.0,10064.0,True,True,92083585.0
Chris Brown,Monalisa,Monalisa,single,0.828,0.726,10.0,-6.389,0.0419,0.106,0.00101,0.103,0.67,113.017,212976.0,Monalisa (Remix)- Lojay ft Sarz & Chris Brown,O'niel Visuals,7338751.0,63534.0,1202.0,False,False,44683570.0
Chris Brown,Under The Influence (Body Language),Under The Influence,single,0.62,0.62,1.0,-6.322,0.0375,0.0388,0.000213,0.129,0.459,144.835,148751.0,Chris Brown - Under The Influence (Official Video),ChrisBrownVEVO,83793080.0,1357047.0,42849.0,True,True,36852704.0
Camilo,Desconocidos,Para Aventuras y Curiosidades,album,0.719,0.753,7.0,-4.891,0.179,0.118,4.21e-06,0.212,0.675,174.107,204564.0,"Mau y Ricky, Manuel Turizo, Camilo - Desconocidos (Official Video)",MauyRickyVEVO,902197206.0,3044369.0,62305.0,True,True,
Camilo,Tattoo - Remix with Camilo,Afrodisíaco,album,0.721,0.637,9.0,-5.134,0.286,0.0406,0.0,0.0525,0.691,193.922,222680.0,Rauw Alejandro & Camilo - Tattoo Remix (Video Oficial),Rauw Alejandro,794818462.0,4767981.0,102284.0,True,True,530878132.0
Camilo,Si Me Dices Que Sí,Si Me Dices Que Sí,single,0.578,0.634,8.0,-5.979,0.333,0.00473,0.0,0.132,0.216,183.89,211652.0,"Reik, Farruko, Camilo - Si Me Dices Que Sí",reikVEVO,129179970.0,897239.0,13226.0,True,True,290126900.0
Camilo,El Mismo Aire - con Pablo Alborán,El Mismo Aire (con Pablo Alborán),single,0.483,0.492,0.0,-6.591,0.295,0.603,0.0,0.323,0.66,144.511,188213.0,"Camilo, Pablo Alborán - El Mismo Aire (Official Video)",CamiloVEVO,174663952.0,1630182.0,32142.0,True,True,268237254.0
Camilo,La Mitad,Por Primera Vez,album,0.724,0.443,7.0,-3.743,0.0329,0.73,0.0,0.101,0.763,97.194,177791.0,"Camilo, Christian Nodal - La Mitad",CamiloVEVO,166098054.0,1014895.0,14047.0,True,True,266678074.0
Camilo,Índigo,De Adentro Pa Afuera,album,0.754,0.778,0.0,-6.663,0.0335,0.00948,1.61e-05,0.131,0.916,128.925,214507.0,"Camilo, Evaluna Montaner - Índigo (Official Video)",CamiloVEVO,171403894.0,3018400.0,80704.0,True,True,205577936.0
Camilo,KESI - Remix,KESI (Remix),single,0.871,0.815,4.0,-4.439,0.0477,0.127,6.18e-06,0.094,0.823,122.959,176575.0,"Camilo, Shawn Mendes - KESI Remix (Video Oficial)",Laxy,20886.0,365.0,9.0,False,False,192312139.0
Camilo,Color Esperanza 2020,Color Esperanza 2020,single,0.591,0.785,9.0,-7.768,0.161,0.161,0.0,0.126,0.785,106.002,217547.0,Color Esperanza 2020 - Various Artists (Official Video),Latin Waves,24706293.0,557112.0,17598.0,False,False,89466323.0
Camilo,Aeropuerto,De Adentro Pa Afuera,album,0.69,0.58,0.0,-4.395,0.199,0.0328,0.0,0.328,0.708,197.635,177627.0,Camilo - Aeropuerto (Official Video),CamiloVEVO,15736532.0,152209.0,3756.0,True,True,31400753.0
Camilo,Bebiendo Sola,De Adentro Pa Afuera,album,0.589,0.642,9.0,-5.706,0.279,0.176,0.0,0.119,0.691,78.791,179067.0,"Camilo, Myke Towers - Bebiendo Sola (Official Video)",CamiloVEVO,6825015.0,112136.0,1984.0,True,True,13702635.0
Britney Spears,Toxic,In The Zone,album,0.774,0.838,5.0,-3.914,0.114,0.0249,0.025,0.242,0.924,143.04,198800.0,Britney Spears - Toxic (Official HD Video),BritneySpearsVEVO,593978662.0,3931975.0,155815.0,True,True,
Britney Spears,...Baby One More Time,...Baby One More Time (Digital Deluxe Version),album,0.759,0.699,0.0,-5.745,0.0307,0.202,0.000131,0.443,0.907,92.96,211067.0,Britney Spears - ...Baby One More Time (Official Video),BritneySpearsVEVO,790774922.0,4595411.0,175028.0,True,True,
Britney Spears,Oops!...I Did It Again,Oops!... I Did It Again,album,0.751,0.834,1.0,-5.444,0.0437,0.3,1.77e-05,0.355,0.894,95.053,211160.0,Britney Spears - Oops!...I Did It Again (Official HD Video),BritneySpearsVEVO,398575571.0,2519778.0,100903.0,True,True,581869840.0
Britney Spears,Gimme More,Blackout,album,0.788,0.844,2.0,-3.131,0.0334,0.25,0.000678,0.0723,0.382,113.324,251240.0,Britney Spears - Gimme More (Official HD Video),BritneySpearsVEVO,294678986.0,1776186.0,72030.0,True,True,424168867.0
Britney Spears,Womanizer,Circus (Deluxe Version),album,0.724,0.695,11.0,-5.226,0.0622,0.073,0.0,0.0889,0.235,139.0,224400.0,Britney Spears - Womanizer (Director's Cut) (Official HD Video),BritneySpearsVEVO,355445991.0,1489871.0,69084.0,True,True,423188557.0
Britney Spears,Circus,Circus (Deluxe Version),album,0.791,0.733,6.0,-5.215,0.052,0.147,0.000381,0.0713,0.761,114.98,192360.0,Britney Spears - Circus (Official HD Video),BritneySpearsVEVO,215417979.0,1012974.0,46266.0,True,True,262573012.0
Britney Spears,My Only Wish (This Year),My Only Wish (This Year),single,0.669,0.843,0.0,-3.766,0.0268,0.169,0.0,0.195,0.702,147.08,255400.0,Britney Spears - My Only Wish (This Year) (Music Video),scamparoo,1189091.0,7582.0,295.0,False,False,260444233.0
Britney Spears,Hold Me Closer,The Lockdown Sessions,album,0.658,0.783,0.0,-4.615,0.113,0.0798,0.00018,0.187,0.491,126.027,202246.0,"Elton John, Britney Spears - Hold Me Closer (Official Video)",EltonJohnVEVO,15181510.0,165238.0,6585.0,True,True,190102352.0
Britney Spears,Criminal,Femme Fatale (Deluxe Version),album,0.696,0.734,7.0,-5.294,0.0298,0.0485,0.0,0.183,0.711,107.987,225080.0,Britney Spears - Criminal (Official Video),BritneySpearsVEVO,200917975.0,2725163.0,122790.0,True,True,187278764.0
Britney Spears,If U Seek Amy,Circus (Deluxe Version),album,0.717,0.587,4.0,-7.296,0.0339,0.0192,0.0,0.0523,0.544,129.954,216520.0,Britney Spears - If U Seek Amy (Official HD Video),BritneySpearsVEVO,127036180.0,802449.0,42897.0,True,True,145511234.0
Bon Jovi,Livin' On A Prayer,Slippery When Wet,album,0.532,0.887,0.0,-3.757,0.0335,0.0778,0.000214,0.294,0.795,122.511,249293.0,Bon Jovi - Livin' On A Prayer,BonJoviVEVO,1001651093.0,4560379.0,140853.0,True,True,1136987099.0
Bon Jovi,You Give Love A Bad Name,Slippery When Wet,album,0.541,0.96,0.0,-2.947,0.0505,0.0663,2.25e-06,0.344,0.812,122.803,222707.0,Bon Jovi - You Give Love A Bad Name (Official Music Video),BonJoviVEVO,344914092.0,1568340.0,45403.0,True,True,803312398.0
Bon Jovi,It's My Life,Crush,album,0.551,0.913,0.0,-4.063,0.0466,0.0263,1.35e-05,0.347,0.544,119.992,224493.0,Bon Jovi - It's My Life (Official Music Video),BonJoviVEVO,1215486930.0,6590921.0,184288.0,True,True,633798307.0
Bon Jovi,Always,Cross Road,compilation,0.383,0.659,4.0,-5.558,0.0312,0.117,0.0,0.0778,0.327,140.795,353027.0,Bon Jovi - Always (Official Music Video),BonJoviVEVO,906667845.0,3364863.0,84798.0,True,True,399920066.0
Bon Jovi,Wanted Dead Or Alive,Slippery When Wet,album,0.252,0.802,7.0,-3.976,0.0391,0.13,0.0146,0.309,0.253,150.056,308667.0,Bon Jovi - Wanted Dead Or Alive (Official Music Video),BonJoviVEVO,177513233.0,872881.0,31405.0,True,True,335808355.0
Bon Jovi,Bed Of Roses,Keep The Faith,album,0.309,0.596,5.0,-5.599,0.0293,0.101,0.0,0.21,0.161,164.587,394400.0,Bon Jovi - Bed Of Roses (Official Music Video),BonJoviVEVO,320174390.0,1144189.0,39728.0,True,True,277814070.0
Bon Jovi,Runaway,Bon Jovi,album,0.475,0.899,9.0,-4.321,0.0637,0.00375,1.91e-05,0.14,0.603,152.445,230667.0,Bon Jovi - Runaway,BonJoviVEVO,137551093.0,566860.0,17345.0,True,True,197345911.0
Bon Jovi,I'll Be There For You,New Jersey (Deluxe Edition),album,0.437,0.727,2.0,-5.432,0.0293,0.0532,0.0,0.103,0.233,73.029,346587.0,Bon Jovi - I'll Be There For You,BonJoviVEVO,268058381.0,958921.0,29912.0,True,True,163694429.0
Bon Jovi,Bad Medicine,New Jersey (Deluxe Edition),album,0.555,0.973,9.0,-3.804,0.035,0.048,0.0,0.0853,0.805,118.642,316707.0,Bon Jovi - Bad Medicine,BonJoviVEVO,48224548.0,207031.0,8051.0,True,True,144299907.0
Bon Jovi,Thank You For Loving Me,Crush,album,0.385,0.342,2.0,-7.749,0.0285,0.416,0.0,0.119,0.131,132.864,308933.0,Bon Jovi - Thank You For Loving Me (Official Music Video),BonJoviVEVO,2863878.0,35911.0,2422.0,True,True,78748335.0
Bob Marley & The Wailers,Three Little Birds,Exodus,album,0.826,0.49,9.0,-10.477,0.0676,0.00916,4.41e-06,0.0415,0.627,74.126,180267.0,,,,,,,,726093012.0
Bob Marley & The Wailers,Could You Be Loved,Uprising,album,0.916,0.72,0.0,-8.548,0.1,0.36,0.00016,0.0958,0.76,103.312,237000.0,Bob Marley - Is This Love,Reggae Life,325433542.0,2096610.0,53613.0,False,False,617214277.0
Bob Marley & The Wailers,Is This Love,Kaya,album,0.776,0.559,6.0,-8.375,0.103,0.11,0.0,0.0671,0.758,122.242,232200.0,Bob Marley - Is This Love,Reggae Life,325433542.0,2096610.0,53613.0,False,False,562706540.0
Bob Marley & The Wailers,Jamming,Exodus,album,0.935,0.479,11.0,-10.981,0.306,0.107,5.25e-05,0.118,0.773,123.644,211000.0,,,,,,,,390752145.0
Bob Marley & The Wailers,Buffalo Soldier,Confrontation,album,0.929,0.463,9.0,-8.651,0.308,0.142,5.26e-06,0.0634,0.757,124.084,255840.0,,,,,,,,379999345.0
Bob Marley & The Wailers,One Love / People Get Ready - Medley,Exodus,album,0.67,0.516,10.0,-9.598,0.366,0.0673,0.0,0.0674,0.939,154.186,172933.0,,,,,,,,371295077.0
Bob Marley & The Wailers,Redemption Song,Uprising,album,0.671,0.256,7.0,-10.743,0.0387,0.608,0.0,0.0737,0.694,115.871,233560.0,,,,,,,,279373631.0
Bob Marley & The Wailers,"No Woman, No Cry - Live At The Lyceum, London/1975",Live!,album,0.655,0.675,1.0,-9.352,0.0599,0.272,0.0236,0.727,0.587,77.589,427800.0,Bob Marley - Is This Love,Reggae Life,325433542.0,2096610.0,53613.0,False,False,
Bob Marley & The Wailers,Waiting In Vain,Exodus,album,0.772,0.46,8.0,-11.489,0.327,0.0279,2.21e-05,0.0633,0.8,78.786,256240.0,,,,,,,,219794068.0
Bob Marley & The Wailers,Natural Mystic,Exodus,album,0.876,0.282,7.0,-12.618,0.319,0.0503,4.76e-05,0.0741,0.801,130.958,207733.0,,,,,,,,78846083.0
Black Eyed Peas,I Gotta Feeling,THE E.N.D. (THE ENERGY NEVER DIES),album,0.744,0.766,0.0,-6.375,0.0265,0.0873,0.0,0.509,0.61,127.966,289133.0,The Black Eyed Peas - I Gotta Feeling (Official Music Video),BlackEyedPeasVEVO,638267058.0,3670416.0,131565.0,True,True,1001227038.0
Black Eyed Peas,RITMO (Bad Boys For Life),TRANSLATION,album,0.732,0.716,10.0,-6.968,0.0561,0.0295,0.000758,0.73,0.666,105.093,214855.0,"Black Eyed Peas, J Balvin - RITMO (Bad Boys For Life) (Official Music Video)",BlackEyedPeasVEVO,1021503328.0,6398855.0,130819.0,True,True,869795408.0
Black Eyed Peas,Where Is The Love?,Elephunk,album,0.834,0.699,5.0,-3.222,0.178,0.111,0.0,0.131,0.809,94.086,272533.0,The Black Eyed Peas - Where Is The Love? (Official Music Video),BlackEyedPeasVEVO,888076529.0,4899065.0,180386.0,True,True,752091441.0
Black Eyed Peas,Pump It,Monkey Business,album,0.649,0.931,1.0,-3.15,0.181,0.0093,0.0,0.751,0.744,153.645,213067.0,The Black Eyed Peas - Pump It (Official Music Video),BlackEyedPeasVEVO,755836314.0,4746197.0,133551.0,True,True,492130246.0
Black Eyed Peas,GIRL LIKE ME,TRANSLATION,album,0.965,0.485,2.0,-8.784,0.191,0.0206,0.0237,0.0655,0.312,124.025,222523.0,"Black Eyed Peas, Shakira - GIRL LIKE ME (Official Music Video)",BlackEyedPeasVEVO,662529115.0,5488829.0,222922.0,True,True,453923193.0
Black Eyed Peas,Meet Me Halfway,THE E.N.D. (THE ENERGY NEVER DIES),album,0.798,0.629,11.0,-6.857,0.0735,0.00474,2.29e-05,0.324,0.4,130.002,284373.0,The Black Eyed Peas - Meet Me Halfway (Official Music Video),BlackEyedPeasVEVO,458724349.0,2094991.0,73011.0,True,True,363930118.0
Black Eyed Peas,Just Can’t Get Enough,The Beginning,album,0.659,0.628,0.0,-8.685,0.179,0.186,0.0,0.105,0.262,94.05,219427.0,The Black Eyed Peas - Just Can't Get Enough (Official Music Video),BlackEyedPeasVEVO,292211575.0,1594576.0,70720.0,True,True,331578264.0
Black Eyed Peas,DON'T YOU WORRY,ELEVATION,album,0.831,0.868,11.0,-5.282,0.0325,0.176,0.0,0.184,0.483,131.971,194438.0,"Black Eyed Peas, Shakira, David Guetta - DON'T YOU WORRY (Official Music Video)",BlackEyedPeasVEVO,144690551.0,1327396.0,57072.0,True,True,162685755.0
Black Eyed Peas,Pump It Louder,Pump It Louder,single,0.66,0.942,4.0,-2.273,0.185,0.00789,1.76e-05,0.834,0.543,126.017,158571.0,Tiësto & Black Eyed Peas - Pump It Louder (Official Video),Tiësto,2099141.0,61252.0,1238.0,True,True,27908495.0
Black Eyed Peas,SIMPLY THE BEST,ELEVATION,album,0.872,0.789,1.0,-6.047,0.132,0.203,2.39e-05,0.125,0.646,126.042,236190.0,"Black Eyed Peas, Anitta, El Alfa - SIMPLY THE BEST (Official Music Video)",BlackEyedPeasVEVO,43226385.0,242932.0,38381.0,True,True,18501860.0
Beyoncé,Halo,I AM...SASHA FIERCE,album,0.508,0.72,11.0,-5.908,0.0628,0.272,0.0,0.0563,0.472,79.983,261640.0,Beyoncé - Halo,BeyoncéVEVO,1357273902.0,6931695.0,203892.0,True,True,1257746758.0
Beyoncé,Crazy In Love (feat. Jay-Z),Dangerously In Love,album,0.646,0.77,2.0,-6.596,0.226,0.00249,0.0,0.0715,0.681,99.165,236133.0,Beyoncé - Crazy In Love ft. JAY Z,BeyoncéVEVO,669084413.0,3218858.0,66334.0,True,True,836260550.0
Beyoncé,Perfect Duet (Ed Sheeran & Beyoncé),Perfect Duet (Ed Sheeran & Beyoncé),single,0.587,0.299,8.0,-7.365,0.0263,0.779,0.0,0.123,0.356,94.992,259550.0,Ed Sheeran - Perfect Duet (with Beyoncé) [Official Audio],Ed Sheeran,231580933.0,1998224.0,70570.0,True,True,739180747.0
Beyoncé,Love On Top,4,album,0.652,0.749,0.0,-5.248,0.0886,0.0848,0.0,0.604,0.651,94.103,267413.0,Beyoncé - Love On Top (Official Video),BeyoncéVEVO,514532529.0,2260106.0,93092.0,True,True,524847088.0
Beyoncé,Drunk in Love (feat. Jay-Z),BEYONCÉ [Platinum Edition],album,0.583,0.621,5.0,-6.902,0.0479,0.00972,0.00106,0.181,0.399,140.036,323480.0,Beyoncé - Drunk in Love (Explicit) ft. JAY Z,BeyoncéVEVO,687031207.0,2906283.0,129479.0,True,True,520085958.0
Beyoncé,Run the World (Girls),4,album,0.732,0.899,0.0,-4.237,0.143,0.00496,4.64e-05,0.372,0.759,127.091,236093.0,Beyoncé - Run the World (Girls) (Official Video),BeyoncéVEVO,554929045.0,2987341.0,238912.0,True,True,480726300.0
Beyoncé,CUFF IT,RENAISSANCE,album,0.78,0.689,7.0,-5.668,0.141,0.0368,9.69e-06,0.0698,0.642,115.042,225389.0,Beyoncé - CUFF IT (Music Video),RENAISSANCE CLUB,8893257.0,135456.0,2986.0,False,False,354986175.0
Beyoncé,BREAK MY SOUL,RENAISSANCE,album,0.693,0.887,1.0,-5.039,0.0795,0.0581,2.71e-06,0.27,0.864,114.942,278282.0,Beyoncé - BREAK MY SOUL (Music Video),Pop Maker,1230431.0,15962.0,860.0,False,False,276384322.0
Beyoncé,ALIEN SUPERSTAR,RENAISSANCE,album,0.545,0.641,10.0,-6.398,0.0998,0.00453,6.59e-05,0.171,0.464,121.892,215460.0,Beyoncé - ALIEN SUPERSTAR (Official Lyric Video),BeyoncéVEVO,15896207.0,226588.0,7996.0,True,True,116409094.0
Beyoncé,ENERGY (feat. Beam),RENAISSANCE,album,0.903,0.519,1.0,-9.151,0.26,0.281,0.000106,0.155,0.587,114.991,116727.0,Beyoncé - ENERGY (Official Lyric Video),BeyoncéVEVO,5840552.0,72908.0,3391.0,True,True,
Aerosmith,"I Don't Want To Miss A Thing - From ""Armageddon"" Soundtrack",I Don't Want To Miss A Thing EP,single,0.39,0.649,2.0,-5.163,0.0345,0.172,0.0,0.216,0.144,121.161,299723.0,Aerosmith - I Don't Want to Miss a Thing (Official HD Video),AerosmithVEVO,541140942.0,3105744.0,73217.0,True,True,806239803.0
Aerosmith,Dream On,Aerosmith,album,0.392,0.476,1.0,-7.583,0.0249,0.397,0.000163,0.309,0.234,78.031,267597.0,Dream On Aerosmith Official Music Video,METALinYOURface1,3584082.0,26655.0,1046.0,False,False,771341288.0
Aerosmith,Walk This Way,Toys In The Attic,album,0.653,0.73,5.0,-10.613,0.0429,0.0115,1.02e-05,0.0776,0.894,108.709,220311.0,RUN DMC - Walk This Way (Official HD Video) ft. Aerosmith,RUNDMCVEVO,112158305.0,787792.0,21937.0,True,True,392902327.0
Aerosmith,Sweet Emotion,Toys In The Attic,album,0.379,0.76,9.0,-10.961,0.0378,0.00298,0.0296,0.104,0.491,99.436,274088.0,Aerosmith - Sweet Emotion,AerosmithVEVO,33597662.0,212652.0,6763.0,True,True,329839315.0
Aerosmith,Crazy,Get A Grip,album,0.37,0.866,6.0,-3.879,0.0384,0.0868,0.0,0.137,0.427,162.086,316693.0,Aerosmith - Crazy (Official Music Video),AerosmithVEVO,634261334.0,1992939.0,40482.0,True,True,315532319.0
Aerosmith,Cryin',Get A Grip,album,0.445,0.856,9.0,-3.674,0.0327,0.000202,0.0101,0.367,0.486,105.872,308333.0,Aerosmith - Cryin' (Official Music Video),AerosmithVEVO,307486563.0,1024854.0,23741.0,True,True,233440383.0
Aerosmith,Dude (Looks Like A Lady),Permanent Vacation,album,0.54,0.982,4.0,-2.962,0.0458,0.435,3.37e-05,0.0457,0.91,126.294,265773.0,Aerosmith - Dude (Looks Like A Lady) (Official Music Video),AerosmithVEVO,56228815.0,219918.0,15169.0,True,True,191871078.0
Aerosmith,Amazing,Get A Grip,album,0.308,0.747,0.0,-5.434,0.037,0.0645,8.27e-05,0.431,0.278,139.454,356160.0,Aerosmith - Amazing (Official Music Video),AerosmithVEVO,253391021.0,651715.0,17039.0,True,True,
Aerosmith,Janie's Got A Gun,Big Ones,compilation,0.633,0.823,5.0,-5.792,0.0287,0.0516,0.000496,0.188,0.444,115.107,330533.0,Aerosmith - Janie's Got A Gun,AerosmithVEVO,66608918.0,246673.0,9882.0,True,True,75160311.0
Aerosmith,Rag Doll,Permanent Vacation,album,0.579,0.954,4.0,-3.947,0.0558,0.583,0.0,0.139,0.583,93.448,265693.0,Aerosmith - Rag Doll (Official Music Video),AerosmithVEVO,5748095.0,49199.0,1401.0,True,True,61272691.0
AC/DC,Back In Black,Back In Black,album,0.31,0.7,9.0,-5.678,0.047,0.011,0.00965,0.0828,0.763,188.386,255493.0,AC/DC - Back In Black (Official Video),acdcVEVO,915158054.0,5643694.0,134549.0,True,True,1182379398.0
AC/DC,Highway to Hell,Highway to Hell,album,0.574,0.913,6.0,-4.793,0.133,0.061,0.00158,0.156,0.423,115.728,208400.0,AC/DC - Highway to Hell (Official Video),acdcVEVO,274830901.0,2039258.0,44487.0,True,True,1143164505.0
AC/DC,Thunderstruck,The Razors Edge,album,0.502,0.89,4.0,-5.175,0.0364,0.000147,0.0117,0.217,0.259,133.52,292880.0,AC/DC - Thunderstruck (Official Video),acdcVEVO,1224226060.0,5989128.0,153047.0,True,True,1088388556.0
AC/DC,You Shook Me All Night Long,Back In Black,album,0.532,0.767,7.0,-5.509,0.0574,0.00287,0.000513,0.39,0.755,127.361,210173.0,AC/DC - You Shook Me All Night Long (Official Video),acdcVEVO,279117834.0,1348845.0,26645.0,True,True,802076123.0
AC/DC,T.N.T.,High Voltage,album,0.754,0.759,9.0,-5.218,0.302,0.153,0.000108,0.101,0.435,126.366,214667.0,"AC/DC - T.N.T. (Live At River Plate, December 2009)",acdcVEVO,240908491.0,934797.0,19584.0,True,True,526521070.0
AC/DC,Hells Bells,Back In Black,album,0.389,0.873,4.0,-4.768,0.0475,0.00532,0.0055,0.273,0.303,106.767,312293.0,AC/DC - Hells Bells (Official Video),acdcVEVO,252038354.0,1067479.0,29353.0,True,True,296521772.0
AC/DC,Shoot to Thrill,Back In Black,album,0.457,0.904,2.0,-5.303,0.0747,0.000239,0.0879,0.396,0.48,141.038,317427.0,AC/DC - Shoot To Thrill (Iron Man 2 Version),acdcVEVO,172293392.0,642344.0,17673.0,True,True,292026041.0
AC/DC,Dirty Deeds Done Dirt Cheap,Dirty Deeds Done Dirt Cheap,album,0.668,0.906,11.0,-4.881,0.17,0.214,0.00245,0.135,0.507,135.653,231933.0,AC/DC - Dirty Deeds Done Dirt Cheap (Official Audio),acdcVEVO,852728.0,14044.0,1029.0,True,True,269837425.0
AC/DC,It's a Long Way to the Top (If You Wanna Rock 'N' Roll),High Voltage,album,0.456,0.863,3.0,-3.551,0.0894,0.133,0.0538,0.0553,0.532,135.962,301227.0,AC/DC - It's a Long Way to the Top (If You Wanna Rock 'n' Roll) (Official Video),Official Lives & Music Videos - Official Channel,102527.0,1881.0,240.0,False,False,196347993.0
AC/DC,Rock N Roll Train,Black Ice,album,0.547,0.931,2.0,-2.356,0.0615,0.000998,0.0118,0.278,0.697,118.4,261507.0,AC/DC - Rock N Roll Train (Official Video),acdcVEVO,18237531.0,119749.0,2251.0,True,True,144143014.0
A.R. Rahman,Enna Sona,OK Jaanu (Original Motion Picture Soundtrack),album,0.717,0.416,7.0,-9.875,0.0303,0.635,1.43e-06,0.0976,0.381,100.026,213632.0,@A. R. Rahman - Enna Sona Video|OK Jaanu|Arijit Singh|Shraddha Kapoor|Aditya Roy,SonyMusicIndiaVEVO,77095861.0,622085.0,12320.0,True,True,91092219.0
A.R. Rahman,Rait Zara Si,Atrangi Re,album,0.563,0.495,2.0,-10.272,0.0362,0.781,0.0,0.0837,0.244,125.998,291462.0,"Atrangi Re: Rait Zara Si Full Video |@ARRahman|Akshay, Dhanush,Sara,Arijit, Shashaa | Bhushan K",T-Series,82721044.0,794372.0,11692.0,True,True,
A.R. Rahman,Param Sundari,Mimi (Original Motion Picture Soundtrack),album,0.815,0.761,4.0,-7.162,0.144,0.192,0.0,0.0272,0.82,121.999,200219.0,"Param Sundari -Official Video | Mimi | Kriti Sanon, Pankaj Tripathi | @ARRahman| Shreya |Amitabh",Sony Music India,435786754.0,4077182.0,159031.0,True,True,78684300.0
A.R. Rahman,Kun Faya Kun,Rockstar,album,0.362,0.378,1.0,-11.008,0.0329,0.679,0.0,0.091,0.575,87.549,470500.0,"Kun Faya Kun Full Video Song Rockstar | Ranbir Kapoor | A.R. Rahman, Javed Ali, Mohit Chauhan",T-Series,333829289.0,2718990.0,94883.0,True,True,73834235.0
A.R. Rahman,Jashn-E-Bahaaraa,Jodhaa Akbar (Original Motion Picture Soundtrack),album,0.7,0.343,2.0,-10.474,0.0308,0.767,0.0,0.0789,0.488,137.864,315173.0,Jashn-E-Bahaaraa - Jodhaa Akbar|@A. R. Rahman|Hrithik Roshan|Aishwarya Rai|Javed A,SonyMusicIndiaVEVO,17107007.0,322723.0,3748.0,True,True,64456952.0
A.R. Rahman,Raanjhanaa,Raanjhanaa (Original Motion Picture Soundtrack),album,0.673,0.714,9.0,-8.042,0.039,0.111,0.0,0.0858,0.78,112.941,254653.0,A.R. Rahman - Raanjhanaa Best Lyric Video|Sonam Kapoor|Dhanush|Jaswinder|Shiraz,SonyMusicIndiaVEVO,26504186.0,311358.0,3457.0,True,True,52826792.0
A.R. Rahman,Tere Bina,Guru (Original Motion Picture Soundtrack),album,0.744,0.7,2.0,-7.663,0.0375,0.278,0.000155,0.068,0.867,144.033,309640.0,A.R. Rahman - Tere Bina Best Video| Guru|Aishwarya Rai|Abhishek Bachchan|Chinmayi,SonyMusicIndiaVEVO,94808515.0,735586.0,13863.0,True,True,47727856.0
A.R. Rahman,Mallipoo,Vendhu Thanindhathu Kaadu (Original Motion Picture Soundtrack),single,0.715,0.654,2.0,-7.266,0.336,0.196,0.000117,0.0667,0.762,175.589,245366.0,Mallipoo Video Song | VTK | HDR | Silambarasan TR | Gautham Vasudev Menon |   @ARRahman | Vels,Think Music India,86199720.0,851792.0,11886.0,True,True,41725242.0
A.R. Rahman,Ennodu Nee Irundhaal,I (Original Motion Picture Soundtrack),album,0.261,0.603,0.0,-6.733,0.0367,0.558,0.0,0.184,0.207,158.125,352711.0,"I - Ennodu Nee Irundhaal Video | A. R. Rahman | Vikram, Amy Jackson | Shankar",SonyMusicSouthVEVO,65094477.0,417473.0,11032.0,True,True,37409758.0
A.R. Rahman,"Ponni Nadhi (From ""Ponniyin Selvan Part -1"") - Tamil","Ponni Nadhi (From ""Ponniyin Selvan Part -1"") [Original Motion Picture Soundtrack]",single,0.687,0.637,10.0,-9.55,0.13,0.12,0.0,0.291,0.56,152.0,290526.0,Ponni Nadhi - Full Video | Ponniyin Selvan 1 | Tamil | AR Rahman | Mani Ratnam | Karthi,Tips Tamil,16992074.0,127548.0,2513.0,True,True,33410129.0
50 Cent,In Da Club,Get Rich Or Die Tryin',album,0.902,0.72,6.0,-2.776,0.347,0.26,0.0,0.0749,0.805,90.059,193467.0,50 Cent - In Da Club (Official Music Video),50CentVEVO,1682616458.0,10481678.0,296745.0,True,True,1041736808.0
50 Cent,Candy Shop,The Massacre,album,0.614,0.574,11.0,-7.961,0.466,0.0253,3.2e-05,0.38,0.755,125.173,209107.0,50 Cent - Candy Shop (Official Music Video) ft. Olivia,50CentVEVO,838974650.0,5014527.0,113251.0,True,True,701248893.0
50 Cent,P.I.M.P.,Get Rich Or Die Tryin',album,0.7,0.758,10.0,-3.012,0.342,0.0444,1.3e-05,0.0401,0.889,78.693,249467.0,"50 Cent - P.I.M.P. (Snoop Dogg Remix) ft. Snoop Dogg, G-Unit",50CentVEVO,572659065.0,3334710.0,60552.0,True,True,541728561.0
50 Cent,21 Questions,Get Rich Or Die Tryin',album,0.576,0.807,6.0,-3.908,0.317,0.353,0.000363,0.0512,0.908,90.012,224427.0,50 Cent - 21 Questions (Official Music Video) ft. Nate Dogg,50CentVEVO,503248572.0,2759199.0,54805.0,True,True,446003044.0
50 Cent,Just A Lil Bit,The Massacre,album,0.489,0.692,1.0,-6.672,0.41,0.0322,0.00608,0.315,0.527,96.946,237707.0,50 Cent - Just A Lil Bit,50CentVEVO,476133463.0,2523312.0,42075.0,True,True,395155110.0
50 Cent,Many Men (Wish Death),Get Rich Or Die Tryin',album,0.653,0.826,6.0,-2.93,0.354,0.0153,0.00146,0.131,0.416,108.52,256227.0,50 Cent - Many Men (Wish Death) (Dirty Version),50CentVEVO,441155628.0,2765887.0,84117.0,True,True,332175400.0
50 Cent,If I Can't,Get Rich Or Die Tryin',album,0.892,0.631,11.0,-2.522,0.302,0.244,0.0,0.0235,0.838,93.975,196640.0,50 Cent - If I Can't (Official Music Video),Wu Sound,46096.0,612.0,14.0,False,False,210473579.0
50 Cent,Disco Inferno,The Massacre,album,0.925,0.659,3.0,-4.763,0.231,0.206,7.88e-05,0.279,0.71,97.018,214227.0,50 Cent - Disco Inferno (Official Music Video),50CentVEVO,39825951.0,382791.0,12038.0,True,True,202477187.0
50 Cent,Best Friend - Remix,Best Friend (Remix),single,0.545,0.64,10.0,-3.529,0.308,0.368,0.0,0.111,0.574,181.733,254493.0,50 Cent-Best Friend(Remix),Lightning,291023.0,5729.0,46.0,False,False,160037992.0
50 Cent,Is This Love ('09) (feat. 50 Cent),Curtain Call 2,album,0.853,0.776,8.0,-4.221,0.261,0.0714,0.0,0.181,0.659,94.028,212013.0,"Eminem, 50 Cent - Is This Love ('09) [Visualizer]",EminemVEVO,5289821.0,245935.0,9008.0,True,True,
21 Savage,Knife Talk (with 21 Savage ft. Project Pat),Certified Lover Boy,album,0.849,0.424,5.0,-9.579,0.324,0.0635,0.0,0.0834,0.153,145.887,242966.0,"Drake - Knife Talk (Official Video) ft. 21 Savage, Project Pat",DrakeVEVO,74244853.0,796542.0,26241.0,True,True,
21 Savage,Jimmy Cooks (feat. 21 Savage),"Honestly, Nevermind",album,0.529,0.673,0.0,-4.711,0.175,0.000307,2.41e-06,0.093,0.366,165.921,218365.0,Drake & 21 Savage - Jimmy Cooks,Drake,12454143.0,461647.0,14487.0,False,True,413205085.0
21 Savage,Rich Flex,Her Loss,album,0.561,0.52,11.0,-9.342,0.244,0.0503,1.86e-06,0.355,0.424,153.15,239360.0,"Drake ft. 21 Savage ""Rich Flex"" (Music Video)",RAPTRAX,3926832.0,54749.0,2569.0,False,False,311694937.0
21 Savage,Creepin' (with The Weeknd & 21 Savage),HEROES & VILLAINS,album,0.715,0.62,1.0,-6.005,0.0484,0.417,0.0,0.0822,0.172,97.95,221520.0,"Metro Boomin, The Weeknd, 21 Savage - Creepin' (Visualizer)",MetroBoominVEVO,17011354.0,325993.0,5530.0,True,True,279832635.0
21 Savage,Glock In My Lap,SAVAGE MODE II,album,0.847,0.733,10.0,-6.439,0.16,0.00574,1.04e-05,0.151,0.202,130.029,193591.0,21 Savage & Metro Boomin - Glock In My Lap (Official Music Video),21 Savage,24885008.0,487517.0,9641.0,False,True,182739405.0
21 Savage,Pussy & Millions (feat. Travis Scott),Her Loss,album,0.749,0.63,4.0,-6.652,0.116,0.0623,0.0,0.353,0.445,122.03,242027.0,21 Savage & Metro Boomin - Glock In My Lap (Official Music Video),21 Savage,24885008.0,487517.0,9641.0,False,True,119787835.0
21 Savage,Major Distribution,Her Loss,album,0.908,0.546,8.0,-10.491,0.323,0.0127,0.0,0.0707,0.225,131.016,170502.0,"Drake, 21 Savage - Major Distribution (Audio)",DrakeVEVO,7706203.0,102385.0,2065.0,True,True,107919519.0
21 Savage,On BS,Her Loss,album,0.841,0.358,9.0,-8.368,0.591,0.0201,0.0,0.39,0.329,158.014,261544.0,"21 Savage ft. Drake ""On BS"" (Music Video)",Rap Radio,213119.0,3427.0,120.0,False,False,100595022.0
21 Savage,Spin Bout U,Her Loss,album,0.773,0.701,7.0,-6.386,0.0512,0.01,0.0,0.163,0.203,129.963,214589.0,"Drake, 21 Savage ""Spin Bout U"" (Music Video)",RAPTRAX,1111996.0,8576.0,154.0,False,False,87618118.0
21 Savage,Niagara Falls (Foot or 2) [with Travis Scott & 21 Savage],HEROES & VILLAINS,album,0.671,0.658,2.0,-5.567,0.309,0.189,8.66e-05,0.147,0.257,87.933,207307.0,"Metro Boomin, Travis Scott, 21 Savage - Niagara Falls (Foot or 2) (Visualizer)",MetroBoominVEVO,5384334.0,96598.0,1286.0,True,True,81603704.0
blink-182,All The Small Things,Enema Of The State,album,0.434,0.897,0.0,-4.918,0.0488,0.0103,0.0,0.612,0.684,148.726,167067.0,blink-182 - All The Small Things (Official Music Video),blink182VEVO,332704458.0,1581923.0,60906.0,True,True,798081462.0
blink-182,I Miss You,blink-182,album,0.664,0.781,11.0,-6.547,0.0339,0.00103,5.33e-06,0.0867,0.593,110.0,227240.0,blink-182 - I Miss You (Official Video),blink182VEVO,351164165.0,1840581.0,94913.0,True,True,
blink-182,What's My Age Again?,Enema Of The State,album,0.391,0.951,6.0,-7.419,0.0692,0.0126,0.000378,0.0878,0.468,157.66,148360.0,blink-182 - What's My Age Again? (Official Music Video),blink182VEVO,91222822.0,498740.0,28347.0,True,True,521711460.0
blink-182,First Date,Take Off Your Pants And Jacket,album,0.579,0.928,0.0,-4.344,0.0411,0.000715,0.0,0.18,0.882,95.594,171533.0,blink-182 - First Date (Official Video),blink182VEVO,199905842.0,914915.0,34692.0,True,True,324986783.0
blink-182,Adam's Song,Enema Of The State,album,0.52,0.775,0.0,-5.803,0.0348,0.034,0.0,0.364,0.382,136.028,249627.0,blink-182 - Adam's Song,blink182VEVO,146038465.0,596518.0,40763.0,True,True,243561772.0
blink-182,Dammit,Dude Ranch,album,0.426,0.972,0.0,-5.122,0.0954,0.0017,0.0,0.171,0.341,111.221,165373.0,blink-182 - Dammit,blink182VEVO,77978075.0,297202.0,19357.0,True,True,219251033.0
blink-182,The Rock Show,Take Off Your Pants And Jacket,album,0.41,0.959,9.0,-4.563,0.0869,0.000324,0.0,0.0766,0.83,193.155,171600.0,blink-182 - The Rock Show,blink182VEVO,81675630.0,292705.0,13654.0,True,True,179613789.0
blink-182,Feeling This,blink-182,album,0.411,0.962,4.0,-5.952,0.0917,0.103,0.0,0.529,0.622,173.143,172646.0,blink-182 - Feeling This (Official Video),blink182VEVO,68581920.0,264005.0,15058.0,True,True,138444397.0
blink-182,Stay Together For The Kids,Take Off Your Pants And Jacket,album,0.519,0.78,2.0,-4.939,0.0356,0.00165,2.14e-05,0.156,0.166,145.125,239333.0,blink-182 - Stay Together For The Kids,blink182VEVO,89303151.0,398587.0,20026.0,True,True,105326686.0
blink-182,EDGING,EDGING,single,0.606,0.905,5.0,-3.117,0.0518,0.0044,0.0,0.151,0.706,143.952,151533.0,blink-182 - EDGING (Official Video),blink182VEVO,13377823.0,308826.0,23907.0,True,True,23876669.0
U2,With Or Without You - Remastered,The Joshua Tree (Super Deluxe),album,0.54,0.429,2.0,-11.822,0.0285,0.000202,0.355,0.141,0.113,110.171,295516.0,U2 - With Or Without You (Official Music Video),U2VEVO,112720876.0,762547.0,18001.0,True,True,803376048.0
U2,I Still Haven't Found What I'm Looking For,The Joshua Tree (Super Deluxe),album,0.564,0.774,1.0,-9.424,0.0368,0.0135,0.00191,0.0861,0.657,100.894,277477.0,U2 - I Still Haven't Found What I'm Looking For (Official Music Video),U2VEVO,169626279.0,891840.0,22678.0,True,True,531487905.0
U2,One,Achtung Baby (Deluxe Edition),album,0.392,0.534,0.0,-8.793,0.0369,0.245,0.00104,0.155,0.325,181.305,276187.0,U2 - One (Official Music Video),U2VEVO,144625593.0,617689.0,20280.0,True,True,447961684.0
U2,Beautiful Day,All That You Can't Leave Behind,album,0.539,0.926,2.0,-6.495,0.0499,0.014,0.00136,0.36,0.454,136.279,246400.0,U2 - Beautiful Day (Official Music Video),U2VEVO,177102206.0,685207.0,22085.0,True,True,434312667.0
U2,Sunday Bloody Sunday - Remastered 2008,War (Remastered),album,0.543,0.944,6.0,-7.495,0.0543,0.402,0.000564,0.0373,0.735,101.174,279440.0,Sunday Bloody Sunday (Remastered 2008),U2 - Topic,963144.0,19714.0,72.0,True,True,312372765.0
U2,Pride (In The Name Of Love) - Remastered 2009,The Unforgettable Fire (Remastered),album,0.458,0.843,4.0,-7.201,0.0316,0.00135,0.000296,0.778,0.713,105.701,228427.0,U2 - Pride (In The Name Of Love) (Official Music Video),U2VEVO,97311333.0,402933.0,14189.0,True,True,
U2,Where The Streets Have No Name - Remastered,The Joshua Tree (Super Deluxe),album,0.49,0.724,2.0,-9.581,0.0366,0.00976,0.0046,0.159,0.292,125.812,337506.0,U2 - Where The Streets Have No Name (Official Music Video),U2VEVO,60858124.0,218869.0,12747.0,True,True,141713043.0
U2,Vertigo,How To Dismantle An Atomic Bomb,album,0.416,0.819,9.0,-3.974,0.0613,0.000138,0.00108,0.147,0.632,140.083,193520.0,U2 - Vertigo (Official Music Video),U2VEVO,65513552.0,222605.0,9964.0,True,True,108148330.0
U2,Sweetest Thing,The Joshua Tree (Super Deluxe),album,0.524,0.641,0.0,-8.967,0.0497,0.0437,2.78e-05,0.159,0.482,141.65,184543.0,U2 - Sweetest Thing (Official Music Video),U2VEVO,58474426.0,171485.0,6114.0,True,True,106597387.0
U2,Pride (In The Name Of Love) - Songs Of Surrender,Pride (In The Name Of Love) [Songs Of Surrender],single,0.551,0.378,4.0,-8.398,0.0248,0.223,0.038,0.176,0.242,106.004,237743.0,U2 - Pride (In The Name Of Love) (Songs Of Surrender / Lyric Video),U2VEVO,280321.0,7373.0,1041.0,True,True,1646179.0
Tory Lanez,"WHATS POPPIN (feat. DaBaby, Tory Lanez & Lil Wayne) - Remix","WHATS POPPIN (feat. DaBaby, Tory Lanez & Lil Wayne) [Remix]",single,0.904,0.723,11.0,-5.224,0.26,0.0631,0.0,0.185,0.835,145.013,227478.0,"Jack Harlow - WHATS POPPIN feat. Dababy, Tory Lanez, & Lil Wayne [Official Video]",Jack Harlow,256025742.0,2437220.0,70659.0,True,True,638746688.0
Tory Lanez,Say It,I Told You,album,0.546,0.529,11.0,-10.511,0.0583,0.0862,6.5e-06,0.124,0.247,107.331,237787.0,Tory Lanez - Say It,ToryLanezVEVO,294691541.0,2004619.0,51673.0,True,True,
Tory Lanez,Broke In A Minute,The New Toronto 3,album,0.929,0.7,0.0,-5.595,0.0906,0.144,0.0,0.349,0.802,120.009,132024.0,Tory Lanez - Broke In A Minute *Directed & Edited by Tory Lanez*,Tory Lanez,30154731.0,518074.0,17267.0,False,True,273237961.0
Tory Lanez,The Take (feat. Chris Brown),Chixtape 5,album,0.464,0.547,7.0,-8.137,0.339,0.0511,0.0,0.155,0.423,67.003,221492.0,Tory Lanez - The Take (Feat. Chris Brown) (Official Audio),Tory Lanez,58687130.0,705272.0,7076.0,False,True,256262137.0
Tory Lanez,The Color Violet,Alone At Prom,album,0.645,0.534,6.0,-10.8,0.0479,0.157,0.0,0.0863,0.463,105.02,226467.0,Tory Lanez - The Color Violet [Official Music Video],Teo Productions,192177.0,2672.0,38.0,False,False,208337920.0
Tory Lanez,In For It,In For It,single,0.383,0.531,5.0,-7.814,0.0741,0.0753,0.000102,0.108,0.0375,105.971,293307.0,Tory Lanez - Sorry 4 What ? // LV BELT (Official Video),Tory Lanez,1516174.0,29277.0,1631.0,True,True,76686049.0
Tory Lanez,Lady Of Namek,Alone At Prom,album,0.676,0.659,11.0,-5.123,0.0476,0.194,0.0,0.283,0.595,134.985,193994.0,Tory Lanez - Lady Of Namek [Official Music Video],Tory Lanez,17773546.0,170898.0,9500.0,True,True,53989958.0
Tory Lanez,And This is Just The Intro,PLAYBOY,album,0.53,0.517,5.0,-9.253,0.399,0.387,0.0,0.176,0.381,137.554,326813.0,Tory Lanez - And This Is Just The Intro [Official Music Video],Tory Lanez,9379911.0,92424.0,2748.0,True,True,48972127.0
Tory Lanez,Lavender Sunflower,Alone At Prom,album,0.607,0.735,4.0,-6.065,0.095,0.253,0.0,0.11,0.964,88.894,151967.0,Tory Lanez - Lavender Sunflower (Music Video),Silky Boi,13642.0,278.0,5.0,False,False,44638153.0
Tory Lanez,I LIKE,I LIKE,single,0.744,0.448,4.0,-10.426,0.291,0.365,0.0,0.194,0.279,118.027,133521.0,Tory Lanez - I LIKE [Official Music Video] FARGO FRIDAYS,Tory Lanez,1985424.0,53729.0,2503.0,True,True,17960938.0
The Rolling Stones,"Paint It, Black",Aftermath,album,0.464,0.795,1.0,-9.267,0.0926,0.0493,0.00244,0.399,0.612,158.691,202267.0,"The Rolling Stones - Paint It, Black (Official Lyric Video)",ABKCOVEVO,434986145.0,3050582.0,87518.0,True,True,834723073.0
The Rolling Stones,(I Can't Get No) Satisfaction - Mono Version,Out Of Our Heads,album,0.723,0.863,2.0,-7.89,0.0338,0.0383,0.0317,0.128,0.931,136.302,222813.0,The Rolling Stones - (I Can't Get No) Satisfaction (Official Lyric Video),ABKCOVEVO,142710738.0,943127.0,15095.0,True,True,561632246.0
The Rolling Stones,Start Me Up - Remastered 2009,Tattoo You (2009 Re-Mastered),album,0.631,0.932,5.0,-4.142,0.0354,0.0436,0.137,0.0918,0.971,122.429,213067.0,The Rolling Stones - Start Me Up - Official Promo,The Rolling Stones,60003095.0,365496.0,13142.0,False,True,472974502.0
The Rolling Stones,Gimme Shelter,Let It Bleed,album,0.634,0.63,1.0,-8.277,0.031,0.447,0.039,0.17,0.489,118.628,270773.0,The Rolling Stones - Gimme Shelter (Official Lyric Video),ABKCOVEVO,96605037.0,469835.0,21727.0,True,True,470944917.0
The Rolling Stones,Sympathy For The Devil - 50th Anniversary Edition,Beggars Banquet (50th Anniversary Edition),album,0.702,0.668,9.0,-9.237,0.214,0.518,0.0,0.0588,0.561,116.063,378147.0,The Rolling Stones - Sympathy For The Devil (Official Video) [4K],ABKCOVEVO,50887107.0,292770.0,13871.0,True,True,465192981.0
The Rolling Stones,Beast Of Burden - Remastered 1994,Some Girls,album,0.783,0.878,1.0,-3.864,0.0308,0.39,0.000778,0.0426,0.885,100.626,265173.0,Beast Of Burden (Remastered 1994),The Rolling Stones - Topic,22589323.0,239167.0,646.0,True,True,318262316.0
The Rolling Stones,Angie,Goats Head Soup (Remastered 2009),album,0.429,0.554,9.0,-6.128,0.0291,0.67,0.000152,0.105,0.407,136.302,272000.0,The Rolling Stones - Angie - OFFICIAL PROMO (Version 1),The Rolling Stones,62281290.0,373853.0,11423.0,False,True,282086014.0
The Rolling Stones,Wild Horses - 2009 Mix,Sticky Fingers (Remastered),album,0.432,0.389,7.0,-6.517,0.0255,0.687,0.0107,0.0788,0.158,139.506,341773.0,Wild Horses (2009 Mix),The Rolling Stones - Topic,5082767.0,62311.0,194.0,True,True,
The Rolling Stones,Miss You - Remastered,Some Girls,album,0.795,0.71,9.0,-4.746,0.0392,0.443,0.0215,0.344,0.845,109.689,288667.0,The Rolling Stones - Miss You - OFFICIAL PROMO,The Rolling Stones,15303624.0,107900.0,3628.0,False,True,154402021.0
The Rolling Stones,You Can't Always Get What You Want,Let It Bleed,album,0.32,0.62,0.0,-9.686,0.0594,0.64,6.36e-05,0.253,0.472,86.327,448720.0,The Rolling Stones - You Can’t Always Get What You Want (Official Video) [4K],ABKCOVEVO,19965898.0,273817.0,9590.0,True,True,149203954.0
System Of A Down,Chop Suey!,Toxicity,album,0.417,0.934,7.0,-3.908,0.119,0.000278,0.0015,0.132,0.287,127.066,210240.0,System Of A Down - Chop Suey! (Official HD Video),systemofadownVEVO,1232003777.0,7083485.0,329548.0,True,True,949503301.0
System Of A Down,Toxicity,Toxicity,album,0.413,0.873,8.0,-4.151,0.0536,0.000264,0.00249,0.204,0.48,116.68,218933.0,System Of A Down - Toxicity (Official HD Video),systemofadownVEVO,736827328.0,3961603.0,93489.0,True,True,628447295.0
System Of A Down,B.Y.O.B.,Mezmerize,album,0.538,0.981,1.0,-2.688,0.14,0.00662,0.0,0.219,0.711,101.414,255467.0,System Of A Down - B.Y.O.B. (Official HD Video),systemofadownVEVO,418146594.0,2399598.0,92234.0,True,True,441264205.0
System Of A Down,Lonely Day,Hypnotize,album,0.47,0.796,8.0,-3.277,0.0336,0.362,1.1e-06,0.133,0.215,113.108,167907.0,System Of A Down - Lonely Day (Official HD Video),systemofadownVEVO,320886690.0,1974713.0,55529.0,True,True,347276552.0
System Of A Down,Aerials,Toxicity,album,0.364,0.922,0.0,-4.217,0.0567,0.000915,0.0346,0.0697,0.227,79.342,235053.0,System Of A Down - Aerials (Official HD Video),systemofadownVEVO,391073429.0,2007787.0,59023.0,True,True,340999078.0
System Of A Down,Hypnotize,Hypnotize,album,0.274,0.92,6.0,-4.096,0.0489,0.0303,0.000412,0.115,0.0397,154.016,189440.0,System Of A Down - Hypnotize (Official HD Video),systemofadownVEVO,186246163.0,802891.0,29715.0,True,True,
System Of A Down,Sugar,System Of A Down,album,0.451,0.889,1.0,-2.693,0.261,0.00167,0.00215,0.258,0.586,131.073,153800.0,System Of A Down - Sugar (Official HD Video),systemofadownVEVO,128056329.0,757083.0,31832.0,True,True,
System Of A Down,Violent Pornography,Mezmerize,album,0.459,0.958,6.0,-2.333,0.0877,0.0283,0.0,0.108,0.586,142.707,211333.0,Violent Pornography - System of a Down (Music Video),cassidymav,572234.0,3690.0,246.0,False,False,146971757.0
System Of A Down,Prison Song,Toxicity,album,0.493,0.974,1.0,-3.252,0.135,0.0202,8.31e-05,0.182,0.354,99.647,201160.0,System Of A Down - Prison Song (Music Video),Cesar Huchim,89046.0,1581.0,63.0,False,False,101333051.0
System Of A Down,Spiders,System Of A Down,album,0.46,0.54,5.0,-5.132,0.0381,0.0324,0.0168,0.326,0.0506,137.855,215440.0,System Of A Down - Spiders (Official HD Video),systemofadownVEVO,116004946.0,554702.0,18696.0,True,True,90938235.0
Slipknot,Duality,Vol. 3: The Subliminal Verses,album,0.354,0.982,4.0,-3.026,0.168,0.000237,0.000294,0.204,0.194,143.772,252613.0,Slipknot - Duality [OFFICIAL VIDEO] [HD],Slipknot,356487151.0,2211238.0,87719.0,True,True,525198814.0
Slipknot,Psychosocial,All Hope Is Gone (10th Anniversary),album,0.568,0.981,2.0,-3.889,0.0887,0.00269,0.00275,0.0243,0.307,135.146,284120.0,Slipknot - Psychosocial [OFFICIAL VIDEO] [HD],Slipknot,472423591.0,3598519.0,160857.0,True,True,440543539.0
Slipknot,Before I Forget,Vol. 3: The Subliminal Verses,album,0.291,0.974,6.0,-2.997,0.171,0.0177,5.44e-06,0.886,0.348,134.724,278600.0,Slipknot - Before I Forget [OFFICIAL VIDEO] [HD],Slipknot,249436786.0,1421839.0,42357.0,True,True,383553771.0
Slipknot,Wait and Bleed,Slipknot,album,0.382,0.996,7.0,-4.119,0.104,0.00208,0.0,0.417,0.327,93.345,147840.0,Slipknot - Wait And Bleed [OFFICIAL VIDEO] [HD],Slipknot,132263461.0,696184.0,30426.0,True,True,297647780.0
Slipknot,The Devil in I,.5: The Gray Chapter (Special Edition),album,0.398,0.939,9.0,-2.865,0.0648,0.00591,0.000881,0.357,0.235,92.027,342821.0,Slipknot - The Devil In I [OFFICIAL VIDEO],Slipknot,382685788.0,2607369.0,105721.0,True,True,289911594.0
Slipknot,Snuff,All Hope Is Gone (10th Anniversary),album,0.544,0.69,6.0,-5.723,0.0425,0.012,0.0095,0.0615,0.219,123.962,276147.0,Slipknot - Snuff [OFFICIAL VIDEO] [HD],Slipknot,151293970.0,1215219.0,48701.0,True,True,265277606.0
Slipknot,Unsainted,We Are Not Your Kind,album,0.427,0.946,7.0,-2.188,0.0469,0.000118,0.0253,0.0604,0.237,101.305,260773.0,Slipknot - Unsainted [OFFICIAL VIDEO],Slipknot,131946894.0,1634462.0,85175.0,True,True,228741006.0
Slipknot,"Vermilion, Pt. 2",Vol. 3: The Subliminal Verses,album,0.589,0.442,4.0,-8.517,0.0291,0.334,0.000424,0.0987,0.0904,122.688,224320.0,Slipknot - Vermilion Pt. 2 [OFFICIAL VIDEO] [HD],Slipknot,72085231.0,531060.0,18176.0,True,True,120556550.0
Slipknot,Custer,.5: The Gray Chapter (Special Edition),album,0.407,0.98,7.0,-1.58,0.107,0.00174,0.000112,0.119,0.537,131.066,254467.0,Slipknot - Custer (LIVE),Slipknot,26386968.0,255982.0,8371.0,True,True,112251097.0
Slipknot,The Dying Song (Time To Sing),"The End, So Far",album,0.516,0.991,11.0,-2.587,0.126,0.000467,4.66e-05,0.327,0.402,95.017,203587.0,Slipknot - The Dying Song (Time To Sing),Slipknot,20236075.0,611649.0,30343.0,True,True,24596630.0
Shreya Ghoshal,Pal,Pal,single,0.51,0.502,7.0,-7.016,0.0325,0.71,0.0,0.0708,0.321,133.885,247286.0,Pal - Female Version - Best Lyric Video|Shreya Ghoshal| Varun & Rhea|Javed Mohsin,SonyMusicIndiaVEVO,79273746.0,671799.0,17862.0,True,True,100903028.0
Shreya Ghoshal,Saibo,Shor in the City (Original Motion Picture Soundtrack),album,0.619,0.429,2.0,-7.867,0.028,0.738,1.35e-05,0.136,0.545,90.058,195253.0,"Saibo Full Video - Shor In The City|Radhika Apte,Tusshar|Shreya Ghoshal,Tochi Raina",SonyMusicIndiaVEVO,66364441.0,632208.0,8408.0,True,True,91740940.0
Shreya Ghoshal,Samjhawan,Samjhawan,single,0.651,0.482,4.0,-8.666,0.0281,0.293,0.0,0.0811,0.517,106.993,269185.0,Samjhawan | Shreya Ghoshal | MTVBeats,Shreya Ghoshal Fanpage,502800.0,15379.0,436.0,False,False,84959335.0
Shreya Ghoshal,Param Sundari,Mimi (Original Motion Picture Soundtrack),album,0.815,0.761,4.0,-7.162,0.144,0.192,0.0,0.0272,0.82,121.999,200219.0,"Param Sundari -Official Video | Mimi | Kriti Sanon, Pankaj Tripathi | @ARRahman| Shreya |Amitabh",Sony Music India,435786754.0,4077182.0,159031.0,True,True,78684300.0
Shreya Ghoshal,Main Agar Kahoon,Soulful Sonu Nigam Specials,compilation,0.533,0.436,5.0,-7.521,0.0276,0.234,3.17e-06,0.46,0.371,146.868,308158.0,"LYRICAL: Main Agar Kahoon | Om Shanti Om | Shahrukh Khan,Deepika Padukone | Sonu Nigam,Shreya Ghosal",T-Series,131716526.0,1124402.0,20864.0,True,True,49993575.0
Shreya Ghoshal,Munbe Vaa,Silunu Oru Kadhal,album,0.609,0.759,10.0,-9.422,0.0336,0.245,2.84e-05,0.207,0.802,141.126,356942.0,Munbe Vaa - Shreya Ghoshal Live at EXPO2020 Dubai,BToS Productions,808247.0,16354.0,596.0,False,False,46214786.0
Shreya Ghoshal,Hasi - Female Version,Hamari Adhuri Kahani (Original Motion Picture Soundtrack),album,0.52,0.485,4.0,-6.438,0.0269,0.927,0.000466,0.159,0.407,143.901,192187.0,Hasi - Female Version - Hamari Adhuri Kahani|Official Bollywood Lyrics|Shreya Ghoshal,LyricGuruVEVO,12680162.0,126015.0,1582.0,True,True,42953279.0
Shreya Ghoshal,Piya O Re Piya,Tere Naal Love Ho Gaya (Original Motion Picture Soundtrack),album,0.442,0.574,2.0,-6.394,0.0828,0.273,0.0,0.094,0.308,167.857,292747.0,Piya O Re Piya By Shreya Ghoshal ❤️,Shreya Ghoshal Songs,7876.0,259.0,14.0,False,False,32957897.0
Shreya Ghoshal,Rasiya,Brahmastra (Original Motion Picture Soundtrack),album,0.54,0.796,4.0,-7.538,0.0521,0.371,0.00165,0.11,0.636,78.99,265063.0,Rasiya - Brahmāstra | Amitabh B | Ranbir Kapoor | Alia Bhatt | Pritam | Amitabh | Tushar | Shreya,Sony Music India,33160840.0,481325.0,50693.0,True,True,28781713.0
Shreya Ghoshal,Tujh Mein Rab Dikhta Hai - Ii,Rab Ne Bana Di Jodi (Original),album,0.334,0.3,2.0,-12.359,0.0377,0.863,1.62e-06,0.195,0.158,147.076,101799.0,Tujhme Rab Dikhta Hai by Shreya Ghoshal live at Sony Project Resound Concert,KEGE ENTERTAINMENT,4548435.0,96196.0,1724.0,False,False,25942155.0
Red Hot Chili Peppers,Under the Bridge,Blood Sugar Sex Magik (Deluxe Edition),album,0.559,0.345,4.0,-13.496,0.0459,0.0576,0.000105,0.141,0.458,84.581,264307.0,Red Hot Chili Peppers - Under The Bridge [Official Music Video],Red Hot Chili Peppers,246687714.0,1213572.0,32761.0,True,True,1061750522.0
Red Hot Chili Peppers,Californication,Californication (Deluxe Edition),album,0.592,0.767,9.0,-2.788,0.027,0.0021,0.00165,0.127,0.328,96.483,329733.0,Red Hot Chili Peppers - Californication (Official Music Video) [HD UPGRADE],Red Hot Chili Peppers,1018811259.0,4394471.0,121452.0,True,True,1055738398.0
Red Hot Chili Peppers,Can't Stop,By the Way (Deluxe Edition),album,0.618,0.938,9.0,-3.442,0.0456,0.0179,0.0,0.167,0.875,91.455,269000.0,Red Hot Chili Peppers - Can't Stop [Official Music Video],Red Hot Chili Peppers,336635759.0,1740224.0,32573.0,True,True,866464951.0
Red Hot Chili Peppers,Snow (Hey Oh),Stadium Arcadium,album,0.427,0.9,11.0,-3.674,0.0499,0.116,1.75e-05,0.119,0.599,104.655,334667.0,Red Hot Chili Peppers - Snow (Hey Oh) (Official Music Video),Red Hot Chili Peppers,320871237.0,1272266.0,37004.0,True,True,860722316.0
Red Hot Chili Peppers,Otherside,Californication (Deluxe Edition),album,0.458,0.795,0.0,-3.265,0.0574,0.00316,0.000202,0.0756,0.513,123.229,255373.0,Red Hot Chili Peppers - Otherside [Official Music Video],Red Hot Chili Peppers,673528656.0,3140356.0,60091.0,True,True,732774515.0
Red Hot Chili Peppers,Scar Tissue,Californication (Deluxe Edition),album,0.595,0.717,0.0,-4.803,0.0295,0.0779,0.00274,0.108,0.547,88.969,215907.0,Red Hot Chili Peppers - Scar Tissue [Official Music Video],Red Hot Chili Peppers,435121530.0,1890900.0,37069.0,True,True,
Red Hot Chili Peppers,Dani California,Stadium Arcadium,album,0.556,0.913,0.0,-2.36,0.0437,0.0193,8.59e-06,0.346,0.73,96.184,282160.0,Red Hot Chili Peppers - Dani California [Official Music Video],Red Hot Chili Peppers,324228662.0,1456622.0,49461.0,True,True,550067391.0
Red Hot Chili Peppers,Dark Necessities,The Getaway,album,0.7,0.742,5.0,-6.777,0.0716,0.0722,0.0199,0.11,0.197,91.959,302000.0,Red Hot Chili Peppers - Dark Necessities [Official Music Video],Red Hot Chili Peppers,440037964.0,2094182.0,56516.0,True,True,385677873.0
Red Hot Chili Peppers,By the Way,By the Way (Deluxe Edition),album,0.451,0.97,0.0,-4.938,0.107,0.0264,0.00355,0.102,0.198,122.444,216933.0,Red Hot Chili Peppers - By The Way [Official Music Video],Red Hot Chili Peppers,179005296.0,784717.0,20084.0,True,True,
Red Hot Chili Peppers,Give It Away,Blood Sugar Sex Magik (Deluxe Edition),album,0.666,0.936,7.0,-9.919,0.0476,0.00244,0.086,0.153,0.776,91.577,282907.0,Red Hot Chili Peppers - Give It Away [Official Music Video],Red Hot Chili Peppers,86637926.0,434837.0,16029.0,True,True,301947159.0
Radiohead,Creep,Pablo Honey,album,0.515,0.43,7.0,-9.935,0.0372,0.0097,0.000133,0.129,0.104,91.844,238640.0,Radiohead - Creep,Radiohead,763497849.0,4777393.0,147276.0,True,True,1101854725.0
Radiohead,Karma Police,OK Computer,album,0.36,0.501,7.0,-9.129,0.0258,0.0638,9.32e-05,0.172,0.324,74.807,264067.0,Radiohead - Karma Police,Radiohead,89246405.0,593396.0,17682.0,True,True,382823305.0
Radiohead,No Surprises,OK Computer,album,0.255,0.393,5.0,-10.654,0.0278,0.0577,0.00361,0.113,0.118,76.426,229120.0,Radiohead - No Surprises,Radiohead,167847274.0,1274934.0,40034.0,True,True,379349681.0
Radiohead,High and Dry,The Bends,album,0.419,0.383,4.0,-11.782,0.0256,0.0724,0.0176,0.0896,0.35,87.568,257480.0,Radiohead -  High & Dry -  American Version [OFFICIAL MUSIC VIDEO],Justice Elan Wenzloff,80290.0,2133.0,238.0,False,False,291096318.0
Radiohead,Fake Plastic Trees,The Bends,album,0.463,0.229,2.0,-12.592,0.0297,0.167,0.0997,0.202,0.135,73.543,290707.0,Radiohead - Fake Plastic Trees,Radiohead,61340263.0,398951.0,15400.0,True,True,219867047.0
Radiohead,Exit Music (For A Film),OK Computer,album,0.293,0.276,4.0,-11.357,0.0349,0.224,0.122,0.167,0.195,121.603,267187.0,Exit Music (For A Film),Radiohead - Topic,10644157.0,171322.0,1669.0,True,True,146857863.0
Radiohead,Weird Fishes/ Arpeggi,In Rainbows,album,0.531,0.61,11.0,-8.025,0.0387,0.772,0.756,0.0908,0.199,152.958,318187.0,Radiohead - Weird Fishes -  by Tobias Stretch,Radiohead,15335499.0,125774.0,4852.0,False,True,121688699.0
Radiohead,Just,The Bends,album,0.291,0.767,7.0,-6.913,0.0862,0.000401,0.012,0.0763,0.359,175.702,234800.0,Radiohead - Just,Radiohead,15041854.0,146328.0,6899.0,True,True,88945336.0
Radiohead,Nude,In Rainbows,album,0.516,0.342,4.0,-9.785,0.0342,0.832,0.579,0.0857,0.167,128.378,255387.0,Radiohead - Nude,Radiohead,12205514.0,124486.0,4536.0,True,True,86388469.0
Radiohead,Jigsaw Falling Into Place,In Rainbows,album,0.462,0.832,11.0,-6.085,0.0479,0.108,0.00416,0.0741,0.807,165.653,248893.0,Radiohead - Jigsaw Falling Into Place,Radiohead,26398730.0,180969.0,8010.0,True,True,79367881.0
Pritam,Kesariya,Brahmastra (Original Motion Picture Soundtrack),album,0.577,0.574,0.0,-6.525,0.0278,0.572,0.0,0.1,0.436,94.009,268165.0,Kesariya - Brahmāstra | Ranbir Kapoor | Alia Bhatt | Pritam | Arijit Singh | Amitabh Bhattacharya,Sony Music India,404999375.0,5394887.0,156860.0,True,True,
Pritam,Shayad,Love Aaj Kal (Original Motion Picture Soundtrack),album,0.483,0.468,8.0,-7.642,0.0341,0.784,0.0,0.152,0.319,135.875,247941.0,Shayad | Lockdown Version | Pritam | Arijit,Pritam,9928703.0,282832.0,12531.0,False,True,196665486.0
Pritam,Khairiyat,Chhichhore,album,0.534,0.481,0.0,-9.016,0.0412,0.697,0.0,0.142,0.293,124.914,280282.0,"Full Song: KHAIRIYAT (BONUS TRACK) | CHHICHHORE | Sushant, Shraddha | Pritam, Amitabh B|Arijit Singh",T-Series,878651534.0,6735409.0,247220.0,True,True,141640304.0
Pritam,Kalank (Title Track),Kalank (Original Motion Picture Soundtrack),album,0.57,0.55,10.0,-8.343,0.035,0.524,3.73e-05,0.0921,0.435,117.999,311186.0,Kalank Title Track - Full Video | Madhuri Sonakshi Alia Sanjay Aditya Varun | Arijit | Pritam,Zee Music Company,73814491.0,722644.0,15817.0,True,True,114548526.0
Pritam,Kabira,Yeh Jawaani Hai Deewani,album,0.59,0.555,2.0,-6.861,0.0271,0.481,0.0,0.192,0.191,84.027,223460.0,"""Kabira Full Song"" Yeh Jawaani Hai Deewani | Pritam | Ranbir Kapoor, Deepika Padukone",T-Series,368043095.0,2156715.0,38383.0,True,True,106694938.0
Pritam,Tum Se Hi,Jab We Met,album,0.609,0.538,6.0,-7.842,0.0273,0.328,0.0,0.125,0.608,130.015,321225.0,"Full Video: Tum Se Hi | Jab We Met | Kareena Kapoor, Shahid Kapoor | Mohit Chauhan | Pritam",T-Series,65425800.0,605862.0,12977.0,True,True,105143682.0
Pritam,Tera Hone Laga Hoon,Ajab Prem Ki Ghazab Kahani (Original Motion Picture Soundtrack),album,0.684,0.771,8.0,-5.353,0.0307,0.548,0.0,0.112,0.539,119.982,299827.0,"Tera Hone Laga Hoon Lyrical - Ajab Prem Ki Ghazab Kahani | Atif Aslam | Ranbir, Katrina K | Pritam",Tips Official,349523411.0,2224745.0,56143.0,True,True,
Pritam,Bhool Bhulaiyaa 2 Title Track,Bhool Bhulaiyaa 2,album,0.857,0.893,0.0,-2.87,0.0422,0.0663,0.0,0.0335,0.845,108.022,211667.0,"Bhool Bhulaiyaa 2 (Title Track) Kartik A, Kiara A, Tabu |Pritam, Tanishk, Neeraj, Anees B, Bhushan K",T-Series,240651292.0,2291965.0,83981.0,True,True,75285958.0
Pritam,Raabta,Agent Vinod,album,0.657,0.581,0.0,-8.108,0.0298,0.699,1.82e-05,0.116,0.323,118.037,243578.0,"Raabta (Kehte Hain Khuda) Agent Vinod Full Song Video | Saif Ali Khan, Kareena Kapoor | Pritam",T-Series,13619357.0,100178.0,2351.0,True,True,74341580.0
Pritam,Deva Deva,Brahmastra (Original Motion Picture Soundtrack),album,0.539,0.729,0.0,-7.588,0.0412,0.627,0.000941,0.128,0.435,112.074,279107.0,Deva Deva - Brahmāstra | Amitabh B | Ranbir Kapoor | Alia Bhatt | Pritam | Arijit | Amitabh | Jonita,Sony Music India,84218237.0,923122.0,54428.0,True,True,60032339.0
Pink Floyd,Wish You Were Here,Wish You Were Here,album,0.481,0.262,7.0,-15.73,0.0414,0.735,0.0114,0.832,0.375,122.861,334744.0,Pink floyd - Wish you were here (Original version),Parsifal Climacus,328482.0,5849.0,230.0,False,False,557368632.0
Pink Floyd,"Another Brick in the Wall, Pt. 2",The Wall,album,0.693,0.394,0.0,-15.882,0.0428,0.0782,0.000694,0.247,0.721,104.114,238747.0,"Pink Floyd - Another Brick In The Wall, Part Two (Official Music Video)",Pink Floyd,42252469.0,405995.0,7172.0,True,True,
Pink Floyd,The Great Gig in the Sky,The Dark Side of the Moon,album,0.274,0.217,5.0,-13.814,0.0345,0.767,0.896,0.0832,0.181,116.334,283872.0,Pink Floyd - The Great Gig In The Sky (PULSE Restored & Re-Edited),Pink Floyd,7433876.0,83454.0,4099.0,True,True,
Pink Floyd,Comfortably Numb,The Wall,album,0.472,0.366,11.0,-12.595,0.0286,0.15,0.312,0.0837,0.171,127.163,382297.0,Comfortably Numb - Pink Floyd - The Wall - 4K Remastered,PinkFloyd4K,474581.0,7571.0,446.0,False,False,
Pink Floyd,Money,The Dark Side of the Moon,album,0.468,0.536,11.0,-10.422,0.144,0.024,0.00199,0.269,0.785,126.256,382834.0,Pink Floyd - Money (Official Music Video),Pink Floyd,27865859.0,217345.0,5603.0,True,True,
Pink Floyd,Breathe (In the Air),The Dark Side of the Moon,album,0.431,0.373,11.0,-15.142,0.0346,0.389,0.728,0.143,0.253,128.153,169535.0,Pink Floyd - Breathe (In The Air) [Live in HD],Pink Floyd,486448.0,8034.0,238.0,True,True,
Pink Floyd,Time,The Dark Side of the Moon,album,0.359,0.48,9.0,-11.79,0.0841,0.521,0.0043,0.178,0.355,120.285,413947.0,Time - Pink Floyd - Music Video [HQ],Good Old Music,101194.0,1643.0,53.0,False,False,
Pink Floyd,Hey You,The Wall,album,0.587,0.302,0.0,-14.976,0.0293,0.223,0.00216,0.128,0.19,112.46,278441.0,Pink Floyd-Hey You {Music Video},mic floyd,6305982.0,46296.0,1746.0,False,False,
Pink Floyd,Brain Damage,The Dark Side of the Moon,album,0.324,0.265,2.0,-13.398,0.0302,0.0732,0.341,0.366,0.208,133.568,226667.0,Brain Damage / Eclipse - Pink Floyd - Music Video [HQ],Good Old Music,33552.0,,56.0,False,False,
Pink Floyd,Us and Them,The Dark Side of the Moon,album,0.357,0.302,2.0,-14.526,0.0303,0.862,0.559,0.634,0.135,72.518,469224.0,Pink Floyd - Us And Them (Official Video),ElMuroPinkFloyd,147200.0,2914.0,197.0,False,False,
Pharrell Williams,"Happy - From ""Despicable Me 2""",G I R L,album,0.647,0.822,5.0,-4.662,0.183,0.219,0.0,0.0908,0.962,160.019,232720.0,Pharrell Williams - Happy (from Despicable Me 2) [Ballroom Version],PharrellWilliamsVEVO,128396799.0,718507.0,14157.0,True,True,1143833476.0
Pharrell Williams,"Feels (feat. Pharrell Williams, Katy Perry & Big Sean)",Funk Wav Bounces Vol.1,album,0.893,0.745,11.0,-3.105,0.0571,0.0642,0.0,0.0943,0.872,101.018,223413.0,"Calvin Harris - Feels (Official Video) ft. Pharrell Williams, Katy Perry, Big Sean",CalvinHarrisVEVO,673495248.0,4097957.0,105475.0,True,True,981287133.0
Pharrell Williams,Neon Guts (feat. Pharrell Williams),Luv Is Rage 2,album,0.859,0.563,1.0,-6.635,0.112,0.0541,0.0,0.0685,0.412,119.934,258789.0,Lil Uzi Vert - Neon Guts feat. Pharrell Williams [Official Visualizer],LIL UZI VERT,35793144.0,431472.0,11252.0,True,True,219355874.0
Pharrell Williams,Hit Different,Hit Different,single,0.679,0.516,0.0,-6.371,0.0452,0.199,0.0,0.0965,0.716,120.074,202008.0,SZA - Hit Different (Official Video) ft. Ty Dolla $ign,SZAVEVO,121559320.0,1081676.0,36266.0,True,True,198332490.0
Pharrell Williams,Frontin' (feat. Jay-Z) - Club Mix,The Neptunes Present... Clones,album,0.894,0.404,9.0,-5.913,0.13,0.453,1.57e-06,0.0801,0.759,102.009,236507.0,Pharrell - Frontin' (Official HD Video) ft. Jay-Z,PharrellWilliamsVEVO,59095041.0,433116.0,13530.0,True,True,114177468.0
Pharrell Williams,Just A Cloud Away,Just A Cloud Away,single,0.89,0.46,2.0,-8.155,0.0359,0.432,0.0,0.11,0.677,112.555,176078.0,Just A Cloud Away,Pharrell Williams - Topic,2672481.0,63065.0,75.0,True,True,105629259.0
Pharrell Williams,Cash In Cash Out,Cash In Cash Out,single,0.877,0.56,7.0,-3.751,0.0596,0.00721,1.45e-06,0.0839,0.154,119.971,216136.0,"Pharrell Williams - Cash In Cash Out (Official Video) ft. 21 Savage, Tyler, The Creator",PharrellWilliamsVEVO,20392451.0,560857.0,16545.0,True,True,104603335.0
Pharrell Williams,"Stay With Me (with Justin Timberlake, Halsey & Pharrell)",Funk Wav Bounces Vol. 2,album,0.81,0.733,9.0,-6.338,0.0444,0.276,6.73e-06,0.288,0.9,125.975,229283.0,"Calvin Harris - Stay With Me (Official Video) ft Justin Timberlake, Halsey & Pharrell",CalvinHarrisVEVO,26641550.0,315368.0,9132.0,True,True,99934776.0
Pharrell Williams,JUGGERNAUT (feat. Lil Uzi Vert & Pharrell Williams),CALL ME IF YOU GET LOST,album,0.827,0.571,11.0,-7.949,0.366,0.0195,0.0,0.166,0.62,142.034,146419.0,"Tyler, The Creator - JUGGERNAUT (Official Video)","Tyler, The Creator",11408003.0,477302.0,12628.0,False,True,99577335.0
Pharrell Williams,Down In Atlanta,Down In Atlanta,single,0.851,0.819,7.0,-5.173,0.212,0.337,0.000153,0.0658,0.903,83.154,164041.0,"Pharrell Williams, Travis Scott - Down In Atlanta (Official Lyric Video)",PharrellWilliamsVEVO,3658044.0,88925.0,2271.0,True,True,42006396.0
P!nk,Just Give Me a Reason (feat. Nate Ruess),The Truth About Love,album,0.778,0.547,2.0,-7.273,0.0489,0.346,0.000302,0.132,0.441,95.002,242733.0,P!nk - Just Give Me A Reason ft. Nate Ruess,PinkVEVO,1518313784.0,6420621.0,166423.0,True,True,995490565.0
P!nk,What About Us,Beautiful Trauma,album,0.491,0.588,1.0,-6.177,0.0506,0.0281,2.01e-06,0.0906,0.193,113.608,269600.0,P!NK - What About Us (Official Video),PinkVEVO,339837769.0,1819636.0,38357.0,True,True,662431775.0
P!nk,Raise Your Glass,Raise Your Glass,single,0.7,0.709,7.0,-5.006,0.0838,0.0048,0.0,0.029,0.624,122.019,202960.0,P!nk - Raise Your Glass (Official Video),PinkVEVO,237232986.0,1026177.0,47667.0,True,True,502735560.0
P!nk,Try,The Truth About Love,album,0.674,0.628,2.0,-7.079,0.03,0.00144,0.0,0.0944,0.552,103.998,247907.0,P!nk - Try (Official Video),PinkVEVO,534286492.0,2554163.0,78435.0,True,True,476783121.0
P!nk,So What,Funhouse (Expanded Edition),album,0.534,0.87,11.0,-3.078,0.0425,0.000334,0.0,0.241,0.462,126.019,215160.0,P!nk - So What (Official Video),PinkVEVO,432775314.0,2187945.0,60960.0,True,True,471672024.0
P!nk,Cover Me In Sunshine,All I Know So Far: Setlist,album,0.473,0.592,5.0,-6.859,0.138,0.0528,0.0,0.131,0.292,159.7,138573.0,"P!NK, Willow Sage Hart - Cover Me In Sunshine (Official Video)",PinkVEVO,80575503.0,948515.0,24233.0,True,True,346097538.0
P!nk,Who Knew,I'm Not Dead,album,0.688,0.734,9.0,-4.569,0.0274,0.00462,0.0,0.0756,0.46,140.004,208493.0,P!nk - Who Knew (Official Video),PinkVEVO,168736063.0,611231.0,20095.0,True,True,219363750.0
P!nk,True Love (feat. Lily Allen),The Truth About Love,album,0.457,0.823,9.0,-4.76,0.311,0.00144,0.0,0.108,0.578,192.205,230733.0,P!nk - True Love (Official Video) ft. Lily Allen,PinkVEVO,149977268.0,938718.0,31361.0,True,True,170002964.0
P!nk,Never Gonna Not Dance Again,Never Gonna Not Dance Again,single,0.668,0.802,5.0,-4.005,0.0917,0.0273,0.0,0.163,0.769,113.796,225789.0,P!NK - Never Gonna Not Dance Again (Official Video),PinkVEVO,10941241.0,216805.0,7540.0,True,True,34361626.0
P!nk,TRUSTFALL,TRUSTFALL,single,0.636,0.888,8.0,-3.889,0.0945,0.00162,0.000216,0.147,0.25,122.032,237200.0,P!NK - TRUSTFALL (Official Video),PinkVEVO,3309247.0,146755.0,5707.0,True,True,2790105.0
Oasis,Wonderwall - Remastered,(What's The Story) Morning Glory? (Deluxe Remastered Edition),album,0.375,0.893,2.0,-4.097,0.0406,0.000509,0.0,0.187,0.434,174.323,258773.0,Oasis - Wonderwall (Official HD Remastered Video),OasisVEVO,5920778.0,94047.0,2828.0,True,True,1568357013.0
Oasis,Champagne Supernova - Remastered,(What's The Story) Morning Glory? (Deluxe Remastered Edition),album,0.293,0.817,2.0,-3.786,0.039,0.458,0.0509,0.355,0.138,150.249,451320.0,Oasis - Champagne Supernova (Official HD Remastered Video),Oasis,7602328.0,43830.0,2150.0,True,True,310236960.0
Oasis,Stop Crying Your Heart Out,Heathen Chemistry,album,0.331,0.558,2.0,-5.506,0.031,0.0689,1.96e-06,0.124,0.0985,150.19,303120.0,Oasis - Stop Crying Your Heart Out (Official Video),Oasis,40670355.0,280372.0,146.0,True,True,222997016.0
Oasis,Live Forever - Remastered,Definitely Maybe (Deluxe Edition Remastered),album,0.286,0.822,9.0,-3.366,0.0381,2.31e-05,1.31e-05,0.353,0.19,90.96,276667.0,Oasis - Live Forever (Official HD Remastered Video),OasisVEVO,41433735.0,209073.0,7626.0,True,True,196083015.0
Oasis,Supersonic - Remastered,Definitely Maybe (Deluxe Edition Remastered),album,0.359,0.913,9.0,-2.865,0.0391,6.31e-05,0.0121,0.0954,0.589,104.058,283787.0,Oasis - Supersonic (Official HD Remastered Video),OasisVEVO,62494588.0,267021.0,11268.0,True,True,120315940.0
Oasis,She's Electric - Remastered,(What's The Story) Morning Glory? (Deluxe Remastered Edition),album,0.484,0.905,9.0,-3.506,0.0481,0.146,1.13e-06,0.24,0.486,125.414,220920.0,Oasis - She's Electric (Official Lyric Video),OasisVEVO,7313387.0,67141.0,2865.0,True,True,98442003.0
Oasis,Songbird,Heathen Chemistry,album,0.491,0.561,2.0,-6.396,0.0279,0.274,2.16e-06,0.23,0.543,134.881,127600.0,Oasis - Songbird (Official Video),Oasis,10810618.0,50735.0,65.0,True,True,42404903.0
Oasis,Don't Look Back In Anger - Remastered,(What's The Story) Morning Glory? (Deluxe Remastered Edition),album,0.328,0.936,0.0,-3.254,0.0628,0.0665,2.61e-06,0.165,0.31,162.97,289560.0,Oasis - Don't Look Back In Anger (Official HD Remastered Video),OasisVEVO,5216690.0,82027.0,3101.0,True,True,
Oasis,Half The World Away - Remastered,Definitely Maybe (Deluxe Edition Remastered),album,0.433,0.458,0.0,-8.666,0.0328,0.305,0.0,0.0863,0.23,115.213,267333.0,Oasis - Half The World Away (Official Lyric Video),OasisVEVO,17748202.0,94151.0,4359.0,True,True,
Oasis,Stand By Me - Remastered,Be Here Now (Deluxe Remastered Edition),album,0.194,0.825,7.0,-2.605,0.041,0.0864,0.00284,0.182,0.35,169.974,355867.0,Oasis - Stand By Me (Official HD Video),OasisVEVO,1097539.0,16688.0,677.0,True,True,
Nate Dogg,Party We Will Throw Now!,Party We Will Throw Now! - Single,single,0.934,0.562,4.0,-4.609,0.24,0.0476,1.31e-06,0.0608,0.712,96.792,209413.0,"Warren G ""Party We Will Throw Now"" Ft. Nate Dogg & The Game | Official Music Video",Dash Radio,37353144.0,314682.0,4339.0,False,False,97613307.0
Nate Dogg,I Got Love,Music and Me,album,0.912,0.416,10.0,-5.943,0.164,0.437,0.306,0.09,0.677,90.013,236227.0,Nate Dogg - I Got Love (Official Video) [Explicit],UPROXX Video,8077133.0,111121.0,1509.0,True,True,53098241.0
Nate Dogg,Music & Me,Music and Me,album,0.905,0.414,8.0,-8.112,0.0615,0.105,0.000366,0.0914,0.758,99.133,240627.0,Nate Dogg - Music and me,radoxo,50038923.0,284168.0,7811.0,False,False,
Nate Dogg,So Fly - J. Period Remix,A Tribute to the King of G-Funk (Deluxe Version),album,0.604,0.601,0.0,-6.837,0.398,0.177,0.0,0.405,0.829,82.261,185813.0,So Fly (J. Period Remix),Nate Dogg - Topic,230534.0,4634.0,0.0,True,True,41273101.0
Nate Dogg,I Got Love (feat. Nate Dogg),I Got Love (feat. Nate Dogg),single,0.849,0.955,1.0,-1.862,0.153,0.286,0.000862,0.0604,0.545,122.984,159024.0,Nate Dogg - I Got Love (Official Video) [Explicit],UPROXX Video,8077133.0,111121.0,1509.0,True,True,
Nate Dogg,Nobody Does It Better,The Prodigal Son (Digitally Remastered),album,0.736,0.517,0.0,-9.775,0.053,0.416,0.0,0.138,0.116,92.048,270427.0,Nate Dogg feat. Warren G - Nobody Does It Better,Urbanvids,85998.0,1886.0,77.0,False,False,33117711.0
Nate Dogg,Shake That (Remix),Eminem Presents The Re-Up,compilation,0.945,0.701,8.0,-3.749,0.158,0.0872,3.32e-06,0.147,0.617,107.036,179560.0,Eminem - Shake That (Official Music Video) ft. Nate Dogg,EminemVEVO,164632766.0,1354860.0,33743.0,True,True,32805017.0
Nate Dogg,Keep It G.A.N.G.S.T.A. (feat. Lil' Mo & Xzibit),Music and Me,album,0.818,0.433,5.0,-6.398,0.209,0.0939,0.0,0.0967,0.677,90.096,245027.0,Nate Dogg - Keep It G.A.N.G.S.T.A  (Feat. Lil Mo & Xzibit),Classic Hip-Hop Archive,196434.0,1678.0,57.0,False,False,11303566.0
Nate Dogg,Your Wife (feat. Dr. Dre),Music and Me,album,0.859,0.342,7.0,-5.789,0.117,0.0127,0.00373,0.056,0.395,97.08,219493.0,Nate Dogg - Your wife feat Dr Dre,radoxo,5428329.0,37435.0,692.0,False,False,10372883.0
Nate Dogg,Ain't No Fun (feat. Snoop Dogg & Warren G) - J. Period Remix,A Tribute to the King of G-Funk (Deluxe Version),album,0.858,0.683,5.0,-7.058,0.114,0.12,1.78e-06,0.4,0.779,100.238,94973.0,"Snoop Dogg - Ain't No Fun feat. Nate Dogg, Warren G, Kurupt",Iron POWER,15845590.0,154812.0,3393.0,False,False,4643075.0
Muse,Uprising,The Resistance,album,0.602,0.905,2.0,-4.046,0.0775,0.000202,0.064,0.117,0.411,128.019,304840.0,Muse - Uprising [Official Video],Muse,249689138.0,1391854.0,65543.0,True,True,496116359.0
Muse,Supermassive Black Hole,Black Holes and Revelations,album,0.668,0.921,7.0,-3.727,0.0439,0.0492,0.00517,0.0877,0.782,120.0,212440.0,Muse - Supermassive Black Hole [Official Music Video],Muse,65115769.0,368298.0,26853.0,True,True,407737878.0
Muse,Starlight,Black Holes and Revelations,album,0.55,0.874,4.0,-4.046,0.0321,0.000436,1.02e-05,0.206,0.318,121.61,240213.0,Muse - Starlight [Official Music Video],Muse,172296428.0,814237.0,29034.0,True,True,316493449.0
Muse,Madness,The 2nd Law,album,0.502,0.417,10.0,-7.665,0.0718,0.127,0.00419,0.106,0.218,180.301,281040.0,Muse - Madness,Muse,162282411.0,833060.0,38802.0,True,True,264508776.0
Muse,Psycho,Drones,album,0.555,0.883,2.0,-3.426,0.0341,0.00114,0.041,0.868,0.507,125.02,316718.0,Muse - Psycho [Official Lyric Video],Muse,77060302.0,604210.0,22593.0,True,True,
Muse,Hysteria,Absolution,album,0.412,0.92,9.0,-4.852,0.0575,0.000456,0.0026,0.11,0.455,93.162,227440.0,Muse - Hysteria [Official Music Video],Muse,101176337.0,488937.0,15957.0,True,True,201041577.0
Muse,Knights of Cydonia,Black Holes and Revelations,album,0.366,0.963,11.0,-5.301,0.142,0.000273,0.0122,0.115,0.211,137.114,366213.0,Muse - Knights Of Cydonia  (Video),Muse,45980398.0,254648.0,16380.0,True,True,188191094.0
Muse,Time is Running Out,Absolution,album,0.585,0.842,9.0,-5.883,0.0556,0.00242,0.00686,0.0866,0.428,118.211,237040.0,Muse - Time Is Running Out (video),Muse,77040741.0,415034.0,8809.0,True,True,173292941.0
Muse,Undisclosed Desires,The Resistance,album,0.683,0.585,8.0,-6.76,0.0323,0.00819,0.0162,0.0797,0.641,115.997,235000.0,Muse - Undisclosed Desires,Muse,111069898.0,484356.0,20481.0,True,True,152135034.0
Muse,Plug in Baby,Origin of Symmetry,album,0.408,0.965,2.0,-4.232,0.05,6.94e-06,0.000402,0.11,0.349,136.018,218000.0,Muse - Plug In Baby (Official Video),Muse,38420858.0,214006.0,10189.0,True,True,123322561.0
Michael Jackson,Billie Jean,Thriller,album,0.932,0.457,11.0,-9.62,0.0541,0.0173,0.0436,0.0414,0.884,117.002,294227.0,Michael Jackson - Billie Jean (Official Video),michaeljacksonVEVO,1300732161.0,9523245.0,508425.0,True,True,1302677366.0
Michael Jackson,Beat It,Thriller,album,0.776,0.711,3.0,-9.03,0.0473,0.0242,0.000353,0.234,0.901,138.728,258400.0,Michael Jackson - Beat It (Official 4K Video),michaeljacksonVEVO,905692299.0,6656468.0,259358.0,True,True,826832314.0
Michael Jackson,Smooth Criminal - 2012 Remaster,Bad (Remastered),album,0.853,0.981,8.0,-3.947,0.0751,0.247,0.468,0.306,0.595,118.193,257760.0,Michael Jackson - Smooth Criminal (Single Version) HD,vman,84652754.0,672624.0,25952.0,False,False,
Michael Jackson,Don't Stop 'Til You Get Enough,Off the Wall,album,0.878,0.821,11.0,-9.875,0.089,0.126,0.0461,0.183,0.947,118.881,365467.0,Michael Jackson - Don’t Stop 'Til You Get Enough (Official Video),michaeljacksonVEVO,349102050.0,2254295.0,89160.0,True,True,389644450.0
Michael Jackson,The Way You Make Me Feel - 2012 Remaster,Bad (Remastered),album,0.877,0.854,1.0,-4.523,0.147,0.0544,5.5e-05,0.144,0.54,114.472,298120.0,Michael Jackson - The Way You Make Me Feel (Official Video),michaeljacksonVEVO,436325398.0,2515830.0,94765.0,True,True,349629692.0
Michael Jackson,Rock with You - Single Version,Off the Wall,album,0.808,0.535,1.0,-12.521,0.0353,0.179,9.91e-05,0.158,0.848,114.031,220627.0,Michael Jackson - Rock With You (Official Video),michaeljacksonVEVO,301845823.0,2269865.0,87490.0,True,True,346137424.0
Michael Jackson,Love Never Felt So Good,XSCAPE,album,0.775,0.719,7.0,-6.212,0.0435,0.132,1.79e-06,0.0662,0.712,117.513,246027.0,"Michael Jackson, Justin Timberlake - Love Never Felt So Good (Official Video)",michaeljacksonVEVO,343328494.0,2121502.0,53821.0,True,True,280500270.0
Michael Jackson,They Don't Care About Us,"HIStory - PAST, PRESENT AND FUTURE - BOOK I",album,0.859,0.905,0.0,-5.539,0.129,0.205,0.00837,0.322,0.731,89.946,284160.0,Michael Jackson - They Don’t Care About Us (Brazil Version) (Official Video),michaeljacksonVEVO,978680025.0,8312571.0,335112.0,True,True,256361972.0
Michael Jackson,Remember the Time,Dangerous,album,0.831,0.921,5.0,-2.383,0.0582,0.153,0.00224,0.305,0.795,108.002,239227.0,Michael Jackson - Remember The Time (Official Video),michaeljacksonVEVO,504057332.0,3085718.0,127080.0,True,True,224254298.0
Michael Jackson,Chicago,XSCAPE,album,0.608,0.756,7.0,-2.675,0.176,0.0784,0.0,0.187,0.55,176.086,245507.0,Michael Jackson - Chicago,MJ4481,545655.0,7314.0,386.0,False,False,103974637.0
Metallica,Whiskey In The Jar,"Garage, Inc.",album,0.511,0.972,10.0,-3.751,0.0413,5.36e-06,0.00101,0.19,0.532,132.97,304893.0,Metallica - Whiskey In The Jar (Official Music Video),Warner Records Vault,107553434.0,429797.0,12074.0,False,False,327681785.0
Metallica,Lux Æterna,Lux Æterna,single,0.386,0.996,11.0,-2.96,0.0754,1.15e-05,0.000836,0.116,0.188,130.573,205680.0,Metallica: Lux Æterna (Official Music Video),Metallica,14937918.0,473751.0,46230.0,True,True,20061385.0
Metallica,Screaming Suicide,Screaming Suicide,single,0.425,0.972,4.0,-3.448,0.045,2.42e-05,0.0202,0.239,0.282,101.125,330453.0,Metallica: Screaming Suicide (Official Music Video),Metallica,4317758.0,217109.0,17225.0,True,True,3905429.0
Metallica,Enter Sandman (Remastered),Metallica (Remastered),album,0.566,0.834,6.0,-8.412,0.0298,0.00277,0.008,0.0625,0.621,123.296,331560.0,Metallica: Enter Sandman (Official Music Video),Metallica,573553706.0,2828795.0,81335.0,True,True,
Metallica,Nothing Else Matters (Remastered),Metallica (Remastered),album,0.547,0.394,4.0,-9.793,0.0262,0.0522,6.4e-06,0.0795,0.17,142.37,388733.0,Metallica: Nothing Else Matters (Official Music Video),Metallica,1209806093.0,5127599.0,135946.0,True,True,
Metallica,Master of Puppets (Remastered),Master of Puppets (Remastered Deluxe Box Set),album,0.539,0.828,4.0,-9.108,0.035,0.00067,0.421,0.154,0.562,105.25,515387.0,Master of Puppets (Remastered),Metallica - Topic,20762910.0,293409.0,1703.0,True,True,
Metallica,The Unforgiven (Remastered),Metallica (Remastered),album,0.531,0.583,7.0,-9.47,0.0256,0.0184,0.00624,0.255,0.207,139.503,387160.0,Metallica - The Unforgiven (Official Music Video),Warner Records Vault,426125708.0,1781690.0,46392.0,False,False,
Metallica,One (Remastered),...And Justice for All (Remastered Deluxe Box Set),album,0.438,0.687,7.0,-9.15,0.0619,0.000668,0.0801,0.42,0.426,103.01,446146.0,Metallica - One (Official Music Video) [Remastered in HD],"No Music, No Life !",524.0,18.0,1.0,False,False,
Metallica,For Whom The Bell Tolls (Remastered),Ride The Lightning (Deluxe Remaster),album,0.512,0.86,0.0,-6.145,0.0703,0.00631,0.00528,0.0652,0.258,117.909,309973.0,For Whom The Bell Tolls (Remastered),Metallica - Topic,23666398.0,274106.0,667.0,True,True,
Metallica,Sad But True (Remastered),Metallica (Remastered),album,0.624,0.876,7.0,-6.005,0.0342,0.000926,0.00164,0.0561,0.453,89.24,324600.0,Metallica: Sad But True (Official Music Video),Metallica,72737062.0,418124.0,15110.0,True,True,
Mariah Carey,All I Want for Christmas Is You,Merry Christmas,album,0.336,0.627,7.0,-7.463,0.0384,0.164,0.0,0.0708,0.35,150.273,241107.0,Mariah Carey - All I Want For Christmas Is You (Official Video),MariahCareyVEVO,753218999.0,3874002.0,249083.0,True,True,1437977604.0
Mariah Carey,We Belong Together,The Emancipation of Mimi,album,0.837,0.462,0.0,-7.89,0.0601,0.0339,0.0,0.09,0.762,139.986,201400.0,Mariah Carey - We Belong Together (Official Music Video),MariahCareyVEVO,557340303.0,2207817.0,78714.0,True,True,431793600.0
Mariah Carey,Always Be My Baby,Daydream,album,0.65,0.531,4.0,-8.335,0.0364,0.457,0.0,0.249,0.487,78.946,258133.0,Mariah Carey - Always Be My Baby (Official Music Video),MariahCareyVEVO,306941658.0,1298739.0,43433.0,True,True,301955185.0
Mariah Carey,Fantasy,Daydream,album,0.669,0.727,7.0,-7.588,0.0353,0.139,0.0,0.123,0.807,102.322,243493.0,Mariah Carey - Fantasy (Official 4K Video),MariahCareyVEVO,104948400.0,697101.0,27832.0,True,True,257187137.0
Mariah Carey,Obsessed,Memoirs of an imperfect Angel,album,0.742,0.468,10.0,-5.557,0.0625,0.0465,0.0,0.826,0.369,86.443,242200.0,Mariah Carey - Obsessed (Official Music Video),MariahCareyVEVO,204281507.0,1613939.0,116298.0,True,True,231493779.0
Mariah Carey,I Know What You Want (feat. Flipmode Squad),It Ain't Safe No More. . .,album,0.648,0.759,6.0,-4.315,0.306,0.0142,0.0,0.648,0.518,85.996,324307.0,"Busta Rhymes, Mariah Carey - I Know What You Want (Official HD Video) ft. Flipmode Squad",BustaRhymesVEVO,295026099.0,2212835.0,32922.0,True,True,227592322.0
Mariah Carey,Christmas (Baby Please Come Home),Merry Christmas,album,0.561,0.782,3.0,-7.444,0.0317,0.022,0.0,0.109,0.704,127.148,153240.0,Mariah Carey - Christmas (Baby Please Come Home) (Official Audio),MariahCareyVEVO,17209207.0,57286.0,1925.0,True,True,226569574.0
Mariah Carey,Hero,Music Box,album,0.501,0.378,4.0,-9.37,0.029,0.735,0.0,0.119,0.178,119.987,257733.0,Mariah Carey - Hero (Official HD Video),MariahCareyVEVO,339244228.0,1304247.0,43998.0,True,True,218020440.0
Mariah Carey,Without You,Music Box,album,0.576,0.526,6.0,-8.524,0.0325,0.323,2.01e-06,0.0548,0.147,122.06,213667.0,Mariah Carey - Without You (Live Video Version),MariahCareyVEVO,379787199.0,1814454.0,64494.0,True,True,194107435.0
Mariah Carey,O Holy Night,Merry Christmas,album,0.368,0.505,4.0,-7.208,0.0285,0.367,6.63e-06,0.154,0.192,173.977,266933.0,Mariah Carey - O Holy Night (Official HD Video),MariahCareyVEVO,106246436.0,578830.0,34527.0,True,True,102088157.0
Luis Miguel,Ahora Te Puedes Marchar,Soy Como Quiero Ser,album,0.78,0.877,6.0,-3.683,0.0427,0.148,2.36e-06,0.0627,0.909,133.263,191973.0,"Luis Miguel - ""Ahora te puedes marchar"" (Video Oficial)",Warner Music México,562212517.0,2366696.0,61907.0,True,True,473691093.0
Luis Miguel,La Incondicional,Busca Una Mujer,album,0.374,0.727,10.0,-4.352,0.0309,0.237,0.0,0.134,0.283,155.127,257027.0,"Luis Miguel - ""La Incondicional"" (Video Oficial)",Warner Music México,157325196.0,604843.0,20964.0,True,True,392257514.0
Luis Miguel,Hasta Que Me Olvides,Aries,album,0.641,0.593,3.0,-7.884,0.0264,0.46,0.0,0.169,0.437,119.828,281000.0,"Luis Miguel - ""Hasta Que Me Olvides"" (Vídeo Oficial)",Luis Bibián Oficial,1006758.0,13068.0,1056.0,False,False,303652374.0
Luis Miguel,Culpable O No - Miénteme Como Siempre,Busca Una Mujer,album,0.54,0.367,0.0,-14.238,0.0277,0.0367,0.0,0.0433,0.252,70.276,237240.0,Luis Miguel - Culpable o No (Miénteme Como Siempre) 1988,Manquín Vintage Videos,375491.0,4708.0,234.0,False,False,268107480.0
Luis Miguel,Por Debajo De La Mesa,Romances,album,0.401,0.499,0.0,-7.643,0.0272,0.217,0.0,0.149,0.262,144.276,184080.0,"Luis Miguel - ""Por Debajo de la Mesa"" (Video Oficial)",Warner Music México,117161559.0,372824.0,11354.0,True,True,235730264.0
Luis Miguel,La Media Vuelta,Segundo Romance,album,0.631,0.683,7.0,-8.788,0.0344,0.291,0.0,0.0994,0.708,97.959,161040.0,"Luis Miguel - ""La Media Vuelta"" (Video Oficial)",Warner Music México,130543675.0,344687.0,11739.0,True,True,229810217.0
Luis Miguel,Tengo Todo Excepto a Ti,20 Años,album,0.542,0.665,0.0,-8.121,0.0297,0.522,0.0,0.177,0.417,147.977,272827.0,"Luis Miguel - ""Tengo Todo Excepto A Ti"" (Video Oficial)",Warner Music México,47486131.0,183468.0,7981.0,True,True,
Luis Miguel,No Sé Tú,Romance,album,0.389,0.443,10.0,-8.546,0.0304,0.571,0.00178,0.114,0.0888,76.54,229853.0,"Luis Miguel - ""No Sé Tú"" (Video Oficial)",Warner Music México,140665690.0,411448.0,15387.0,True,True,172275945.0
Luis Miguel,Sabor a Mi,Romances,album,0.663,0.579,10.0,-6.982,0.0269,0.645,0.0,0.189,0.48,89.929,185040.0,Luis Miguel - Sabor A Mi (Video Con Letra),Warner Music México,9656892.0,62146.0,758.0,True,True,127896578.0
Luis Miguel,La bikina - En vivo,Vivo,album,0.389,0.71,5.0,-6.265,0.0351,0.161,0.0,0.918,0.666,160.397,179040.0,"Luis Miguel - ""La Bikina"" (Video Oficial)",Warner Music México,207911622.0,556658.0,24537.0,True,True,106123325.0
Ludovico Einaudi,Nuvole Bianche,Una Mattina,album,0.191,0.0582,8.0,-25.398,0.0578,0.961,0.89,0.0941,0.0454,132.614,357707.0,Ludovico Einaudi - Nuvole Bianche (Official Music Video),LudovicoEinaudiVEVO,12422512.0,114821.0,4830.0,True,True,312614767.0
Ludovico Einaudi,Experience,In A Time Lapse,album,0.447,0.449,2.0,-10.634,0.0376,0.934,0.961,0.0697,0.036,92.468,315427.0,Ludovico Einaudi - Experience,LudovicoEinaudiVEVO,55189657.0,1276626.0,32926.0,True,True,304049897.0
Ludovico Einaudi,Una Mattina,Una Mattina,album,0.231,0.0297,2.0,-31.544,0.0579,0.991,0.878,0.0742,0.07,131.413,203800.0,Ludovico Einaudi - Una Mattina,Beatriz,18827869.0,185950.0,3358.0,False,False,177586576.0
Ludovico Einaudi,Primavera,Divenire (Deluxe Edition),album,0.231,0.206,0.0,-13.593,0.0332,0.965,0.856,0.17,0.136,141.628,442400.0,Ludovico Einaudi - Primavera,LudovicoLove,4092349.0,60810.0,1654.0,False,False,85582447.0
Ludovico Einaudi,Natural Light,Underwater,album,0.218,0.00352,1.0,-39.627,0.0515,0.992,0.951,0.139,0.192,68.61,335542.0,Ludovico Einaudi - Natural Light (Performance Video),LudovicoEinaudiVEVO,653911.0,12247.0,409.0,True,True,31987794.0
Ludovico Einaudi,Luminous,Underwater,album,0.307,0.00229,1.0,-34.977,0.0519,0.992,0.931,0.098,0.281,67.775,283280.0,Ludovico Einaudi – Luminous (Performance Video),Ludovico Einaudi,602647.0,14581.0,417.0,False,True,
Ludovico Einaudi,Wind Song,Underwater,album,0.339,0.00572,11.0,-32.309,0.0378,0.986,0.923,0.103,0.0616,72.7,198650.0,Ludovico Einaudi - Wind Song (Performance Video),LudovicoEinaudiVEVO,703698.0,18068.0,389.0,True,True,
Ludovico Einaudi,Rolling Like A Ball,Underwater,album,0.208,0.012,8.0,-29.933,0.0422,0.987,0.919,0.1,0.0391,175.159,257217.0,Ludovico Einaudi - Rolling Like A Ball (Performance Video),LudovicoEinaudiVEVO,473964.0,10849.0,425.0,True,True,13213932.0
Ludovico Einaudi,Temple White,Underwater,album,0.303,0.00958,8.0,-28.556,0.054,0.991,0.953,0.109,0.212,72.204,264845.0,Ludovico Einaudi - Temple White (Performance Video),LudovicoEinaudiVEVO,768901.0,13389.0,445.0,True,True,
Ludovico Einaudi,The Tree,Moments of Peace,album,0.316,0.00329,5.0,-38.901,0.0482,0.994,0.957,0.0933,0.415,90.804,199167.0,Ludovico Einaudi - The Tree,LudovicoEinaudiVEVO,241537.0,5145.0,235.0,True,True,3368451.0
Linkin Park,In the End,Hybrid Theory (Bonus Edition),album,0.556,0.864,3.0,-5.87,0.0584,0.00958,0.0,0.209,0.4,105.143,216880.0,In The End [Official HD Music Video] - Linkin Park,Linkin Park,1487186392.0,10183387.0,409471.0,True,True,1444841705.0
Linkin Park,Numb,Meteora,album,0.496,0.863,9.0,-4.153,0.0381,0.0046,0.0,0.639,0.243,110.018,185587.0,Numb [Official Music Video] - Linkin Park,Linkin Park,1928733776.0,12341722.0,550921.0,True,True,1195213410.0
Linkin Park,Numb / Encore,Numb / Encore: MTV Ultimate Mash-Ups Presents Collision Course,single,0.687,0.793,2.0,-4.254,0.166,0.0603,0.0,0.582,0.751,107.045,205733.0,Numb/Encore [Live] - Linkin Park & Jay Z,Linkin Park,44436981.0,226771.0,9260.0,True,True,778880225.0
Linkin Park,What I've Done,Minutes to Midnight,album,0.623,0.93,5.0,-5.285,0.0324,0.0141,1.64e-06,0.138,0.287,120.119,205613.0,What I've Done [Official Music Video] - Linkin Park,Linkin Park,587927093.0,3370635.0,148741.0,True,True,589294152.0
Linkin Park,One Step Closer,Hybrid Theory (Bonus Edition),album,0.492,0.969,9.0,-4.419,0.0491,0.0014,1.32e-06,0.0787,0.538,95.136,157333.0,One Step Closer [Official HD Music Video] - Linkin Park,Linkin Park,154808291.0,1102031.0,33750.0,True,True,447287242.0
Linkin Park,Faint,Meteora,album,0.554,0.978,4.0,-3.554,0.131,0.111,0.0,0.0731,0.594,135.095,162600.0,Faint [Official Music Video] - Linkin Park,Linkin Park,378323695.0,2061834.0,65731.0,True,True,413355749.0
Linkin Park,Crawling,Hybrid Theory (Bonus Edition),album,0.58,0.702,4.0,-5.565,0.0337,0.0466,3.2e-06,0.536,0.299,105.076,208960.0,Crawling [Official HD Music Video] - Linkin Park,Linkin Park,374506972.0,2197293.0,96490.0,True,True,391929621.0
Linkin Park,Bleed It Out,Minutes to Midnight,album,0.529,0.967,1.0,-3.647,0.0508,0.114,0.0,0.61,0.596,140.127,166373.0,Bleed It Out [Official Music Video] - Linkin Park,Linkin Park,135176149.0,762715.0,27609.0,True,True,388331061.0
Linkin Park,BURN IT DOWN,LIVING THINGS,album,0.585,0.972,9.0,-4.45,0.0534,0.0143,0.0,0.0707,0.585,110.006,230253.0,BURN IT DOWN [Official Music Video] - Linkin Park,Linkin Park,353135986.0,2534190.0,113567.0,True,True,368132993.0
Linkin Park,Papercut,Hybrid Theory (Bonus Edition),album,0.524,0.939,9.0,-3.994,0.113,0.00022,0.0,0.623,0.661,150.184,184867.0,Papercut [Official HD Music Video] - Linkin Park,Linkin Park,240834555.0,1400306.0,50003.0,True,True,
Kanye West,Stronger,Graduation,album,0.617,0.717,10.0,-7.858,0.153,0.00564,0.0,0.408,0.49,103.992,311867.0,Kanye West - Stronger,KanyeWestVEVO,432609094.0,2878369.0,156021.0,True,True,1123296395.0
Kanye West,Ni**as In Paris,Watch The Throne (Deluxe),album,0.789,0.858,1.0,-5.542,0.311,0.127,0.0,0.349,0.775,140.022,219333.0,Jay-Z & Kanye West - Ni**as In Paris (Explicit),KanyeWestVEVO,374189685.0,2521768.0,103200.0,True,True,1054470731.0
Kanye West,Gold Digger,Late Registration,album,0.629,0.696,1.0,-5.572,0.348,0.0195,0.0,0.0554,0.623,93.034,207627.0,Kanye West - Gold Digger ft. Jamie Foxx,KanyeWestVEVO,323806093.0,1797312.0,71502.0,True,True,853381478.0
Kanye West,Heartless,808s & Heartbreak,album,0.79,0.647,10.0,-5.983,0.136,0.0515,0.0,0.248,0.654,87.999,211000.0,Kanye West - Heartless,KanyeWestVEVO,200458945.0,1310078.0,63150.0,True,True,720756420.0
Kanye West,Father Stretch My Hands Pt. 1,The Life Of Pablo,album,0.724,0.573,7.0,-4.113,0.0549,0.118,0.0,0.538,0.438,113.088,135920.0,Father Stretch My Hands Pt. 1,Kanye West - Topic,47207589.0,587832.0,6406.0,True,True,
Kanye West,Bound 2,Yeezus,album,0.367,0.665,1.0,-2.821,0.0465,0.145,0.0,0.113,0.31,148.913,229147.0,Kanye West - Bound 2 (Explicit),KanyeWestVEVO,105206228.0,1105989.0,129255.0,True,True,578115634.0
Kanye West,Flashing Lights,Graduation,album,0.639,0.628,6.0,-7.578,0.0399,0.0381,0.0,0.386,0.43,90.482,237507.0,Kanye West - Flashing Lights ft. Dwele,KanyeWestVEVO,123256878.0,959510.0,35828.0,True,True,543286408.0
Kanye West,Homecoming,Graduation,album,0.667,0.747,1.0,-7.059,0.189,0.337,0.0,0.115,0.918,86.917,203493.0,Kanye West - Homecoming,KanyeWestVEVO,101552405.0,540229.0,25030.0,True,True,379099876.0
Kanye West,Violent Crimes,ye,album,0.669,0.419,1.0,-6.724,0.522,0.376,0.0,0.187,0.0397,109.813,215320.0,Kanye West - Violent Crimes (Music Video),Ray Moore Jr.,343239.0,10149.0,398.0,False,False,335460654.0
Kanye West,I Wonder,Graduation,album,0.542,0.466,0.0,-8.665,0.0831,0.141,0.000445,0.125,0.124,191.385,243440.0,I Wonder,Kanye West - Topic,13652003.0,161439.0,692.0,True,True,
JAY-Z,Ni**as In Paris,Watch The Throne (Deluxe),album,0.789,0.858,1.0,-5.542,0.311,0.127,0.0,0.349,0.775,140.022,219333.0,Jay-Z & Kanye West - Ni**as In Paris (Explicit),KanyeWestVEVO,374189685.0,2521768.0,103200.0,True,True,1054470731.0
JAY-Z,Numb / Encore,Numb / Encore: MTV Ultimate Mash-Ups Presents Collision Course,single,0.687,0.793,2.0,-4.254,0.166,0.0603,0.0,0.582,0.751,107.045,205733.0,Numb/Encore - Linkin Park ft. Jay Z (Unofficial Music Video),Neil Collins,47752493.0,219401.0,4024.0,False,False,778880225.0
JAY-Z,Empire State Of Mind,The Blueprint 3,album,0.491,0.956,11.0,-1.538,0.392,0.0295,0.0,0.46,0.811,173.585,276920.0,JAY-Z - Empire State Of Mind ft. Alicia Keys,JayZVEVO,95231588.0,833985.0,11631.0,True,True,678424384.0
JAY-Z,Run This Town,The Blueprint 3,album,0.632,0.924,1.0,-1.802,0.29,0.281,0.0,0.263,0.441,86.844,267520.0,Jay z ft Rihanna and Kanye west - Run this town,Kayser926,17001975.0,138161.0,5585.0,False,False,296375103.0
JAY-Z,No Church In The Wild,Watch The Throne (Deluxe),album,0.654,0.75,8.0,-7.509,0.105,0.246,0.0178,0.167,0.557,92.78,272507.0,"Jay-Z & Kanye West - No Church In The Wild ft. Frank Ocean, The-Dream",KanyeWestVEVO,106953199.0,826069.0,53502.0,True,True,293182456.0
JAY-Z,Otis,Watch The Throne (Deluxe),album,0.754,0.631,7.0,-4.751,0.307,0.552,0.0,0.5,0.432,94.577,178213.0,"JAY Z, Kanye West - Otis ft. Otis Redding",KanyeWestVEVO,224971063.0,1192658.0,94999.0,True,True,170592836.0
JAY-Z,Gotta Have It,Watch The Throne (Deluxe),album,0.74,0.574,4.0,-6.938,0.245,0.411,0.0,0.262,0.33,149.762,140747.0,"Jay-Z x Kanye West ""Gotta Have It"" Music Video",Sebastian Sdaigui,681129.0,6477.0,291.0,False,False,128273029.0
JAY-Z,03' Bonnie & Clyde,The Blueprint 2: The Gift & The Curse,album,0.759,0.678,9.0,-5.148,0.314,0.23,0.0,0.15,0.327,89.64,205560.0,JAY-Z - '03 Bonnie & Clyde ft. Beyoncé Knowles,JayZVEVO,22824654.0,278099.0,5625.0,True,True,115228530.0
JAY-Z,Love All (with JAY-Z),Certified Lover Boy,album,0.73,0.576,2.0,-5.442,0.287,0.354,3.59e-05,0.15,0.155,92.131,228461.0,"Drake ft. JAY-Z ""Love All"" (Music Video)",RAPTRAX,7101653.0,51843.0,1182.0,False,False,114490460.0
JAY-Z,4:44,4:44,album,0.261,0.852,9.0,-4.965,0.158,0.139,4.26e-05,0.477,0.431,177.997,284493.0,JAY-Z - 4:44,JayZVEVO,25189646.0,272421.0,11734.0,True,True,73726722.0
Hans Zimmer,Time,Inception (Music from the Motion Picture),album,0.286,0.0968,7.0,-16.806,0.0323,0.178,0.696,0.0861,0.0395,62.881,275556.0,Hans Zimmer - Time (Official Audio),WaterTower Music,2253213.0,32073.0,982.0,True,True,274717861.0
Hans Zimmer,Cornfield Chase,Interstellar (Original Motion Picture Soundtrack) [Expanded Edition],album,0.18,0.226,9.0,-16.457,0.042,0.951,0.982,0.0998,0.048,94.079,126960.0,Hans Zimmer - Cornfield Chase,Jazzy J,24110.0,505.0,12.0,False,False,184183799.0
Hans Zimmer,Day One (Interstellar Theme),Interstellar (Original Motion Picture Soundtrack) [Expanded Edition],album,0.311,0.0173,9.0,-27.788,0.0348,0.927,0.964,0.0727,0.0658,95.985,199423.0,Hans Zimmer - Day One (Interstellar Soundtrack),Jennyni20 (Epic Music),1914243.0,18952.0,715.0,False,False,99255767.0
Hans Zimmer,Mountains,Interstellar (Original Motion Picture Soundtrack) [Expanded Edition],album,0.304,0.0585,9.0,-16.949,0.0351,0.59,0.928,0.0982,0.0371,119.975,219093.0,Hans Zimmer - Mountains (Interstellar Soundtrack),Jennyni20 (Epic Music),17641271.0,174881.0,12574.0,False,False,67756753.0
Hans Zimmer,S.T.A.Y.,Interstellar (Original Motion Picture Soundtrack) [Expanded Edition],album,0.0793,0.0301,5.0,-30.777,0.0425,0.933,0.929,0.0741,0.0256,191.413,383513.0,,,,,,,,58728084.0
Hans Zimmer,"This Land - From ""The Lion King""/Score",The Lion King,compilation,0.145,0.174,7.0,-19.155,0.0396,0.516,0.633,0.0784,0.132,100.089,175400.0,Hans Zimmer - Lion King - This Land,xMOPEx,1460405.0,12277.0,537.0,False,False,58570028.0
Hans Zimmer,Chevaliers De Sangreal - From The Da Vinci Code Original Motion Picture Soundtrack,The Da Vinci Code,album,0.169,0.222,7.0,-15.954,0.0356,0.528,0.964,0.107,0.0397,110.877,247400.0,"ᴴᴰ Hans Zimmer - Chevaliers de Sangreal ALL VERSIONS (The Da Vinci Code), (Angels & Demons)",NotLessOrEqual,12702181.0,66885.0,2792.0,False,False,55582162.0
Hans Zimmer,First Step,Interstellar (Original Motion Picture Soundtrack) [Expanded Edition],album,0.163,0.084,9.0,-19.007,0.0329,0.433,0.95,0.102,0.0345,71.028,107767.0,"Hans Zimmer - First Step (Original soundtrack ""Interstellar"" - Main Theme) Special Music Video 2019",WM Travel to Waters by VideoWolf,9613.0,201.0,119.0,False,False,23482064.0
Hans Zimmer,Main Titles (You’ve Been Called Back to Top Gun),Top Gun: Maverick (Music From The Motion Picture),album,0.493,0.302,5.0,-12.478,0.0289,0.0404,0.834,0.107,0.157,107.425,150667.0,"Harold Faltermeyer, Lady Gaga, Hans Zimmer, & Lorne Balfe – Main Titles",Interscope Records,1825118.0,19078.0,620.0,False,False,20954709.0
Hans Zimmer,Top Gun Anthem,Top Gun: Maverick (Music From The Motion Picture),album,0.448,0.336,2.0,-13.124,0.0322,0.00145,0.838,0.0661,0.0364,107.351,148933.0,"Harold Faltermeyer, Lady Gaga, Hans Zimmer, & Lorne Balfe – Top Gun Anthem",Interscope Records,2542697.0,34153.0,1422.0,False,False,
Green Day,Basket Case,Dookie,album,0.442,0.943,3.0,-3.205,0.0602,0.00293,8.71e-06,0.091,0.781,85.064,181533.0,Green Day - Basket Case [Official Music Video],Green Day,306195825.0,1783994.0,62926.0,True,True,778937392.0
Green Day,American Idiot,American Idiot,album,0.38,0.988,1.0,-2.042,0.0639,2.64e-05,7.86e-05,0.368,0.769,186.113,176346.0,Green Day - American Idiot [Official Music Video],Green Day,223477721.0,1599727.0,65058.0,True,True,706697133.0
Green Day,Wake Me up When September Ends,American Idiot,album,0.546,0.814,7.0,-5.146,0.0314,0.023,0.0,0.0972,0.146,104.98,285653.0,Green Day - Wake Me Up When September Ends [Official Music Video],Green Day,204329776.0,1636380.0,108818.0,True,True,572329705.0
Green Day,Boulevard of Broken Dreams,Greatest Hits: God's Favorite Band,compilation,0.496,0.682,8.0,-4.095,0.0294,0.00552,2.94e-05,0.0589,0.474,167.06,262333.0,Green Day - Boulevard Of Broken Dreams [Official Music Video],Green Day,694614010.0,5750425.0,166526.0,True,True,551065028.0
Green Day,Good Riddance (Time of Your Life),Nimrod,album,0.475,0.432,7.0,-7.844,0.0302,0.183,0.0,0.161,0.648,94.605,153467.0,Green Day - Good Riddance (Time of Your Life) [Official Music Video] [4K UPGRADE],Green Day,86982693.0,569250.0,30161.0,True,True,493904399.0
Green Day,21 Guns,21st Century Breakdown,album,0.268,0.742,5.0,-4.939,0.0355,0.0518,0.0,0.626,0.416,159.779,321093.0,Green Day - 21 Guns [Official Music Video],Green Day,470464081.0,2920109.0,124685.0,True,True,470768474.0
Green Day,When I Come Around,Dookie,album,0.531,0.909,11.0,-4.236,0.034,0.0175,0.0,0.231,0.814,97.546,178000.0,Green Day - When I Come Around [Official Music Video],Green Day,110891049.0,588715.0,22284.0,True,True,373991248.0
Green Day,Holiday / Boulevard of Broken Dreams,American Idiot,album,0.29,0.827,8.0,-3.451,0.0362,0.000659,2.55e-06,0.301,0.45,167.086,493400.0,Green Day - Holiday/Boulevard Of Broken Dreams (Video),Beto Cruz,168152.0,3045.0,182.0,False,False,352299012.0
Green Day,Holiday,Greatest Hits: God's Favorite Band,compilation,0.552,0.89,8.0,-3.409,0.0342,0.000143,0.0,0.888,0.716,146.525,232680.0,Green Day - Holiday [Official Music Video],Green Day,118437958.0,851013.0,22129.0,True,True,215950182.0
Green Day,Brain Stew,Insomniac,album,0.559,0.543,1.0,-5.429,0.302,0.00133,2e-05,0.0577,0.337,75.958,193000.0,Green Day - Brain Stew/Jaded [Official Music Video],Green Day,29134130.0,300946.0,15066.0,True,True,137134525.0
Gorillaz,Feel Good Inc.,Demon Days,album,0.818,0.705,6.0,-6.679,0.177,0.00836,0.00233,0.613,0.772,138.559,222640.0,Gorillaz - Feel Good Inc. (Official Video),Gorillaz,693555221.0,6220896.0,169907.0,True,True,1040234854.0
Gorillaz,Clint Eastwood,Gorillaz,album,0.663,0.694,10.0,-8.627,0.171,0.0253,0.0,0.0698,0.525,167.953,340920.0,Gorillaz - Clint Eastwood (Official Video),Gorillaz,618480958.0,6197318.0,155930.0,True,True,617259738.0
Gorillaz,On Melancholy Hill,Plastic Beach,album,0.689,0.739,2.0,-5.81,0.026,1.51e-05,0.509,0.064,0.578,120.423,233867.0,Gorillaz - On Melancholy Hill (Official Video),Gorillaz,211754952.0,1788577.0,55229.0,True,True,434663559.0
Gorillaz,DARE,Demon Days,album,0.76,0.891,11.0,-5.852,0.0372,0.0229,0.0869,0.298,0.966,120.264,245000.0,Gorillaz - DARE (Official Video),Gorillaz,259021161.0,1844658.0,72008.0,True,True,323850327.0
Gorillaz,Rhinestone Eyes,Plastic Beach,album,0.676,0.703,8.0,-5.815,0.0302,0.0869,0.000687,0.0463,0.852,92.761,200173.0,Gorillaz - Rhinestone Eyes [Storyboard Film] (Official Music Video),Gorillaz,72011645.0,1079128.0,31003.0,True,True,
Gorillaz,Dirty Harry,Demon Days,album,0.625,0.877,10.0,-7.176,0.162,0.0315,0.0811,0.672,0.865,192.296,230426.0,Gorillaz - Dirty Harry (Official Video),Gorillaz,154761056.0,1386920.0,39240.0,True,True,191074713.0
Gorillaz,She's My Collar (feat. Kali Uchis),Humanz (Deluxe),album,0.726,0.815,11.0,-5.886,0.0313,0.00799,0.081,0.112,0.462,140.158,209560.0,Gorillaz - She's My Collar [HQ],SalvaMuñox,1010982.0,17675.0,260.0,False,False,159605929.0
Gorillaz,New Gold (feat. Tame Impala and Bootie Brown),New Gold (feat. Tame Impala and Bootie Brown),single,0.695,0.923,1.0,-3.93,0.0522,0.0425,0.0469,0.116,0.551,108.014,215150.0,Gorillaz - New Gold ft. Tame Impala & Bootie Brown (Official Visualiser),Gorillaz,8435055.0,282142.0,7399.0,True,True,63063467.0
Gorillaz,Cracker Island (feat. Thundercat),Cracker Island (feat. Thundercat),single,0.741,0.913,2.0,-3.34,0.0465,0.00343,0.103,0.325,0.643,120.012,213750.0,Gorillaz - Cracker Island ft. Thundercat (Official Video),Gorillaz,24459820.0,739527.0,20296.0,True,True,42671901.0
Gorillaz,New Gold (feat. Tame Impala and Bootie Brown) - Dom Dolla Remix,New Gold (feat. Tame Impala and Bootie Brown) [Dom Dolla Remix],single,0.716,0.897,4.0,-7.185,0.0629,0.012,0.262,0.325,0.358,127.03,274142.0,"Gorillaz - New Gold ft. Tame Impala, Bootie Brown (Dom Dolla Remix) (Official Live Video)",Dom Dolla,451996.0,11686.0,241.0,False,True,10666154.0
Farruko,Pepas,La 167,album,0.762,0.766,7.0,-3.955,0.0343,0.00776,6.98e-05,0.128,0.442,130.001,287120.0,Farruko - Pepas (Official Video),FARRUKOVEVO,518925108.0,4581525.0,91974.0,True,True,1174282383.0
Farruko,Calma - Remix,MUNAY,album,0.826,0.764,11.0,-4.341,0.0522,0.337,0.0,0.161,0.761,126.9,237627.0,"Pedro Capó, Farruko - Calma (Remix - Official Video)",capoVEVO,2661002503.0,12824730.0,365438.0,True,True,1048932845.0
Farruko,Diles,Diles,single,0.813,0.56,2.0,-5.904,0.0618,0.108,0.0,0.268,0.287,118.033,286041.0,"Diles - Bad Bunny, Ozuna, Farruko, Arcangel, Ñengo Flow",Hear This Music,986386304.0,3786939.0,81763.0,True,True,628424773.0
Farruko,Fantasias,Fantasias,single,0.879,0.703,1.0,-4.219,0.0701,0.143,0.0,0.0569,0.788,94.004,199711.0,Rauw Alejandro ❌ Farruko - Fantasías (Video Oficial),Rauw Alejandro,567182812.0,2193036.0,30404.0,True,True,569523901.0
Farruko,On My Way,World Of Walker,album,0.522,0.697,1.0,-5.288,0.103,0.0291,0.0,0.319,0.235,169.775,193959.0,"Alan Walker, Sabrina Carpenter & Farruko  - On My Way",Alan Walker,496745873.0,9294232.0,318569.0,True,True,529555988.0
Farruko,Si Se Da - Remix,Si Se da Remix,single,0.817,0.672,11.0,-5.612,0.299,0.441,0.0,0.13,0.774,93.999,332240.0,"Myke Towers, Farruko, Arcangel, Sech & Zion - Si Se Da Remix (Video Oficial)",Myke Towers,1202913849.0,3283909.0,54002.0,False,True,396374422.0
Farruko,Si Me Dices Que Sí,Si Me Dices Que Sí,single,0.578,0.634,8.0,-5.979,0.333,0.00473,0.0,0.132,0.216,183.89,211652.0,"Reik, Farruko, Camilo - Si Me Dices Que Sí",reikVEVO,129179970.0,897239.0,13226.0,True,True,290126900.0
Farruko,Passion Whine,Farruko Presents Los Menores,album,0.756,0.689,10.0,-3.87,0.0648,0.327,0.0,0.0586,0.782,162.006,213312.0,Farruko - Passion Whine ft. Sean Paul (Official Video),FARRUKOVEVO,528082104.0,1592808.0,25210.0,True,True,195678858.0
Farruko,Color Esperanza 2020,Color Esperanza 2020,single,0.591,0.785,9.0,-7.768,0.161,0.161,0.0,0.126,0.785,106.002,217547.0,Color Esperanza 2020 - Various Artists (Official Video),Latin Waves,24706293.0,557112.0,17598.0,False,False,89466323.0
Farruko,Patio de la Cárcel - Tangos,Quejíos de un Maleante,album,0.788,0.814,9.0,-3.822,0.217,0.562,0.0,0.208,0.665,97.982,202098.0,"Omar Montes, Farruko - Patio de la Cárcel (Tangos - Official Video)",OmarMontesVEVO,10487689.0,86026.0,1945.0,True,True,13182610.0
Eminem,Till I Collapse,The Eminem Show,album,0.548,0.847,1.0,-3.237,0.186,0.0622,0.0,0.0816,0.1,171.447,297787.0,Eminem - Till I Collapse Feat. Nate Dogg [OFFICIAL MUSIC VIDEO],Mydełko,1931315.0,18992.0,291.0,False,False,1548871694.0
Eminem,Without Me,The Eminem Show,album,0.908,0.669,7.0,-2.827,0.0738,0.00286,0.0,0.237,0.662,112.238,290320.0,Eminem - Without Me (Official Music Video),EminemVEVO,1590485349.0,11469490.0,341006.0,True,True,
Eminem,The Real Slim Shady,The Marshall Mathers LP,album,0.949,0.661,5.0,-4.244,0.0572,0.0302,0.0,0.0454,0.76,104.504,284200.0,Eminem - The Real Slim Shady (Official Video - Clean Version),EminemVEVO,777507160.0,6489755.0,169037.0,True,True,
Eminem,Love The Way You Lie,Recovery,album,0.749,0.925,10.0,-5.034,0.227,0.241,0.0,0.52,0.641,86.989,263373.0,Eminem - Love The Way You Lie ft. Rihanna,EminemVEVO,2539156924.0,12696568.0,599124.0,True,True,
Eminem,Godzilla (feat. Juice WRLD),Music To Be Murdered By,album,0.808,0.745,10.0,-5.26,0.342,0.145,0.0,0.292,0.829,165.995,210800.0,Eminem - Godzilla ft. Juice WRLD (Directed by Cole Bennett),Lyrical Lemonade,547039623.0,9287567.0,398333.0,False,False,1072650382.0
Eminem,Mockingbird,Encore (Deluxe Version),album,0.637,0.678,0.0,-3.798,0.266,0.209,0.0,0.156,0.254,84.039,250760.0,Eminem - Mockingbird [Official Music Video],EminemVEVO,719661717.0,5550929.0,205147.0,True,True,908006704.0
Eminem,Stan,The Marshall Mathers LP,album,0.78,0.768,6.0,-4.325,0.238,0.0371,2.34e-06,0.518,0.507,80.063,404107.0,Eminem - Stan (Long Version) ft. Dido,EminemVEVO,623027280.0,5152714.0,199113.0,True,True,799979337.0
Eminem,Not Afraid,Recovery,album,0.855,0.954,0.0,-1.19,0.264,0.529,0.0,0.205,0.668,114.635,248133.0,Eminem - Not Afraid,EminemVEVO,1727241246.0,11425215.0,872181.0,True,True,789922926.0
Eminem,Superman,The Eminem Show,album,0.802,0.755,4.0,-3.138,0.0564,0.0215,0.0,0.295,0.58,130.027,350320.0,Eminem - Superman (Clean Version) ft. Dina Rae,EminemVEVO,139257221.0,950561.0,35404.0,True,True,466021760.0
Eminem,Sing For The Moment,The Eminem Show,album,0.668,0.824,5.0,-4.164,0.137,0.0017,3.05e-06,0.0426,0.185,163.961,339547.0,Eminem - Sing For The Moment (Official Music Video),EminemVEVO,454015875.0,2471743.0,99418.0,True,True,
Dr. Dre,Still D.R.E.,2001,album,0.816,0.775,11.0,-3.323,0.234,0.16,0.00031,0.0543,0.527,93.431,270587.0,Dr. Dre - Still D.R.E. ft. Snoop Dogg,DrDreVEVO,1233860763.0,9629569.0,294499.0,True,True,1085977338.0
Dr. Dre,The Next Episode,2001,album,0.922,0.909,10.0,-2.429,0.27,0.0281,0.0,0.0856,0.309,95.295,161507.0,"Dr. Dre - The Next Episode (Official Music Video) ft. Snoop Dogg, Kurupt, Nate Dogg",DrDreVEVO,623064998.0,5614192.0,137453.0,True,True,754591572.0
Dr. Dre,Forgot About Dre,2001,album,0.924,0.74,8.0,-1.299,0.0774,0.0827,0.0,0.163,0.621,133.974,222293.0,"Eminem, Dr. Dre - Forgot About Dre (Explicit) (Official Music Video) ft. Hittman",DrDreVEVO,201863792.0,1505962.0,53190.0,True,True,601201524.0
Dr. Dre,What's The Difference,2001,album,0.772,0.821,11.0,-0.14,0.25,0.223,0.0,0.148,0.77,91.921,244200.0,Dr. Dre - What's the Difference .ft. Eminem & X-Zibit [ Fan-Made Video ],RedDome1995,234983.0,1114.0,53.0,False,False,307494929.0
Dr. Dre,I Need A Doctor,I Need A Doctor,single,0.594,0.946,3.0,-4.521,0.452,0.0869,0.0,0.306,0.397,155.826,283733.0,"Dr. Dre - I Need A Doctor (Explicit) ft. Eminem, Skylar Grey",DrDreVEVO,482937774.0,2958284.0,240010.0,True,True,283879765.0
Dr. Dre,Xxplosive,2001,album,0.765,0.88,1.0,-4.361,0.116,0.176,1e-05,0.139,0.929,168.96,215200.0,Dr.Dre - Xxplosive,UrbanMusicSource,12036263.0,87956.0,1342.0,False,False,196936815.0
Dr. Dre,Keep Their Heads Ringin',Friday (Original Motion Picture Soundtrack),compilation,0.672,0.777,9.0,-4.238,0.0956,0.0379,0.00141,0.159,0.238,90.575,305573.0,Dr. Dre - Keep Their Heads Ringin' (Official Video) [Explicit],UPROXX Video,7735120.0,84144.0,2156.0,False,False,122828295.0
Dr. Dre,Kush - Main,Kush,single,0.444,0.866,7.0,-6.217,0.111,0.000622,4.72e-05,0.105,0.375,94.968,235120.0,"Dr. Dre - Kush ft. Snoop Dogg, Akon",DrDreVEVO,194414043.0,968198.0,61187.0,True,True,118973790.0
Dr. Dre,The Watcher,2001,album,0.939,0.486,7.0,-3.488,0.207,0.172,0.0,0.264,0.517,97.582,206547.0,Dr. Dre - The Watcher (Dirty/Explicit Music Video) Remastered 1080p,Rap Smoke,1192.0,22.0,0.0,False,False,85334262.0
Dr. Dre,Gospel (with Eminem),Gospel (with Eminem),single,0.919,0.869,1.0,-4.441,0.232,0.103,1.2e-05,0.166,0.655,117.03,210027.0,"Dr. Dre, Eminem - Gospel (Official Video) GTA ONLINE Soundtrack",The Good Life,34499.0,649.0,31.0,False,False,
Don Toliver,"Lemonade (feat. Gunna, Don Toliver & NAV)",B4 The Storm,album,0.8,0.658,1.0,-6.142,0.079,0.25,0.0,0.111,0.462,140.042,195429.0,"Internet Money - Lemonade ft. Don Toliver, Gunna & Nav (Directed by Cole Bennett)",Lyrical Lemonade,188678850.0,2671691.0,66140.0,False,False,1142825569.0
Don Toliver,No Idea,Heaven Or Hell,album,0.652,0.631,6.0,-5.718,0.0893,0.524,0.000579,0.165,0.35,127.998,154424.0,Don Toliver - No Idea [Official Music Video],Don Toliver,284033349.0,3473758.0,55136.0,True,True,682479132.0
Don Toliver,After Party,Heaven Or Hell,album,0.629,0.692,5.0,-8.045,0.0376,0.00981,0.331,0.603,0.453,162.948,167916.0,Don Toliver - After Party [Official Music Video],Don Toliver,78483083.0,1082398.0,22200.0,True,True,
Don Toliver,Cardigan,Heaven Or Hell,album,0.747,0.497,4.0,-6.542,0.0401,0.248,0.0,0.138,0.0663,142.046,158709.0,Don Toliver - Cardigan [Official Music Video],Don Toliver,24139842.0,343353.0,6184.0,True,True,171091255.0
Don Toliver,Mystery Lady,Studying Abroad: Extended Stay,album,0.747,0.494,3.0,-7.957,0.141,0.393,0.0,0.0982,0.624,76.006,228453.0,"Masego, Don Toliver - Mystery Lady",MasegoVEVO,31440593.0,542757.0,10632.0,True,True,141369736.0
Don Toliver,Honest (feat. Don Toliver),Honest,single,0.81,0.655,8.0,-6.779,0.0698,0.127,8.16e-05,0.105,0.809,150.002,193322.0,Justin Bieber - Honest ft. Don Toliver,JustinBieberVEVO,30608215.0,567407.0,30951.0,True,True,92010224.0
Don Toliver,Drugs N Hella Melodies (feat. Kali Uchis),Life of a DON,album,0.56,0.707,1.0,-6.863,0.07,0.264,0.000268,0.108,0.341,147.0,198058.0,Don Toliver - Drugs N Hella Melodies (feat. Kali Uchis) [Official Music Video],Don Toliver,19221097.0,390046.0,7678.0,True,True,
Don Toliver,Scrape It Off (feat. Lil Uzi Vert & Don Toliver),It's Almost Dry,album,0.594,0.679,7.0,-3.702,0.345,0.484,7.83e-06,0.114,0.66,106.726,152613.0,Pusha T - Scrape It Off The Top ft. Lil Uzi Vert & Don Toliver (Visualizer),PUSHA T,712131.0,13233.0,505.0,False,False,50148408.0
Don Toliver,Used (feat. Don Toliver),SOS,album,0.733,0.685,10.0,-6.228,0.0533,0.363,0.000238,0.333,0.837,150.073,146947.0,SZA - Used (Lyric Video) ft. Don Toliver,SZAVEVO,904204.0,11866.0,131.0,True,True,49105411.0
Don Toliver,Do It Right,Do It Right,single,0.662,0.515,5.0,-6.867,0.199,0.458,0.0,0.163,0.386,69.808,174474.0,Don Toliver - Do It Right (Music Video),Don Toliver,8818478.0,127447.0,24904.0,True,True,15859788.0
Disney,"All I Want - From ""High School Musical: The Musical: The Series""","All I Want (From ""High School Musical: The Musical: The Series"")",single,0.376,0.43,0.0,-6.585,0.0328,0.0902,0.0,0.0912,0.129,77.599,177323.0,Olivia Rodrigo - All I Want (From HSMTMTS | Alternate Video | Disney+),DisneyMusicVEVO,20369344.0,462099.0,6079.0,True,True,
Disney,I'll Make a Man Out of You,Mulan (Original Soundtrack),compilation,0.672,0.322,7.0,-17.669,0.0339,0.144,2.96e-05,0.074,0.496,113.852,201680.0,Mulan | I'll Make A Man Out Of You | Disney Sing-Along,Disney,154690126.0,807784.0,0.0,True,True,266083896.0
Disney,A Whole New World - Remastered 2022,Walt Disney Records The Legacy Collection: Aladdin,album,0.273,0.227,0.0,-15.742,0.0351,0.848,2.31e-06,0.102,0.142,129.272,160307.0,A Whole New World (Remastered 2022),Brad Kane - Topic,14170.0,141.0,0.0,True,True,244111564.0
Disney,Under the Sea,The Little Mermaid Special Edition,album,0.511,0.475,10.0,-14.667,0.161,0.708,0.0,0.105,0.819,98.957,195147.0,The Little Mermaid - Under the Sea (from The Little Mermaid) (Official Video),DisneyMusicVEVO,320120240.0,722050.0,0.0,True,True,
Disney,Part of Your World,The Little Mermaid Special Edition,album,0.274,0.144,5.0,-14.516,0.0482,0.92,0.000388,0.29,0.302,61.551,195493.0,"Jodi Benson - Part of Your World (Official Video From ""The Little Mermaid"")",DisneyMusicVEVO,239113558.0,801663.0,0.0,True,True,205824087.0
Disney,I Won't Say (I'm In Love),Hercules (Original Motion Picture Soundtrack),compilation,0.684,0.481,0.0,-10.305,0.0391,0.228,0.0,0.157,0.48,121.208,140227.0,Hercules - I wont say im in love (english) HD Quality,vmville,1548721.0,23313.0,0.0,False,False,193227242.0
Disney,Gotta Go My Own Way,High School Musical 2 (Original Soundtrack),compilation,0.555,0.692,9.0,-4.767,0.0277,0.0864,3.25e-05,0.232,0.313,88.995,222360.0,"Zac Efron, Vanessa Hudgens - Gotta Go My Own Way (From ""High School Musical 2"")",DisneyMusicVEVO,31222205.0,322458.0,11634.0,True,True,147021007.0
Disney,If Only,Descendants (Original TV Movie Soundtrack),compilation,0.477,0.6,7.0,-5.652,0.0324,0.271,0.0,0.112,0.29,152.062,229813.0,Dove Cameron - If Only (from Descendants) (Official Video),DisneyMusicVEVO,228093498.0,1681967.0,72180.0,True,True,121359658.0
Disney,Be Our Guest,Beauty And The Beast (Special Edition),compilation,0.435,0.391,2.0,-13.062,0.162,0.814,0.0,0.0885,0.583,73.531,224920.0,Beauty and the Beast - Be Our Guest [High Quality],disneysongsnet,47339991.0,105691.0,0.0,False,False,117809204.0
Disney,Zero To Hero,Hercules (Original Motion Picture Soundtrack),compilation,0.474,0.82,0.0,-7.699,0.243,0.493,0.0,0.0978,0.697,164.718,140573.0,Hercules | Zero to Hero | Lyric Video | Disney Sing Along,Disney,43190273.0,179776.0,0.0,True,True,101142300.0
Die drei ???,Teil 23 - Das Geheimnis der Geisterinsel,Das Geheimnis der Geisterinsel,album,0.518,0.93,1.0,-6.246,0.858,0.404,0.0,0.884,0.241,63.653,180008.0,Die drei Fragezeichen - Das Geheimnis der Geisterinsel,Serien Schätze de,21912.0,256.0,5.0,False,False,
Die drei ???,Teil 10 - Das Geheimnis der Geisterinsel,Das Geheimnis der Geisterinsel,album,0.415,0.743,1.0,-9.428,0.836,0.181,0.0,0.339,0.376,175.024,180008.0,Die drei Fragezeichen - Das Geheimnis der Geisterinsel,Serien Schätze de,21912.0,256.0,5.0,False,False,
Die drei ???,Teil 1 - Das Geheimnis der Geisterinsel,Das Geheimnis der Geisterinsel,album,0.509,0.744,7.0,-7.231,0.899,0.318,0.0,0.156,0.54,50.977,185263.0,Die drei Fragezeichen - Das Geheimnis der Geisterinsel,Serien Schätze de,21912.0,256.0,5.0,False,False,
Die drei ???,Teil 4 - Das Geheimnis der Geisterinsel,Das Geheimnis der Geisterinsel,album,0.572,0.769,1.0,-9.557,0.761,0.269,0.0,0.609,0.453,110.304,180006.0,Die drei Fragezeichen - Das Geheimnis der Geisterinsel,Serien Schätze de,21912.0,256.0,5.0,False,False,
Die drei ???,Teil 2 - Das Geheimnis der Geisterinsel,Das Geheimnis der Geisterinsel,album,0.54,0.62,4.0,-7.805,0.482,0.292,0.0,0.558,0.62,114.792,180010.0,Die drei Fragezeichen - Das Geheimnis der Geisterinsel,Serien Schätze de,21912.0,256.0,5.0,False,False,
Die drei ???,Teil 3 - Das Geheimnis der Geisterinsel,Das Geheimnis der Geisterinsel,album,0.584,0.482,1.0,-10.423,0.865,0.563,0.0,0.664,0.638,103.357,180006.0,Die drei Fragezeichen - Das Geheimnis der Geisterinsel,Serien Schätze de,21912.0,256.0,5.0,False,False,
Die drei ???,Teil 8 - Das Geheimnis der Geisterinsel,Das Geheimnis der Geisterinsel,album,0.58,0.481,1.0,-11.331,0.821,0.218,0.0,0.342,0.471,89.886,180006.0,Die drei Fragezeichen - Das Geheimnis der Geisterinsel,Serien Schätze de,21912.0,256.0,5.0,False,False,
Die drei ???,Teil 5 - Das Geheimnis der Geisterinsel,Das Geheimnis der Geisterinsel,album,0.574,0.55,1.0,-11.386,0.909,0.403,0.0,0.41,0.677,99.695,180010.0,Die drei Fragezeichen - Das Geheimnis der Geisterinsel,Serien Schätze de,21912.0,256.0,5.0,False,False,
Die drei ???,Teil 15 - Das Geheimnis der Geisterinsel,Das Geheimnis der Geisterinsel,album,0.464,0.564,7.0,-9.479,0.483,0.226,4.8e-06,0.668,0.307,100.66,180066.0,Die drei Fragezeichen - Das Geheimnis der Geisterinsel,Serien Schätze de,21912.0,256.0,5.0,False,False,
Die drei ???,Teil 7 - Das Geheimnis der Geisterinsel,Das Geheimnis der Geisterinsel,album,0.598,0.609,0.0,-10.712,0.706,0.181,0.0,0.477,0.433,120.177,180010.0,Die drei Fragezeichen - Das Geheimnis der Geisterinsel,Serien Schätze de,21912.0,256.0,5.0,False,False,
Deftones,Change (In the House of Flies),White Pony,album,0.269,0.853,7.0,-4.647,0.0854,0.000249,0.000246,0.118,0.179,141.581,299533.0,Deftones - Change (In The House Of Flies) [Official Music Video],Deftones,33943823.0,388244.0,12705.0,True,True,221006767.0
Deftones,My Own Summer (Shove It),Around the Fur,album,0.443,0.781,1.0,-4.277,0.0377,1.33e-05,0.205,0.166,0.372,71.841,214760.0,Deftones - My Own Summer (Official Music Video) [HD Remaster],Deftones,34336850.0,265625.0,9783.0,True,True,176388309.0
Deftones,Be Quiet and Drive (Far Away),Around the Fur,album,0.206,0.965,1.0,-5.116,0.079,9.91e-06,0.827,0.367,0.168,92.615,299867.0,Deftones - Be Quiet And Drive (Far Away) (Official Video) [HD Remaster],Deftones,36805017.0,318193.0,12114.0,True,True,
Deftones,Sextape,Diamond Eyes,album,0.367,0.634,5.0,-6.475,0.027,0.000824,0.0759,0.116,0.0964,89.981,241533.0,Deftones - Sextape [Official Music Video],Deftones,27042523.0,301823.0,11022.0,True,True,100152537.0
Deftones,Digital Bath,White Pony,album,0.338,0.859,4.0,-4.938,0.0824,0.00122,0.211,0.0936,0.504,92.966,255373.0,Deftones - Digital Bath [Official Music Video],Deftones,3807263.0,43899.0,1160.0,True,True,64987410.0
Deftones,Cherry Waves,Saturday Night Wrist,album,0.47,0.859,2.0,-3.663,0.0537,0.000362,0.00691,0.142,0.17,124.01,317707.0,Deftones - Cherry Waves (Unofficial Video),Deftribute,17205.0,497.0,40.0,False,False,60617517.0
Deftones,Rosemary,Koi No Yokan,album,0.285,0.613,5.0,-6.412,0.0421,0.0185,0.1,0.114,0.0772,126.628,413347.0,Rosemary live @ Rock Am Ring [5-10],Deftones.it,103341.0,3182.0,141.0,False,False,
Deftones,Mascara,Around the Fur,album,0.472,0.446,5.0,-7.416,0.0354,0.00273,0.0606,0.091,0.0456,77.562,225293.0,deftones - Mascara,SuperDeftoner,1317557.0,30269.0,498.0,False,False,42567093.0
Deftones,Around the Fur,Around the Fur,album,0.449,0.87,5.0,-4.241,0.112,1.94e-05,0.0411,0.0797,0.229,79.952,211733.0,Deftones - My Own Summer (Official Music Video) [HD Remaster],Deftones,34336850.0,265625.0,9783.0,True,True,36638392.0
Deftones,7 Words,Adrenaline,album,0.431,0.906,9.0,-6.13,0.0945,0.0001,0.0001,0.123,0.53,125.459,223893.0,Deftones - 7 Words [Official Music Video],Deftones,1233459.0,11311.0,527.0,True,True,31416260.0
David Bowie,Heroes - 2017 Remaster,"""Heroes"" (2017 Remaster)",album,0.489,0.758,7.0,-6.491,0.0297,0.000678,0.49,0.092,0.435,112.113,371413.0,David Bowie - Heroes (Official Video),David Bowie,29328667.0,356411.0,13610.0,True,True,398055023.0
David Bowie,Starman - 2012 Remaster,The Rise and Fall of Ziggy Stardust and the Spiders from Mars (2012 Remaster),album,0.486,0.449,5.0,-10.298,0.0267,0.166,2.23e-06,0.54,0.549,100.456,254293.0,Starman (2012 Remaster),David Bowie - Topic,36838035.0,438137.0,1885.0,True,True,344532624.0
David Bowie,Rebel Rebel - 2016 Remaster,Diamond Dogs (2016 Remaster),album,0.635,0.686,9.0,-15.648,0.053,0.209,0.0176,0.282,0.464,125.988,274747.0,David Bowie - Rebel Rebel • TopPop,TopPop,6078627.0,53197.0,1780.0,True,True,310269583.0
David Bowie,Space Oddity - 2015 Remaster,David Bowie (aka Space Oddity) [2015 Remaster],album,0.31,0.403,0.0,-13.664,0.0326,0.0726,9.27e-05,0.139,0.466,134.48,318027.0,David Bowie – Space Oddity (Official Video),David Bowie,109314906.0,954906.0,41700.0,True,True,309430985.0
David Bowie,Life on Mars? - 2015 Remaster,Hunky Dory (2015 Remaster),album,0.445,0.384,10.0,-14.642,0.0417,0.635,7.74e-05,0.0539,0.216,123.295,235987.0,David Bowie – Life On Mars? (Official Video),David Bowie,41462565.0,374784.0,19049.0,True,True,263426694.0
David Bowie,Let's Dance - 2018 Remaster,Let's Dance (2018 Remaster),album,0.654,0.743,10.0,-7.44,0.0605,0.0125,0.0272,0.153,0.632,114.846,457676.0,David Bowie - Let's Dance (Official Video),David Bowie,38558686.0,398788.0,10631.0,True,True,238006778.0
David Bowie,Moonage Daydream - 2012 Remaster,The Rise and Fall of Ziggy Stardust and the Spiders from Mars (2012 Remaster),album,0.56,0.605,11.0,-11.209,0.0348,0.0408,0.000162,0.0585,0.756,144.478,279693.0,Moonage Daydream (2012 Remaster),David Bowie - Topic,8640940.0,121706.0,934.0,True,True,176688422.0
David Bowie,Changes - 2015 Remaster,Hunky Dory (2015 Remaster),album,0.559,0.308,0.0,-11.75,0.0376,0.505,0.0,0.109,0.414,113.633,217747.0,David Bowie - Changes [Official Lyric Video],David Bowie,1755891.0,29636.0,914.0,True,True,155279152.0
David Bowie,Modern Love - 2018 Remaster,Let's Dance (2018 Remaster),album,0.358,0.938,0.0,-5.577,0.0483,0.00375,9.2e-06,0.117,0.944,182.836,288339.0,David Bowie - Modern Love (Official Video),David Bowie,24819682.0,204349.0,6477.0,True,True,142180837.0
David Bowie,Ziggy Stardust - 2012 Remaster,The Rise and Fall of Ziggy Stardust and the Spiders from Mars (2012 Remaster),album,0.515,0.554,7.0,-11.616,0.0784,0.0478,0.0,0.219,0.509,80.146,193880.0,Ziggy Stardust (2012 Remaster),David Bowie - Topic,5426092.0,87437.0,330.0,True,True,119712975.0
Daft Punk,Get Lucky (feat. Pharrell Williams & Nile Rodgers) - Radio Edit,Get Lucky (feat. Pharrell Williams & Nile Rodgers) [Radio Edit],single,0.794,0.811,6.0,-8.966,0.038,0.0426,1.07e-06,0.101,0.862,116.047,248413.0,Daft Punk - Get Lucky (Official Video) feat. Pharrell Williams and Nile Rodgers,convar HUN,32310867.0,956073.0,19646.0,False,False,844698895.0
Daft Punk,One More Time,Discovery,album,0.613,0.697,2.0,-8.618,0.133,0.0194,0.0,0.332,0.476,122.746,320357.0,Daft Punk - One More Time (Official Video),Daft Punk,432177586.0,2707992.0,110189.0,True,True,471747761.0
Daft Punk,Instant Crush (feat. Julian Casablancas),Random Access Memories,album,0.775,0.585,10.0,-9.516,0.0271,0.0422,0.619,0.077,0.518,109.942,337560.0,Daft Punk - Instant Crush (Video) ft. Julian Casablancas,DaftPunkVEVO,606828966.0,3111505.0,87115.0,True,True,460589724.0
Daft Punk,Get Lucky (feat. Pharrell Williams & Nile Rodgers),Random Access Memories,album,0.81,0.793,6.0,-9.404,0.0403,0.0378,1.77e-06,0.072,0.863,116.05,369627.0,Daft Punk - Get Lucky (Official Video) feat. Pharrell Williams and Nile Rodgers,convar HUN,32310867.0,956073.0,19646.0,False,False,400304719.0
Daft Punk,Around the World,Homework,album,0.956,0.795,7.0,-5.311,0.15,0.00356,0.889,0.0906,0.841,121.294,429533.0,Daft Punk - Around The World (Official Music Video Remastered),Daft Punk,38218353.0,466569.0,11904.0,True,True,293417547.0
Daft Punk,"Harder, Better, Faster, Stronger",Discovery,album,0.817,0.716,6.0,-8.898,0.144,0.0427,0.00263,0.358,0.692,123.474,224693.0,"Daft Punk - Harder, Better, Faster, Stronger (Official Video)",Daft Punk,121308880.0,1329678.0,70754.0,True,True,292668007.0
Daft Punk,Lose Yourself to Dance (feat. Pharrell Williams),Random Access Memories,album,0.832,0.659,10.0,-7.828,0.057,0.0839,0.00114,0.0753,0.674,100.163,353893.0,Daft Punk - Lose Yourself to Dance (Official Version),DaftPunkVEVO,195983803.0,1115598.0,37436.0,True,True,274711166.0
Daft Punk,Something About Us,Discovery,album,0.875,0.475,9.0,-12.673,0.0986,0.44,0.72,0.046,0.384,99.958,232667.0,Daft Punk - Something About Us (Official Video),Daft Punk,77464307.0,723914.0,23915.0,True,True,185381876.0
Daft Punk,Digital Love,Discovery,album,0.644,0.664,9.0,-8.398,0.0332,0.048,0.867,0.342,0.53,124.726,301373.0,Daft Punk - Digital Love (Official Video),Daft Punk,30079390.0,203063.0,8957.0,True,True,115484456.0
Daft Punk,Veridis Quo,Discovery,album,0.605,0.687,9.0,-13.928,0.045,0.479,0.949,0.104,0.12,106.896,345187.0,Daft Punk - Veridis Quo (Official Video),Daft Punk,23984070.0,216822.0,7260.0,True,True,90589464.0
Daddy Yankee,Despacito,VIDA,album,0.655,0.797,2.0,-4.787,0.153,0.198,0.0,0.067,0.839,177.928,229360.0,Luis Fonsi - Despacito ft. Daddy Yankee,LuisFonsiVEVO,8079646911.0,50788626.0,4252791.0,True,True,1506598267.0
Daddy Yankee,Con Calma,Con Calma,single,0.737,0.86,8.0,-2.652,0.0593,0.11,1.94e-06,0.0574,0.656,93.989,193227.0,Daddy Yankee & Snow - Con Calma (Video Oficial),Daddy Yankee,2626439287.0,13036596.0,384865.0,False,True,1170562263.0
Daddy Yankee,La Santa,YHLQMDLG,album,0.744,0.868,1.0,-4.524,0.047,0.0326,0.0,0.0822,0.586,93.037,206420.0,La Santa (official video) Daddy Yankee×Bad Bunny,Musica Official,10845.0,118.0,1.0,False,False,664205050.0
Daddy Yankee,Gasolina,Barrio Fino (Bonus Track Version),album,0.852,0.797,0.0,-6.543,0.0614,0.322,2.69e-06,0.0845,0.741,96.008,192600.0,Daddy Yankee | Gasolina (Video Oficial) [Full HD],Motonymous,23852149.0,380311.0,7976.0,False,False,536817412.0
Daddy Yankee,"Lo Que Pasó, Pasó",Barrio Fino (Bonus Track Version),album,0.819,0.741,8.0,-6.538,0.0412,0.104,0.0,0.283,0.84,97.014,210933.0,Daddy Yankee - Lo Que Paso Paso - Salud y Vida (Official Video HD),ElReyDeLosViewsDy,1559861.0,20775.0,238.0,False,False,315104207.0
Daddy Yankee,X ÚLTIMA VEZ,LEGENDADDY,album,0.812,0.855,7.0,-3.725,0.0554,0.0789,0.000167,0.108,0.573,90.04,192477.0,Daddy Yankee x Bad Bunny - X Última Vez (Official Video),Daddy Yankee,87084154.0,884924.0,16214.0,False,True,295869713.0
Daddy Yankee,Tu Príncipe,Barrio Fino (Bonus Track Version),album,0.77,0.804,4.0,-5.479,0.0623,0.16,1e-05,0.193,0.568,94.017,205520.0,Tu Principe - Daddy Yankee Ft  Zion & Lennox VIDEO 2011,Gianluca Vargas Gonzalez,39763039.0,135919.0,4338.0,False,False,
Daddy Yankee,Ella Me Levanto,El Cartel: The Big Boss,album,0.76,0.9,5.0,-4.782,0.0668,0.0715,0.0,0.221,0.761,100.046,209493.0,Ella Me Levanto  - Daddy Yankee (Official Video),DaddyYankee VEVO,864990.0,10360.0,193.0,False,False,201700378.0
Daddy Yankee,Llamado de Emergencia,Talento de Barrio,album,0.703,0.909,4.0,-4.456,0.0358,0.216,1.57e-06,0.162,0.777,97.982,239920.0,Daddy Yankee - Llamado De Emergencia,FranKoDs2010,3647171.0,32718.0,1675.0,False,False,197998077.0
Daddy Yankee,ULALA (OOH LA LA),ULALA (OOH LA LA),single,0.872,0.681,0.0,-4.348,0.11,0.0462,1.38e-05,0.129,0.481,96.986,188009.0,"Myke Towers , Daddy Yankee - ULALA (OOH LA-LA)",Myke Towers,9058435.0,227824.0,3837.0,False,True,42618413.0
Creedence Clearwater Revival,Have You Ever Seen The Rain,Pendulum (Expanded Edition),album,0.741,0.697,0.0,-7.028,0.0277,0.0664,2.28e-05,0.133,0.774,116.109,160133.0,Creedence Clearwater Revival - Have You Ever Seen The Rain (Official),CCRVEVO,299246333.0,2268246.0,33609.0,True,True,975300588.0
Creedence Clearwater Revival,Fortunate Son,Willy And The Poor Boys (Expanded Edition),album,0.64,0.663,0.0,-7.516,0.0374,0.201,0.00806,0.152,0.663,132.77,140773.0,Creedence Clearwater Revival - Fortunate Son (Official Music Video),CCRVEVO,93089677.0,746107.0,15702.0,True,True,904262158.0
Creedence Clearwater Revival,Bad Moon Rising,Green River (Expanded Edition),album,0.508,0.774,2.0,-5.973,0.0321,0.0586,4.87e-06,0.063,0.942,178.946,141600.0,Creedence Clearwater Revival - Bad Moon Rising (Official Lyric Video),CCRVEVO,51013150.0,280742.0,6094.0,True,True,568442546.0
Creedence Clearwater Revival,Down On The Corner,Willy And The Poor Boys (Expanded Edition),album,0.858,0.544,0.0,-9.289,0.0751,0.583,0.00109,0.0707,0.874,108.217,166280.0,Creedence Clearwater Revival - Down On The Corner (Official Lyric Video),CCRVEVO,29006667.0,139447.0,1647.0,True,True,303815108.0
Creedence Clearwater Revival,Proud Mary,Bayou Country (Expanded Edition),album,0.699,0.641,2.0,-7.564,0.0289,0.13,0.000218,0.0601,0.728,120.745,187213.0,Creedence Clearwater Revival - Proud Mary (CCR) (1969) HD 0815007,ForbiddenInGermany1,1700590.0,21228.0,503.0,False,False,
Creedence Clearwater Revival,Up Around The Bend,Cosmo's Factory,album,0.606,0.908,2.0,-5.736,0.037,0.00532,0.823,0.245,0.773,130.12,159173.0,Creedence Clearwater Revival - Up Around The Bend,Creedence Clearwater Revival,5546781.0,43760.0,725.0,False,True,211189899.0
Creedence Clearwater Revival,Lookin' Out My Back Door,Cosmo's Factory,album,0.773,0.756,10.0,-5.149,0.0388,0.159,0.00236,0.0805,0.912,105.322,152466.0,Creedence Clearwater Revival - Lookin' Out My Back Door,CCRVEVO,111018934.0,562192.0,14105.0,True,True,178387111.0
Creedence Clearwater Revival,Who'll Stop The Rain,Cosmo's Factory,album,0.627,0.873,7.0,-5.415,0.0311,0.00804,0.000583,0.0555,0.628,123.113,147279.0,Creedence Clearwater Revival -  Who'll Stop The Rain [Clip Archives] 1969,DiscoBar80,7921737.0,42678.0,1016.0,False,False,151656881.0
Creedence Clearwater Revival,Green River,Green River (Expanded Edition),album,0.702,0.772,9.0,-9.677,0.0277,0.0312,0.00837,0.0809,0.973,141.694,154120.0,Creedence Clearwater Revival - Green River (Official Lyric Video),CCRVEVO,66052065.0,331763.0,6044.0,True,True,128916089.0
Creedence Clearwater Revival,Born On The Bayou,Bayou Country (Expanded Edition),album,0.656,0.601,9.0,-7.734,0.0389,0.0553,0.0667,0.0974,0.576,117.296,315200.0,Creedence Clearwater Revival - Born On The Bayou (Official Lyric Video),CCRVEVO,21775206.0,100897.0,1792.0,True,True,
Coldplay,Something Just Like This,Memories...Do Not Open,album,0.617,0.635,11.0,-6.769,0.0317,0.0498,1.44e-05,0.164,0.446,103.019,247160.0,The Chainsmokers & Coldplay - Something Just Like This (Lyric),ChainsmokersVEVO,2118018686.0,10282499.0,270444.0,True,True,2030825694.0
Coldplay,Yellow,Parachutes,album,0.429,0.661,11.0,-7.227,0.0281,0.00239,0.000121,0.234,0.285,173.372,266773.0,Coldplay - Yellow (Official Video),Coldplay,832532409.0,4600933.0,118296.0,True,True,1483622308.0
Coldplay,The Scientist,A Rush of Blood to the Head,album,0.557,0.442,5.0,-7.224,0.0243,0.731,1.46e-05,0.11,0.213,146.277,309600.0,Coldplay - The Scientist (Official 4K Video),Coldplay,1082588109.0,5532787.0,124357.0,True,True,1465980600.0
Coldplay,Viva La Vida,Viva La Vida or Death and All His Friends,album,0.486,0.617,5.0,-7.115,0.0287,0.0954,3.23e-06,0.109,0.417,138.015,242373.0,Coldplay - Viva La Vida (Official Video),Coldplay,789581468.0,4370461.0,261790.0,True,True,1325575712.0
Coldplay,Fix You,X&Y,album,0.209,0.417,3.0,-8.74,0.0338,0.164,0.00196,0.113,0.124,138.178,295533.0,Coldplay - Fix You (Official Video),Coldplay,566239229.0,2962029.0,114460.0,True,True,1115171056.0
Coldplay,Hymn for the Weekend,A Head Full of Dreams,album,0.491,0.693,0.0,-6.487,0.0377,0.211,6.92e-06,0.325,0.412,90.027,258267.0,Coldplay - Hymn For The Weekend (Official Video),Coldplay,1828242112.0,13515772.0,377666.0,True,True,1049654852.0
Coldplay,A Sky Full of Stars,Ghost Stories,album,0.545,0.675,6.0,-6.474,0.0279,0.00617,0.00197,0.209,0.162,124.97,267867.0,Coldplay - A Sky Full Of Stars (Official Video),Coldplay,786404613.0,3741300.0,79974.0,True,True,1021782403.0
Coldplay,Paradise,Mylo Xyloto,album,0.449,0.585,5.0,-6.761,0.0268,0.0509,8.75e-05,0.0833,0.212,139.631,278719.0,Coldplay - Paradise (Official Video),Coldplay,1665814269.0,8497224.0,343020.0,True,True,927288329.0
Coldplay,My Universe,Music Of The Spheres,album,0.573,0.711,1.0,-6.268,0.0406,0.0114,0.0,0.328,0.47,105.006,226198.0,Coldplay X BTS - My Universe (Official Video),Coldplay,254655970.0,8867547.0,432726.0,True,True,883224238.0
Coldplay,Sparks,Parachutes,album,0.371,0.268,1.0,-10.506,0.0281,0.748,0.0517,0.104,0.165,102.617,227093.0,Sparks,Coldplay - Topic,73201019.0,787343.0,1637.0,True,True,475353044.0
Chris Brown,No Guidance (feat. Drake),Indigo,album,0.696,0.454,1.0,-6.756,0.153,0.123,0.0,0.155,0.136,92.928,260640.0,Chris Brown - No Guidance (Official Video) ft. Drake,ChrisBrownVEVO,445294846.0,3501617.0,121415.0,True,True,
Chris Brown,Under The Influence,Indigo (Extended),album,0.733,0.69,9.0,-5.529,0.0427,0.0635,1.18e-06,0.105,0.31,116.992,184613.0,Chris Brown - Under The Influence (Official Video),ChrisBrownVEVO,83793080.0,1357047.0,42849.0,True,True,646937556.0
Chris Brown,Go Crazy,Slime & B,album,0.755,0.578,0.0,-8.932,0.145,0.316,0.0,0.25,0.581,94.148,176960.0,"Chris Brown, Young Thug - Go Crazy (Official Video)",ChrisBrownVEVO,161055631.0,1813108.0,56309.0,True,True,581510489.0
Chris Brown,Nostálgico,Nostálgico,single,0.734,0.846,9.0,-3.425,0.0489,0.166,1.74e-06,0.235,0.604,98.026,209884.0,"Rvssian, Rauw Alejandro & Chris Brown — Nostálgico (Official Video)",Rvssian,89848525.0,873194.0,15899.0,False,True,381634599.0
Chris Brown,Forever,Forever,single,0.672,0.82,11.0,-4.456,0.0459,0.0368,0.000188,0.184,0.438,120.005,278573.0,Chris Brown - Forever (Official HD Video),ChrisBrownVEVO,310110524.0,1069833.0,54530.0,True,True,
Chris Brown,With You,Exclusive (Expanded Edition),album,0.662,0.693,3.0,-4.298,0.0698,0.134,0.0,0.145,0.655,86.009,252120.0,Chris Brown - With You (Official Video),ChrisBrownVEVO,595358298.0,2639677.0,96771.0,True,True,327435679.0
Chris Brown,Superhero (Heroes & Villains) [with Future & Chris Brown],HEROES & VILLAINS,album,0.526,0.606,5.0,-5.3,0.259,0.152,2.36e-06,0.194,0.492,116.622,182667.0,"Metro Boomin, Future, Chris Brown - Superhero (Heroes & Villains) (Visualizer)",MetroBoominVEVO,2242438.0,55241.0,1505.0,True,True,139674263.0
Chris Brown,Wet The Bed (feat. Ludacris),F.A.M.E. (Expanded Edition),album,0.58,0.66,6.0,-7.405,0.0429,0.0166,0.0,0.174,0.411,123.801,266307.0,Chris Brown - Wet the Bed (Official Audio) ft. Ludacris,ChrisBrownVEVO,62379960.0,432601.0,10064.0,True,True,92083585.0
Chris Brown,Monalisa,Monalisa,single,0.828,0.726,10.0,-6.389,0.0419,0.106,0.00101,0.103,0.67,113.017,212976.0,Monalisa (Remix)- Lojay ft Sarz & Chris Brown,O'niel Visuals,7338751.0,63534.0,1202.0,False,False,44683570.0
Chris Brown,Under The Influence (Body Language),Under The Influence,single,0.62,0.62,1.0,-6.322,0.0375,0.0388,0.000213,0.129,0.459,144.835,148751.0,Chris Brown - Under The Influence (Official Video),ChrisBrownVEVO,83793080.0,1357047.0,42849.0,True,True,36852704.0
Camilo,Desconocidos,Para Aventuras y Curiosidades,album,0.719,0.753,7.0,-4.891,0.179,0.118,4.21e-06,0.212,0.675,174.107,204564.0,"Mau y Ricky, Manuel Turizo, Camilo - Desconocidos (Official Video)",MauyRickyVEVO,902197206.0,3044369.0,62305.0,True,True,
Camilo,Tattoo - Remix with Camilo,Afrodisíaco,album,0.721,0.637,9.0,-5.134,0.286,0.0406,0.0,0.0525,0.691,193.922,222680.0,Rauw Alejandro & Camilo - Tattoo Remix (Video Oficial),Rauw Alejandro,794818462.0,4767981.0,102284.0,True,True,530878132.0
Camilo,Si Me Dices Que Sí,Si Me Dices Que Sí,single,0.578,0.634,8.0,-5.979,0.333,0.00473,0.0,0.132,0.216,183.89,211652.0,"Reik, Farruko, Camilo - Si Me Dices Que Sí",reikVEVO,129179970.0,897239.0,13226.0,True,True,290126900.0
Camilo,El Mismo Aire - con Pablo Alborán,El Mismo Aire (con Pablo Alborán),single,0.483,0.492,0.0,-6.591,0.295,0.603,0.0,0.323,0.66,144.511,188213.0,"Camilo, Pablo Alborán - El Mismo Aire (Official Video)",CamiloVEVO,174663952.0,1630182.0,32142.0,True,True,268237254.0
Camilo,La Mitad,Por Primera Vez,album,0.724,0.443,7.0,-3.743,0.0329,0.73,0.0,0.101,0.763,97.194,177791.0,"Camilo, Christian Nodal - La Mitad",CamiloVEVO,166098054.0,1014895.0,14047.0,True,True,266678074.0
Camilo,Índigo,De Adentro Pa Afuera,album,0.754,0.778,0.0,-6.663,0.0335,0.00948,1.61e-05,0.131,0.916,128.925,214507.0,"Camilo, Evaluna Montaner - Índigo (Official Video)",CamiloVEVO,171403894.0,3018400.0,80704.0,True,True,205577936.0
Camilo,KESI - Remix,KESI (Remix),single,0.871,0.815,4.0,-4.439,0.0477,0.127,6.18e-06,0.094,0.823,122.959,176575.0,"Camilo, Shawn Mendes - KESI Remix (Video Oficial)",Laxy,20886.0,365.0,9.0,False,False,192312139.0
Camilo,Color Esperanza 2020,Color Esperanza 2020,single,0.591,0.785,9.0,-7.768,0.161,0.161,0.0,0.126,0.785,106.002,217547.0,Color Esperanza 2020 - Various Artists (Official Video),Latin Waves,24706293.0,557112.0,17598.0,False,False,89466323.0
Camilo,Aeropuerto,De Adentro Pa Afuera,album,0.69,0.58,0.0,-4.395,0.199,0.0328,0.0,0.328,0.708,197.635,177627.0,Camilo - Aeropuerto (Official Video),CamiloVEVO,15736532.0,152209.0,3756.0,True,True,31400753.0
Camilo,Bebiendo Sola,De Adentro Pa Afuera,album,0.589,0.642,9.0,-5.706,0.279,0.176,0.0,0.119,0.691,78.791,179067.0,"Camilo, Myke Towers - Bebiendo Sola (Official Video)",CamiloVEVO,6825015.0,112136.0,1984.0,True,True,13702635.0
Britney Spears,Toxic,In The Zone,album,0.774,0.838,5.0,-3.914,0.114,0.0249,0.025,0.242,0.924,143.04,198800.0,Britney Spears - Toxic (Official HD Video),BritneySpearsVEVO,593978662.0,3931975.0,155815.0,True,True,
Britney Spears,...Baby One More Time,...Baby One More Time (Digital Deluxe Version),album,0.759,0.699,0.0,-5.745,0.0307,0.202,0.000131,0.443,0.907,92.96,211067.0,Britney Spears - ...Baby One More Time (Official Video),BritneySpearsVEVO,790774922.0,4595411.0,175028.0,True,True,
Britney Spears,Oops!...I Did It Again,Oops!... I Did It Again,album,0.751,0.834,1.0,-5.444,0.0437,0.3,1.77e-05,0.355,0.894,95.053,211160.0,Britney Spears - Oops!...I Did It Again (Official HD Video),BritneySpearsVEVO,398575571.0,2519778.0,100903.0,True,True,581869840.0
Britney Spears,Gimme More,Blackout,album,0.788,0.844,2.0,-3.131,0.0334,0.25,0.000678,0.0723,0.382,113.324,251240.0,Britney Spears - Gimme More (Official HD Video),BritneySpearsVEVO,294678986.0,1776186.0,72030.0,True,True,424168867.0
Britney Spears,Womanizer,Circus (Deluxe Version),album,0.724,0.695,11.0,-5.226,0.0622,0.073,0.0,0.0889,0.235,139.0,224400.0,Britney Spears - Womanizer (Director's Cut) (Official HD Video),BritneySpearsVEVO,355445991.0,1489871.0,69084.0,True,True,423188557.0
Britney Spears,Circus,Circus (Deluxe Version),album,0.791,0.733,6.0,-5.215,0.052,0.147,0.000381,0.0713,0.761,114.98,192360.0,Britney Spears - Circus (Official HD Video),BritneySpearsVEVO,215417979.0,1012974.0,46266.0,True,True,262573012.0
Britney Spears,My Only Wish (This Year),My Only Wish (This Year),single,0.669,0.843,0.0,-3.766,0.0268,0.169,0.0,0.195,0.702,147.08,255400.0,Britney Spears - My Only Wish (This Year) (Music Video),scamparoo,1189091.0,7582.0,295.0,False,False,260444233.0
Britney Spears,Hold Me Closer,The Lockdown Sessions,album,0.658,0.783,0.0,-4.615,0.113,0.0798,0.00018,0.187,0.491,126.027,202246.0,"Elton John, Britney Spears - Hold Me Closer (Official Video)",EltonJohnVEVO,15181510.0,165238.0,6585.0,True,True,190102352.0
Britney Spears,Criminal,Femme Fatale (Deluxe Version),album,0.696,0.734,7.0,-5.294,0.0298,0.0485,0.0,0.183,0.711,107.987,225080.0,Britney Spears - Criminal (Official Video),BritneySpearsVEVO,200917975.0,2725163.0,122790.0,True,True,187278764.0
Britney Spears,If U Seek Amy,Circus (Deluxe Version),album,0.717,0.587,4.0,-7.296,0.0339,0.0192,0.0,0.0523,0.544,129.954,216520.0,Britney Spears - If U Seek Amy (Official HD Video),BritneySpearsVEVO,127036180.0,802449.0,42897.0,True,True,145511234.0
Bon Jovi,Livin' On A Prayer,Slippery When Wet,album,0.532,0.887,0.0,-3.757,0.0335,0.0778,0.000214,0.294,0.795,122.511,249293.0,Bon Jovi - Livin' On A Prayer,BonJoviVEVO,1001651093.0,4560379.0,140853.0,True,True,1136987099.0
Bon Jovi,You Give Love A Bad Name,Slippery When Wet,album,0.541,0.96,0.0,-2.947,0.0505,0.0663,2.25e-06,0.344,0.812,122.803,222707.0,Bon Jovi - You Give Love A Bad Name (Official Music Video),BonJoviVEVO,344914092.0,1568340.0,45403.0,True,True,803312398.0
Bon Jovi,It's My Life,Crush,album,0.551,0.913,0.0,-4.063,0.0466,0.0263,1.35e-05,0.347,0.544,119.992,224493.0,Bon Jovi - It's My Life (Official Music Video),BonJoviVEVO,1215486930.0,6590921.0,184288.0,True,True,633798307.0
Bon Jovi,Always,Cross Road,compilation,0.383,0.659,4.0,-5.558,0.0312,0.117,0.0,0.0778,0.327,140.795,353027.0,Bon Jovi - Always (Official Music Video),BonJoviVEVO,906667845.0,3364863.0,84798.0,True,True,399920066.0
Bon Jovi,Wanted Dead Or Alive,Slippery When Wet,album,0.252,0.802,7.0,-3.976,0.0391,0.13,0.0146,0.309,0.253,150.056,308667.0,Bon Jovi - Wanted Dead Or Alive (Official Music Video),BonJoviVEVO,177513233.0,872881.0,31405.0,True,True,335808355.0
Bon Jovi,Bed Of Roses,Keep The Faith,album,0.309,0.596,5.0,-5.599,0.0293,0.101,0.0,0.21,0.161,164.587,394400.0,Bon Jovi - Bed Of Roses (Official Music Video),BonJoviVEVO,320174390.0,1144189.0,39728.0,True,True,277814070.0
Bon Jovi,Runaway,Bon Jovi,album,0.475,0.899,9.0,-4.321,0.0637,0.00375,1.91e-05,0.14,0.603,152.445,230667.0,Bon Jovi - Runaway,BonJoviVEVO,137551093.0,566860.0,17345.0,True,True,197345911.0
Bon Jovi,I'll Be There For You,New Jersey (Deluxe Edition),album,0.437,0.727,2.0,-5.432,0.0293,0.0532,0.0,0.103,0.233,73.029,346587.0,Bon Jovi - I'll Be There For You,BonJoviVEVO,268058381.0,958921.0,29912.0,True,True,163694429.0
Bon Jovi,Bad Medicine,New Jersey (Deluxe Edition),album,0.555,0.973,9.0,-3.804,0.035,0.048,0.0,0.0853,0.805,118.642,316707.0,Bon Jovi - Bad Medicine,BonJoviVEVO,48224548.0,207031.0,8051.0,True,True,144299907.0
Bon Jovi,Thank You For Loving Me,Crush,album,0.385,0.342,2.0,-7.749,0.0285,0.416,0.0,0.119,0.131,132.864,308933.0,Bon Jovi - Thank You For Loving Me (Official Music Video),BonJoviVEVO,2863878.0,35911.0,2422.0,True,True,78748335.0
Bob Marley & The Wailers,Three Little Birds,Exodus,album,0.826,0.49,9.0,-10.477,0.0676,0.00916,4.41e-06,0.0415,0.627,74.126,180267.0,,,,,,,,726093012.0
Bob Marley & The Wailers,Could You Be Loved,Uprising,album,0.916,0.72,0.0,-8.548,0.1,0.36,0.00016,0.0958,0.76,103.312,237000.0,Bob Marley - Is This Love,Reggae Life,325433542.0,2096610.0,53613.0,False,False,617214277.0
Bob Marley & The Wailers,Is This Love,Kaya,album,0.776,0.559,6.0,-8.375,0.103,0.11,0.0,0.0671,0.758,122.242,232200.0,Bob Marley - Is This Love,Reggae Life,325433542.0,2096610.0,53613.0,False,False,562706540.0
Bob Marley & The Wailers,Jamming,Exodus,album,0.935,0.479,11.0,-10.981,0.306,0.107,5.25e-05,0.118,0.773,123.644,211000.0,,,,,,,,390752145.0
Bob Marley & The Wailers,Buffalo Soldier,Confrontation,album,0.929,0.463,9.0,-8.651,0.308,0.142,5.26e-06,0.0634,0.757,124.084,255840.0,,,,,,,,379999345.0
Bob Marley & The Wailers,One Love / People Get Ready - Medley,Exodus,album,0.67,0.516,10.0,-9.598,0.366,0.0673,0.0,0.0674,0.939,154.186,172933.0,,,,,,,,371295077.0
Bob Marley & The Wailers,Redemption Song,Uprising,album,0.671,0.256,7.0,-10.743,0.0387,0.608,0.0,0.0737,0.694,115.871,233560.0,,,,,,,,279373631.0
Bob Marley & The Wailers,"No Woman, No Cry - Live At The Lyceum, London/1975",Live!,album,0.655,0.675,1.0,-9.352,0.0599,0.272,0.0236,0.727,0.587,77.589,427800.0,Bob Marley - Is This Love,Reggae Life,325433542.0,2096610.0,53613.0,False,False,
Bob Marley & The Wailers,Waiting In Vain,Exodus,album,0.772,0.46,8.0,-11.489,0.327,0.0279,2.21e-05,0.0633,0.8,78.786,256240.0,,,,,,,,219794068.0
Bob Marley & The Wailers,Natural Mystic,Exodus,album,0.876,0.282,7.0,-12.618,0.319,0.0503,4.76e-05,0.0741,0.801,130.958,207733.0,,,,,,,,78846083.0
Black Eyed Peas,I Gotta Feeling,THE E.N.D. (THE ENERGY NEVER DIES),album,0.744,0.766,0.0,-6.375,0.0265,0.0873,0.0,0.509,0.61,127.966,289133.0,The Black Eyed Peas - I Gotta Feeling (Official Music Video),BlackEyedPeasVEVO,638267058.0,3670416.0,131565.0,True,True,1001227038.0
Black Eyed Peas,RITMO (Bad Boys For Life),TRANSLATION,album,0.732,0.716,10.0,-6.968,0.0561,0.0295,0.000758,0.73,0.666,105.093,214855.0,"Black Eyed Peas, J Balvin - RITMO (Bad Boys For Life) (Official Music Video)",BlackEyedPeasVEVO,1021503328.0,6398855.0,130819.0,True,True,869795408.0
Black Eyed Peas,Where Is The Love?,Elephunk,album,0.834,0.699,5.0,-3.222,0.178,0.111,0.0,0.131,0.809,94.086,272533.0,The Black Eyed Peas - Where Is The Love? (Official Music Video),BlackEyedPeasVEVO,888076529.0,4899065.0,180386.0,True,True,752091441.0
Black Eyed Peas,Pump It,Monkey Business,album,0.649,0.931,1.0,-3.15,0.181,0.0093,0.0,0.751,0.744,153.645,213067.0,The Black Eyed Peas - Pump It (Official Music Video),BlackEyedPeasVEVO,755836314.0,4746197.0,133551.0,True,True,492130246.0
Black Eyed Peas,GIRL LIKE ME,TRANSLATION,album,0.965,0.485,2.0,-8.784,0.191,0.0206,0.0237,0.0655,0.312,124.025,222523.0,"Black Eyed Peas, Shakira - GIRL LIKE ME (Official Music Video)",BlackEyedPeasVEVO,662529115.0,5488829.0,222922.0,True,True,453923193.0
Black Eyed Peas,Meet Me Halfway,THE E.N.D. (THE ENERGY NEVER DIES),album,0.798,0.629,11.0,-6.857,0.0735,0.00474,2.29e-05,0.324,0.4,130.002,284373.0,The Black Eyed Peas - Meet Me Halfway (Official Music Video),BlackEyedPeasVEVO,458724349.0,2094991.0,73011.0,True,True,363930118.0
Black Eyed Peas,Just Can’t Get Enough,The Beginning,album,0.659,0.628,0.0,-8.685,0.179,0.186,0.0,0.105,0.262,94.05,219427.0,The Black Eyed Peas - Just Can't Get Enough (Official Music Video),BlackEyedPeasVEVO,292211575.0,1594576.0,70720.0,True,True,331578264.0
Black Eyed Peas,DON'T YOU WORRY,ELEVATION,album,0.831,0.868,11.0,-5.282,0.0325,0.176,0.0,0.184,0.483,131.971,194438.0,"Black Eyed Peas, Shakira, David Guetta - DON'T YOU WORRY (Official Music Video)",BlackEyedPeasVEVO,144690551.0,1327396.0,57072.0,True,True,162685755.0
Black Eyed Peas,Pump It Louder,Pump It Louder,single,0.66,0.942,4.0,-2.273,0.185,0.00789,1.76e-05,0.834,0.543,126.017,158571.0,Tiësto & Black Eyed Peas - Pump It Louder (Official Video),Tiësto,2099141.0,61252.0,1238.0,True,True,27908495.0
Black Eyed Peas,SIMPLY THE BEST,ELEVATION,album,0.872,0.789,1.0,-6.047,0.132,0.203,2.39e-05,0.125,0.646,126.042,236190.0,"Black Eyed Peas, Anitta, El Alfa - SIMPLY THE BEST (Official Music Video)",BlackEyedPeasVEVO,43226385.0,242932.0,38381.0,True,True,18501860.0
Beyoncé,Halo,I AM...SASHA FIERCE,album,0.508,0.72,11.0,-5.908,0.0628,0.272,0.0,0.0563,0.472,79.983,261640.0,Beyoncé - Halo,BeyoncéVEVO,1357273902.0,6931695.0,203892.0,True,True,1257746758.0
Beyoncé,Crazy In Love (feat. Jay-Z),Dangerously In Love,album,0.646,0.77,2.0,-6.596,0.226,0.00249,0.0,0.0715,0.681,99.165,236133.0,Beyoncé - Crazy In Love ft. JAY Z,BeyoncéVEVO,669084413.0,3218858.0,66334.0,True,True,836260550.0
Beyoncé,Perfect Duet (Ed Sheeran & Beyoncé),Perfect Duet (Ed Sheeran & Beyoncé),single,0.587,0.299,8.0,-7.365,0.0263,0.779,0.0,0.123,0.356,94.992,259550.0,Ed Sheeran - Perfect Duet (with Beyoncé) [Official Audio],Ed Sheeran,231580933.0,1998224.0,70570.0,True,True,739180747.0
Beyoncé,Love On Top,4,album,0.652,0.749,0.0,-5.248,0.0886,0.0848,0.0,0.604,0.651,94.103,267413.0,Beyoncé - Love On Top (Official Video),BeyoncéVEVO,514532529.0,2260106.0,93092.0,True,True,524847088.0
Beyoncé,Drunk in Love (feat. Jay-Z),BEYONCÉ [Platinum Edition],album,0.583,0.621,5.0,-6.902,0.0479,0.00972,0.00106,0.181,0.399,140.036,323480.0,Beyoncé - Drunk in Love (Explicit) ft. JAY Z,BeyoncéVEVO,687031207.0,2906283.0,129479.0,True,True,520085958.0
Beyoncé,Run the World (Girls),4,album,0.732,0.899,0.0,-4.237,0.143,0.00496,4.64e-05,0.372,0.759,127.091,236093.0,Beyoncé - Run the World (Girls) (Official Video),BeyoncéVEVO,554929045.0,2987341.0,238912.0,True,True,480726300.0
Beyoncé,CUFF IT,RENAISSANCE,album,0.78,0.689,7.0,-5.668,0.141,0.0368,9.69e-06,0.0698,0.642,115.042,225389.0,Beyoncé - CUFF IT (Music Video),RENAISSANCE CLUB,8893257.0,135456.0,2986.0,False,False,354986175.0
Beyoncé,BREAK MY SOUL,RENAISSANCE,album,0.693,0.887,1.0,-5.039,0.0795,0.0581,2.71e-06,0.27,0.864,114.942,278282.0,Beyoncé - BREAK MY SOUL (Music Video),Pop Maker,1230431.0,15962.0,860.0,False,False,276384322.0
Beyoncé,ALIEN SUPERSTAR,RENAISSANCE,album,0.545,0.641,10.0,-6.398,0.0998,0.00453,6.59e-05,0.171,0.464,121.892,215460.0,Beyoncé - ALIEN SUPERSTAR (Official Lyric Video),BeyoncéVEVO,15896207.0,226588.0,7996.0,True,True,116409094.0
Beyoncé,ENERGY (feat. Beam),RENAISSANCE,album,0.903,0.519,1.0,-9.151,0.26,0.281,0.000106,0.155,0.587,114.991,116727.0,Beyoncé - ENERGY (Official Lyric Video),BeyoncéVEVO,5840552.0,72908.0,3391.0,True,True,
Aerosmith,"I Don't Want To Miss A Thing - From ""Armageddon"" Soundtrack",I Don't Want To Miss A Thing EP,single,0.39,0.649,2.0,-5.163,0.0345,0.172,0.0,0.216,0.144,121.161,299723.0,Aerosmith - I Don't Want to Miss a Thing (Official HD Video),AerosmithVEVO,541140942.0,3105744.0,73217.0,True,True,806239803.0
Aerosmith,Dream On,Aerosmith,album,0.392,0.476,1.0,-7.583,0.0249,0.397,0.000163,0.309,0.234,78.031,267597.0,Dream On Aerosmith Official Music Video,METALinYOURface1,3584082.0,26655.0,1046.0,False,False,771341288.0
Aerosmith,Walk This Way,Toys In The Attic,album,0.653,0.73,5.0,-10.613,0.0429,0.0115,1.02e-05,0.0776,0.894,108.709,220311.0,RUN DMC - Walk This Way (Official HD Video) ft. Aerosmith,RUNDMCVEVO,112158305.0,787792.0,21937.0,True,True,392902327.0
Aerosmith,Sweet Emotion,Toys In The Attic,album,0.379,0.76,9.0,-10.961,0.0378,0.00298,0.0296,0.104,0.491,99.436,274088.0,Aerosmith - Sweet Emotion,AerosmithVEVO,33597662.0,212652.0,6763.0,True,True,329839315.0
Aerosmith,Crazy,Get A Grip,album,0.37,0.866,6.0,-3.879,0.0384,0.0868,0.0,0.137,0.427,162.086,316693.0,Aerosmith - Crazy (Official Music Video),AerosmithVEVO,634261334.0,1992939.0,40482.0,True,True,315532319.0
Aerosmith,Cryin',Get A Grip,album,0.445,0.856,9.0,-3.674,0.0327,0.000202,0.0101,0.367,0.486,105.872,308333.0,Aerosmith - Cryin' (Official Music Video),AerosmithVEVO,307486563.0,1024854.0,23741.0,True,True,233440383.0
Aerosmith,Dude (Looks Like A Lady),Permanent Vacation,album,0.54,0.982,4.0,-2.962,0.0458,0.435,3.37e-05,0.0457,0.91,126.294,265773.0,Aerosmith - Dude (Looks Like A Lady) (Official Music Video),AerosmithVEVO,56228815.0,219918.0,15169.0,True,True,191871078.0
Aerosmith,Amazing,Get A Grip,album,0.308,0.747,0.0,-5.434,0.037,0.0645,8.27e-05,0.431,0.278,139.454,356160.0,Aerosmith - Amazing (Official Music Video),AerosmithVEVO,253391021.0,651715.0,17039.0,True,True,
Aerosmith,Janie's Got A Gun,Big Ones,compilation,0.633,0.823,5.0,-5.792,0.0287,0.0516,0.000496,0.188,0.444,115.107,330533.0,Aerosmith - Janie's Got A Gun,AerosmithVEVO,66608918.0,246673.0,9882.0,True,True,75160311.0
Aerosmith,Rag Doll,Permanent Vacation,album,0.579,0.954,4.0,-3.947,0.0558,0.583,0.0,0.139,0.583,93.448,265693.0,Aerosmith - Rag Doll (Official Music Video),AerosmithVEVO,5748095.0,49199.0,1401.0,True,True,61272691.0
AC/DC,Back In Black,Back In Black,album,0.31,0.7,9.0,-5.678,0.047,0.011,0.00965,0.0828,0.763,188.386,255493.0,AC/DC - Back In Black (Official Video),acdcVEVO,915158054.0,5643694.0,134549.0,True,True,1182379398.0
AC/DC,Highway to Hell,Highway to Hell,album,0.574,0.913,6.0,-4.793,0.133,0.061,0.00158,0.156,0.423,115.728,208400.0,AC/DC - Highway to Hell (Official Video),acdcVEVO,274830901.0,2039258.0,44487.0,True,True,1143164505.0
AC/DC,Thunderstruck,The Razors Edge,album,0.502,0.89,4.0,-5.175,0.0364,0.000147,0.0117,0.217,0.259,133.52,292880.0,AC/DC - Thunderstruck (Official Video),acdcVEVO,1224226060.0,5989128.0,153047.0,True,True,1088388556.0
AC/DC,You Shook Me All Night Long,Back In Black,album,0.532,0.767,7.0,-5.509,0.0574,0.00287,0.000513,0.39,0.755,127.361,210173.0,AC/DC - You Shook Me All Night Long (Official Video),acdcVEVO,279117834.0,1348845.0,26645.0,True,True,802076123.0
AC/DC,T.N.T.,High Voltage,album,0.754,0.759,9.0,-5.218,0.302,0.153,0.000108,0.101,0.435,126.366,214667.0,"AC/DC - T.N.T. (Live At River Plate, December 2009)",acdcVEVO,240908491.0,934797.0,19584.0,True,True,526521070.0
AC/DC,Hells Bells,Back In Black,album,0.389,0.873,4.0,-4.768,0.0475,0.00532,0.0055,0.273,0.303,106.767,312293.0,AC/DC - Hells Bells (Official Video),acdcVEVO,252038354.0,1067479.0,29353.0,True,True,296521772.0
AC/DC,Shoot to Thrill,Back In Black,album,0.457,0.904,2.0,-5.303,0.0747,0.000239,0.0879,0.396,0.48,141.038,317427.0,AC/DC - Shoot To Thrill (Iron Man 2 Version),acdcVEVO,172293392.0,642344.0,17673.0,True,True,292026041.0
AC/DC,Dirty Deeds Done Dirt Cheap,Dirty Deeds Done Dirt Cheap,album,0.668,0.906,11.0,-4.881,0.17,0.214,0.00245,0.135,0.507,135.653,231933.0,AC/DC - Dirty Deeds Done Dirt Cheap (Official Audio),acdcVEVO,852728.0,14044.0,1029.0,True,True,269837425.0
AC/DC,It's a Long Way to the Top (If You Wanna Rock 'N' Roll),High Voltage,album,0.456,0.863,3.0,-3.551,0.0894,0.133,0.0538,0.0553,0.532,135.962,301227.0,AC/DC - It's a Long Way to the Top (If You Wanna Rock 'n' Roll) (Official Video),Official Lives & Music Videos - Official Channel,102527.0,1881.0,240.0,False,False,196347993.0
AC/DC,Rock N Roll Train,Black Ice,album,0.547,0.931,2.0,-2.356,0.0615,0.000998,0.0118,0.278,0.697,118.4,261507.0,AC/DC - Rock N Roll Train (Official Video),acdcVEVO,18237531.0,119749.0,2251.0,True,True,144143014.0
A.R. Rahman,Enna Sona,OK Jaanu (Original Motion Picture Soundtrack),album,0.717,0.416,7.0,-9.875,0.0303,0.635,1.43e-06,0.0976,0.381,100.026,213632.0,@A. R. Rahman - Enna Sona Video|OK Jaanu|Arijit Singh|Shraddha Kapoor|Aditya Roy,SonyMusicIndiaVEVO,77095861.0,622085.0,12320.0,True,True,91092219.0
A.R. Rahman,Rait Zara Si,Atrangi Re,album,0.563,0.495,2.0,-10.272,0.0362,0.781,0.0,0.0837,0.244,125.998,291462.0,"Atrangi Re: Rait Zara Si Full Video |@ARRahman|Akshay, Dhanush,Sara,Arijit, Shashaa | Bhushan K",T-Series,82721044.0,794372.0,11692.0,True,True,
A.R. Rahman,Param Sundari,Mimi (Original Motion Picture Soundtrack),album,0.815,0.761,4.0,-7.162,0.144,0.192,0.0,0.0272,0.82,121.999,200219.0,"Param Sundari -Official Video | Mimi | Kriti Sanon, Pankaj Tripathi | @ARRahman| Shreya |Amitabh",Sony Music India,435786754.0,4077182.0,159031.0,True,True,78684300.0
A.R. Rahman,Kun Faya Kun,Rockstar,album,0.362,0.378,1.0,-11.008,0.0329,0.679,0.0,0.091,0.575,87.549,470500.0,"Kun Faya Kun Full Video Song Rockstar | Ranbir Kapoor | A.R. Rahman, Javed Ali, Mohit Chauhan",T-Series,333829289.0,2718990.0,94883.0,True,True,73834235.0
A.R. Rahman,Jashn-E-Bahaaraa,Jodhaa Akbar (Original Motion Picture Soundtrack),album,0.7,0.343,2.0,-10.474,0.0308,0.767,0.0,0.0789,0.488,137.864,315173.0,Jashn-E-Bahaaraa - Jodhaa Akbar|@A. R. Rahman|Hrithik Roshan|Aishwarya Rai|Javed A,SonyMusicIndiaVEVO,17107007.0,322723.0,3748.0,True,True,64456952.0
A.R. Rahman,Raanjhanaa,Raanjhanaa (Original Motion Picture Soundtrack),album,0.673,0.714,9.0,-8.042,0.039,0.111,0.0,0.0858,0.78,112.941,254653.0,A.R. Rahman - Raanjhanaa Best Lyric Video|Sonam Kapoor|Dhanush|Jaswinder|Shiraz,SonyMusicIndiaVEVO,26504186.0,311358.0,3457.0,True,True,52826792.0
A.R. Rahman,Tere Bina,Guru (Original Motion Picture Soundtrack),album,0.744,0.7,2.0,-7.663,0.0375,0.278,0.000155,0.068,0.867,144.033,309640.0,A.R. Rahman - Tere Bina Best Video| Guru|Aishwarya Rai|Abhishek Bachchan|Chinmayi,SonyMusicIndiaVEVO,94808515.0,735586.0,13863.0,True,True,47727856.0
A.R. Rahman,Mallipoo,Vendhu Thanindhathu Kaadu (Original Motion Picture Soundtrack),single,0.715,0.654,2.0,-7.266,0.336,0.196,0.000117,0.0667,0.762,175.589,245366.0,Mallipoo Video Song | VTK | HDR | Silambarasan TR | Gautham Vasudev Menon |   @ARRahman | Vels,Think Music India,86199720.0,851792.0,11886.0,True,True,41725242.0
A.R. Rahman,Ennodu Nee Irundhaal,I (Original Motion Picture Soundtrack),album,0.261,0.603,0.0,-6.733,0.0367,0.558,0.0,0.184,0.207,158.125,352711.0,"I - Ennodu Nee Irundhaal Video | A. R. Rahman | Vikram, Amy Jackson | Shankar",SonyMusicSouthVEVO,65094477.0,417473.0,11032.0,True,True,37409758.0
A.R. Rahman,"Ponni Nadhi (From ""Ponniyin Selvan Part -1"") - Tamil","Ponni Nadhi (From ""Ponniyin Selvan Part -1"") [Original Motion Picture Soundtrack]",single,0.687,0.637,10.0,-9.55,0.13,0.12,0.0,0.291,0.56,152.0,290526.0,Ponni Nadhi - Full Video | Ponniyin Selvan 1 | Tamil | AR Rahman | Mani Ratnam | Karthi,Tips Tamil,16992074.0,127548.0,2513.0,True,True,33410129.0
50 Cent,In Da Club,Get Rich Or Die Tryin',album,0.902,0.72,6.0,-2.776,0.347,0.26,0.0,0.0749,0.805,90.059,193467.0,50 Cent - In Da Club (Official Music Video),50CentVEVO,1682616458.0,10481678.0,296745.0,True,True,1041736808.0
50 Cent,Candy Shop,The Massacre,album,0.614,0.574,11.0,-7.961,0.466,0.0253,3.2e-05,0.38,0.755,125.173,209107.0,50 Cent - Candy Shop (Official Music Video) ft. Olivia,50CentVEVO,838974650.0,5014527.0,113251.0,True,True,701248893.0
50 Cent,P.I.M.P.,Get Rich Or Die Tryin',album,0.7,0.758,10.0,-3.012,0.342,0.0444,1.3e-05,0.0401,0.889,78.693,249467.0,"50 Cent - P.I.M.P. (Snoop Dogg Remix) ft. Snoop Dogg, G-Unit",50CentVEVO,572659065.0,3334710.0,60552.0,True,True,541728561.0
50 Cent,21 Questions,Get Rich Or Die Tryin',album,0.576,0.807,6.0,-3.908,0.317,0.353,0.000363,0.0512,0.908,90.012,224427.0,50 Cent - 21 Questions (Official Music Video) ft. Nate Dogg,50CentVEVO,503248572.0,2759199.0,54805.0,True,True,446003044.0
50 Cent,Just A Lil Bit,The Massacre,album,0.489,0.692,1.0,-6.672,0.41,0.0322,0.00608,0.315,0.527,96.946,237707.0,50 Cent - Just A Lil Bit,50CentVEVO,476133463.0,2523312.0,42075.0,True,True,395155110.0
50 Cent,Many Men (Wish Death),Get Rich Or Die Tryin',album,0.653,0.826,6.0,-2.93,0.354,0.0153,0.00146,0.131,0.416,108.52,256227.0,50 Cent - Many Men (Wish Death) (Dirty Version),50CentVEVO,441155628.0,2765887.0,84117.0,True,True,332175400.0
50 Cent,If I Can't,Get Rich Or Die Tryin',album,0.892,0.631,11.0,-2.522,0.302,0.244,0.0,0.0235,0.838,93.975,196640.0,50 Cent - If I Can't (Official Music Video),Wu Sound,46096.0,612.0,14.0,False,False,210473579.0
50 Cent,Disco Inferno,The Massacre,album,0.925,0.659,3.0,-4.763,0.231,0.206,7.88e-05,0.279,0.71,97.018,214227.0,50 Cent - Disco Inferno (Official Music Video),50CentVEVO,39825951.0,382791.0,12038.0,True,True,202477187.0
50 Cent,Best Friend - Remix,Best Friend (Remix),single,0.545,0.64,10.0,-3.529,0.308,0.368,0.0,0.111,0.574,181.733,254493.0,50 Cent-Best Friend(Remix),Lightning,291023.0,5729.0,46.0,False,False,160037992.0
50 Cent,Is This Love ('09) (feat. 50 Cent),Curtain Call 2,album,0.853,0.776,8.0,-4.221,0.261,0.0714,0.0,0.181,0.659,94.028,212013.0,"Eminem, 50 Cent - Is This Love ('09) [Visualizer]",EminemVEVO,5289821.0,245935.0,9008.0,True,True,
21 Savage,Knife Talk (with 21 Savage ft. Project Pat),Certified Lover Boy,album,0.849,0.424,5.0,-9.579,0.324,0.0635,0.0,0.0834,0.153,145.887,242966.0,"Drake - Knife Talk (Official Video) ft. 21 Savage, Project Pat",DrakeVEVO,74244853.0,796542.0,26241.0,True,True,
21 Savage,Jimmy Cooks (feat. 21 Savage),"Honestly, Nevermind",album,0.529,0.673,0.0,-4.711,0.175,0.000307,2.41e-06,0.093,0.366,165.921,218365.0,Drake & 21 Savage - Jimmy Cooks,Drake,12454143.0,461647.0,14487.0,False,True,413205085.0
21 Savage,Rich Flex,Her Loss,album,0.561,0.52,11.0,-9.342,0.244,0.0503,1.86e-06,0.355,0.424,153.15,239360.0,"Drake ft. 21 Savage ""Rich Flex"" (Music Video)",RAPTRAX,3926832.0,54749.0,2569.0,False,False,311694937.0
21 Savage,Creepin' (with The Weeknd & 21 Savage),HEROES & VILLAINS,album,0.715,0.62,1.0,-6.005,0.0484,0.417,0.0,0.0822,0.172,97.95,221520.0,"Metro Boomin, The Weeknd, 21 Savage - Creepin' (Visualizer)",MetroBoominVEVO,17011354.0,325993.0,5530.0,True,True,279832635.0
21 Savage,Glock In My Lap,SAVAGE MODE II,album,0.847,0.733,10.0,-6.439,0.16,0.00574,1.04e-05,0.151,0.202,130.029,193591.0,21 Savage & Metro Boomin - Glock In My Lap (Official Music Video),21 Savage,24885008.0,487517.0,9641.0,False,True,182739405.0
21 Savage,Pussy & Millions (feat. Travis Scott),Her Loss,album,0.749,0.63,4.0,-6.652,0.116,0.0623,0.0,0.353,0.445,122.03,242027.0,21 Savage & Metro Boomin - Glock In My Lap (Official Music Video),21 Savage,24885008.0,487517.0,9641.0,False,True,119787835.0
21 Savage,Major Distribution,Her Loss,album,0.908,0.546,8.0,-10.491,0.323,0.0127,0.0,0.0707,0.225,131.016,170502.0,"Drake, 21 Savage - Major Distribution (Audio)",DrakeVEVO,7706203.0,102385.0,2065.0,True,True,107919519.0
21 Savage,On BS,Her Loss,album,0.841,0.358,9.0,-8.368,0.591,0.0201,0.0,0.39,0.329,158.014,261544.0,"21 Savage ft. Drake ""On BS"" (Music Video)",Rap Radio,213119.0,3427.0,120.0,False,False,100595022.0
21 Savage,Spin Bout U,Her Loss,album,0.773,0.701,7.0,-6.386,0.0512,0.01,0.0,0.163,0.203,129.963,214589.0,"Drake, 21 Savage ""Spin Bout U"" (Music Video)",RAPTRAX,1111996.0,8576.0,154.0,False,False,87618118.0
21 Savage,Niagara Falls (Foot or 2) [with Travis Scott & 21 Savage],HEROES & VILLAINS,album,0.671,0.658,2.0,-5.567,0.309,0.189,8.66e-05,0.147,0.257,87.933,207307.0,"Metro Boomin, Travis Scott, 21 Savage - Niagara Falls (Foot or 2) (Visualizer)",MetroBoominVEVO,5384334.0,96598.0,1286.0,True,True,81603704.0
